<?xml version="1.0" encoding="UTF-8"?><oai_dc:dc xmlns:oai_dc="http://www.openarchives.org/OAI/2.0/oai_dc/" xmlns:dc="http://purl.org/dc/elements/1.1/" xmlns:xsi="http://www.w3.org/2001/XMLSchema-instance" xsi:schemaLocation="http://www.openarchives.org/OAI/2.0/oai_dc/ http://www.openarchives.org/OAI/2.0/oai_dc.xsd">
  <dc:creator>García Gil, Leticia</dc:creator>
  <dc:creator>Martínez Quiñones, Félix</dc:creator>
  <dc:title>Fisioterapia de la fractura de la meseta tibial externa</dc:title>
  <dc:identifier>http://zaguan.unizar.es/record/10811</dc:identifier>
  <dc:subject>meseta tibial</dc:subject>
  <dc:publisher>Universidad de Zaragoza</dc:publisher>
  <dc:date>2013</dc:date>
  <dc:description>Las fracturas de la porción proximal de la tibia tiene varias clasificaciones, siendo la de Schatzker la más generalizada. La fractura tipo I es una fractura de meseta tibial lateral con menos de 4 mm de depresión o desplazamiento.</dc:description>
  <dc:format>pdf</dc:format>
  <dc:language>spa</dc:language>
  <dc:type>info:eu-repo/semantics/bachelorThesis</dc:type>
  <dc:rights>by-nc-sa</dc:rights>
  <dc:rights>http://creativecommons.org/licenses/by-nc-sa/3.0/</dc:rights>
</oai_dc:dc>