<?xml version="1.0" encoding="UTF-8"?><oai_dc:dc xmlns:oai_dc="http://www.openarchives.org/OAI/2.0/oai_dc/" xmlns:dc="http://purl.org/dc/elements/1.1/" xmlns:xsi="http://www.w3.org/2001/XMLSchema-instance" xsi:schemaLocation="http://www.openarchives.org/OAI/2.0/oai_dc/ http://www.openarchives.org/OAI/2.0/oai_dc.xsd">
  <dc:creator>Ramos Altisench, María</dc:creator>
  <dc:creator>Domínguez Oliván, Guillermo</dc:creator>
  <dc:creator>Fernández del Río, Elena</dc:creator>
  <dc:title>Estudio del impacto del consumo de cannabis en el ámbito familiar en Zaragoza</dc:title>
  <dc:identifier>http://zaguan.unizar.es/record/11113</dc:identifier>
  <dc:publisher>Universidad de Zaragoza</dc:publisher>
  <dc:date>2013</dc:date>
  <dc:description>El objetivo del presente trabajo es analizar el impacto del consumo de cannabis en el ambiente familiar, confrontando el supuesto deterioro que causa el consumo, en las relaciones entre padres e hijos. Se realizará una revisión bibliográfica y se llevarán a cabo encuestas con las familias. Se buscarán las respuestas que desde el Trabajo Social se podrían dar a esta problemática.</dc:description>
  <dc:format>pdf</dc:format>
  <dc:language>spa</dc:language>
  <dc:type>info:eu-repo/semantics/bachelorThesis</dc:type>
  <dc:rights>by-nc-sa</dc:rights>
  <dc:rights>http://creativecommons.org/licenses/by-nc-sa/3.0/</dc:rights>
</oai_dc:dc>