<?xml version="1.0" encoding="UTF-8"?><oai_dc:dc xmlns:oai_dc="http://www.openarchives.org/OAI/2.0/oai_dc/" xmlns:dc="http://purl.org/dc/elements/1.1/" xmlns:xsi="http://www.w3.org/2001/XMLSchema-instance" xsi:schemaLocation="http://www.openarchives.org/OAI/2.0/oai_dc/ http://www.openarchives.org/OAI/2.0/oai_dc.xsd">
  <dc:creator>Domínguez Sabaté, Sara</dc:creator>
  <dc:creator>Domínguez Oliván, María Pilar</dc:creator>
  <dc:title>Tratamiento del miembro superior parético mediante concepto Bobath</dc:title>
  <dc:identifier>http://zaguan.unizar.es/record/10675</dc:identifier>
  <dc:subject>miembro superior parético</dc:subject>
  <dc:subject>concepto Bobath</dc:subject>
  <dc:publisher>Universidad de Zaragoza</dc:publisher>
  <dc:date>2013</dc:date>
  <dc:description>El objetivo de este trabajo es valorar la modificación del tono y funcionalidad en una paciente con un miembro superior parético. Estudio de tipo intra–sujeto analizando el comportamiento de la variable dependiente (actividad del lado hemiparésico) mediante la intervención en la variable independiente (tipo de tratamiento: concepto Bobath).</dc:description>
  <dc:format>pdf</dc:format>
  <dc:language>spa</dc:language>
  <dc:type>info:eu-repo/semantics/bachelorThesis</dc:type>
  <dc:rights>by-nc-sa</dc:rights>
  <dc:rights>http://creativecommons.org/licenses/by-nc-sa/3.0/</dc:rights>
</oai_dc:dc>