<?xml version="1.0" encoding="UTF-8"?><oai_dc:dc xmlns:oai_dc="http://www.openarchives.org/OAI/2.0/oai_dc/" xmlns:dc="http://purl.org/dc/elements/1.1/" xmlns:xsi="http://www.w3.org/2001/XMLSchema-instance" xsi:schemaLocation="http://www.openarchives.org/OAI/2.0/oai_dc/ http://www.openarchives.org/OAI/2.0/oai_dc.xsd">
  <dc:creator>Prieto Duñabeitia, Ana Mª</dc:creator>
  <dc:creator>García Ruiz, Pablo</dc:creator>
  <dc:title>Políticas y medidas de conciliación de la vida laboral, familiar y personal en el sector de Banca</dc:title>
  <dc:identifier>http://zaguan.unizar.es/record/10986</dc:identifier>
  <dc:subject>conciliación de la vida familiar y laboral en el sector de banca</dc:subject>
  <dc:publisher>Universidad de Zaragoza</dc:publisher>
  <dc:date>2013</dc:date>
  <dc:description>En las últimas décadas la mujer se ha incorporado por completo al mundo laboral, abandonando su tradicional papel de cuidado del hogar y de los hijos. En las parejas,  los dos cónyuges deben compartir las obligaciones familiares y obtener ingresos para la unidad familiar. Los trabajadores, hombres y mujeres, se encuentran con largas jornadas laborales y horarios rígidos que dificultan su necesidad de armonizar el ámbito laboral y familiar, más aún si se trata de familias monoparentales. En este trabajo se analizan las políticas de recursos humanos de las grandes empresas del sector de la banca en relación con la conciliación de la vida privada, y especialmente de la vida familiar, y la vida laboral.  En primer lugar se estudia el marco jurídico en el que se recogen las políticas y medidas de conciliación: las leyes que existen en España, en Europa y el convenio colectivo de banca en vigor. A continuación, se analizan las medidas concretas que están aplicando las empresas,  aquellos acuerdos entre empresas y trabajadores que mejoran lo establecido por las leyes, para permitir que el desarrollo del empleado en su ámbito personal y social pueda ser más compatible con su vida laboral. Por último se trata de ver qué medidas son las más empleadas y apreciadas por los trabajadores, para, finalmente, determinar si se está respondiendo adecuadamente a las demandas sociales para fomentar la igualdad de oportunidades y el apoyo a la familia.</dc:description>
  <dc:format>pdf</dc:format>
  <dc:language>spa</dc:language>
  <dc:type>info:eu-repo/semantics/bachelorThesis</dc:type>
  <dc:rights>by-nc-sa</dc:rights>
  <dc:rights>http://creativecommons.org/licenses/by-nc-sa/3.0/</dc:rights>
</oai_dc:dc>