<?xml version="1.0" encoding="UTF-8"?><oai_dc:dc xmlns:oai_dc="http://www.openarchives.org/OAI/2.0/oai_dc/" xmlns:dc="http://purl.org/dc/elements/1.1/" xmlns:xsi="http://www.w3.org/2001/XMLSchema-instance" xsi:schemaLocation="http://www.openarchives.org/OAI/2.0/oai_dc/ http://www.openarchives.org/OAI/2.0/oai_dc.xsd">
  <dc:creator>Aranda Luque, Verónica</dc:creator>
  <dc:creator>Gil Pérez, José Jorge</dc:creator>
  <dc:creator>Roda Calvera, Víctor Manuel</dc:creator>
  <dc:title>Creación y puesta en marcha de un blog para la unidad de energía y trabajo, conservación de la energía(4º E.S.O.).</dc:title>
  <dc:identifier>http://zaguan.unizar.es/record/11110</dc:identifier>
  <dc:subject>blog de física y química</dc:subject>
  <dc:subject>energía y trabajo </dc:subject>
  <dc:subject>conservación de la energía</dc:subject>
  <dc:subject>4ºe.s.o.</dc:subject>
  <dc:publisher>Universidad de Zaragoza</dc:publisher>
  <dc:date>2013</dc:date>
  <dc:description>Se ha creado y se ha puesto en marcha un blog para alumnos de 4ºE.S.O., en más concreto para la asignatura de física y química (unidad didáctica de energía y trabajo, conservación de la energía). Este blog tiene como objetivo crear nuevas herramientas alternativas (potenciar el uso de las TICs) y novedosas de aprendizaje para los alumnos que apoyen el proceso de enseñanza-aprendizaje, aumentar la motivación de los alumnos a través del fomento de la participación, trabajar las competencias básicas de aprender a aprender y de autonomía e iniciativa personal y mejorar la gestión de la materia (mejorar el acceso a materiales complementarios de aprendizaje) y la tutorización de los alumnos (mejorar los medios de comunicación entre alumno-alumno y alumnos-profesor). Tras un mes de puesta en marcha se puede concluir que el blog fue bien acogido por los alumnos lo que se demuestra en la gran número de visitas al mismo y en los comentarios realizados por los alumnos. En general, los alumnos mostraron interés por seguir utilizándolo a lo largo del curso.</dc:description>
  <dc:format>pdf</dc:format>
  <dc:language>spa</dc:language>
  <dc:type>info:eu-repo/semantics/masterThesis</dc:type>
  <dc:rights>by-nc-sa</dc:rights>
  <dc:rights>http://creativecommons.org/licenses/by-nc-sa/3.0/</dc:rights>
</oai_dc:dc>