<?xml version="1.0" encoding="UTF-8"?><oai_dc:dc xmlns:oai_dc="http://www.openarchives.org/OAI/2.0/oai_dc/" xmlns:dc="http://purl.org/dc/elements/1.1/" xmlns:xsi="http://www.w3.org/2001/XMLSchema-instance" xsi:schemaLocation="http://www.openarchives.org/OAI/2.0/oai_dc/ http://www.openarchives.org/OAI/2.0/oai_dc.xsd">
  <dc:creator>Ribera Gil, Laura</dc:creator>
  <dc:creator>Lucha López, María Orosia</dc:creator>
  <dc:title>Tratamiento fisioterápico de la cefalea tensional. A propósito de un caso</dc:title>
  <dc:identifier>http://zaguan.unizar.es/record/10872</dc:identifier>
  <dc:publisher>Universidad de Zaragoza</dc:publisher>
  <dc:date>2013</dc:date>
  <dc:description>Se trata de una mujer de 36 años que sufre un traumatismo cráneocervical en posición de extensión forzada. En vistas a la periodicidad, forma clínica y sintomatología se diagnostica como una cefalea secundaria de tipo tensional atribuida al traumatismo, pero sin afectación psicosocial. Ésta se caracteriza por dolor opresivo no pulsátil de intensidad leve a moderada y localización bilateral. Al cuadro clínico se añade el déficit de movimiento en la región cervicotorácica y el dolor y espasmo de la musculatura funcionalmente relacionada con éstas articulaciones. La paciente sujeto de este estudio es tratada en fisioterapia durante trece sesiones, en días continuos de lunes a viernes, con técnicas musculares, articulares y T.E.N.S. encaminadas tanto al control de los síntomas como al tratamiento de la disfunción. La respuesta favorable al tratamiento, así como la implicación activa de la paciente en el autotratamiento permitieron que al finalizar las sesiones pudiera reincorporarse a su puesto de trabajo.</dc:description>
  <dc:format>pdf</dc:format>
  <dc:language>spa</dc:language>
  <dc:type>info:eu-repo/semantics/bachelorThesis</dc:type>
  <dc:rights>by-nc-sa</dc:rights>
  <dc:rights>http://creativecommons.org/licenses/by-nc-sa/3.0/</dc:rights>
</oai_dc:dc>