<?xml version="1.0" encoding="UTF-8"?><oai_dc:dc xmlns:oai_dc="http://www.openarchives.org/OAI/2.0/oai_dc/" xmlns:dc="http://purl.org/dc/elements/1.1/" xmlns:xsi="http://www.w3.org/2001/XMLSchema-instance" xsi:schemaLocation="http://www.openarchives.org/OAI/2.0/oai_dc/ http://www.openarchives.org/OAI/2.0/oai_dc.xsd">
  <dc:creator>Puertollano Ventura, David</dc:creator>
  <dc:creator>Abad Blasco, Javier Óscar</dc:creator>
  <dc:title>Diseño de un mecanismo recuperador de energía cinética para la bicicleta y cálculo aproximado de sus parámetros</dc:title>
  <dc:identifier>http://zaguan.unizar.es/record/10332</dc:identifier>
  <dc:subject>bicicleta</dc:subject>
  <dc:subject>energía</dc:subject>
  <dc:subject>recuperar</dc:subject>
  <dc:subject>recuperador</dc:subject>
  <dc:subject>cinética</dc:subject>
  <dc:subject>sistema</dc:subject>
  <dc:publisher>Universidad de Zaragoza</dc:publisher>
  <dc:date>2013</dc:date>
  <dc:description>¿Por qué dejar que la energía cinética se transforme puramente en calor en una frenada, siendo que podríamos aprovecharla para impulsarnos al arrancar de nuevo?.</dc:description>
  <dc:format>pdf</dc:format>
  <dc:language>spa</dc:language>
  <dc:type>info:eu-repo/semantics/masterThesis</dc:type>
  <dc:rights>by-nc-sa</dc:rights>
  <dc:rights>http://creativecommons.org/licenses/by-nc-sa/3.0/</dc:rights>
</oai_dc:dc>