<?xml version="1.0" encoding="UTF-8"?><oai_dc:dc xmlns:oai_dc="http://www.openarchives.org/OAI/2.0/oai_dc/" xmlns:dc="http://purl.org/dc/elements/1.1/" xmlns:xsi="http://www.w3.org/2001/XMLSchema-instance" xsi:schemaLocation="http://www.openarchives.org/OAI/2.0/oai_dc/ http://www.openarchives.org/OAI/2.0/oai_dc.xsd">
  <dc:creator>Gómez Martín, Cristina</dc:creator>
  <dc:creator>Julián Soriano, Vanessa</dc:creator>
  <dc:creator>Sanz Sánchez, Nuria</dc:creator>
  <dc:creator>Marco Fabre, Miguel</dc:creator>
  <dc:title>Las personas sin hogar en Zaragoza. Análisis de los recursos sociales</dc:title>
  <dc:identifier>http://zaguan.unizar.es/record/10979</dc:identifier>
  <dc:subject>exclusión social</dc:subject>
  <dc:subject>personas sin hogar</dc:subject>
  <dc:subject>pobreza</dc:subject>
  <dc:subject>recursos sociales</dc:subject>
  <dc:subject>sinhogarismo</dc:subject>
  <dc:publisher>Universidad de Zaragoza</dc:publisher>
  <dc:date>2013</dc:date>
  <dc:description>El trabajo fin de grado consiste en el análisis de la población de las personas sin hogar de la ciudad de Zaragoza, así como de los recursos sociales existentes destinados a esta población, tratando de determinar la situación de los mismos, su suficiencia y su adecuación a las características de esta población.</dc:description>
  <dc:format>pdf</dc:format>
  <dc:language>spa</dc:language>
  <dc:type>info:eu-repo/semantics/bachelorThesis</dc:type>
  <dc:rights>by-nc-sa</dc:rights>
  <dc:rights>http://creativecommons.org/licenses/by-nc-sa/3.0/</dc:rights>
</oai_dc:dc>