<?xml version="1.0" encoding="UTF-8"?><oai_dc:dc xmlns:oai_dc="http://www.openarchives.org/OAI/2.0/oai_dc/" xmlns:dc="http://purl.org/dc/elements/1.1/" xmlns:xsi="http://www.w3.org/2001/XMLSchema-instance" xsi:schemaLocation="http://www.openarchives.org/OAI/2.0/oai_dc/ http://www.openarchives.org/OAI/2.0/oai_dc.xsd">
  <dc:creator>Cabanés Crespo, Raquel</dc:creator>
  <dc:creator>Pérez Trullén, José María</dc:creator>
  <dc:title>Intervención desde terapia ocupacional en un paciente con enfermedad de Parkinson</dc:title>
  <dc:identifier>http://zaguan.unizar.es/record/10870</dc:identifier>
  <dc:subject>enfermedad de Parkinson</dc:subject>
  <dc:subject>terapia ocupacional</dc:subject>
  <dc:subject>rehabilitación cognoscitiva</dc:subject>
  <dc:publisher>Universidad de Zaragoza</dc:publisher>
  <dc:date>2013</dc:date>
  <dc:description>La enfermedad de Parkinson (EP) es una patología neurodegenerativa progresiva que se caracteriza por una alteración dopaminérgica. La EP afecta alrededor del 1% de las personas de más de 60 años y tan solo a un 10% de los adultos menores de 40 años. La prevalencia global es de 200-360 casos cada 100000 habitantes con una incidencia de 10-20 nuevos casos por 100000 habitantes/año. Esta enfermedad se caracteriza por la presencia de signos clínicos que presentan un inicio y un curso desigual como: bradicinesia, temblor en reposo, rigidez y alteración en los reflejos posturales. El objetivo general del presente trabajo fue conocer la relación existente entre la mejora del deterioro cognoscitivo y la mejora en la funcionalidad de las actividades instrumentales de la vida diaria (AIVD) en un usuario con EP. Este trabajo se realizó a través de un Plan de Actuación Individual dividido en tres fases: evaluación inicial, intervención, análisis de los resultados. Durante la evaluación inicial el paciente fue evaluado a través de diversas escalas, cuyos resultados nos ayudaron a identificar las áreas cognoscitivas y ocupacionales afectadas, para plantear la intervención desde terapia ocupacional. Los resultados del trabajo muestran la mejoría de áreas cognoscitivas y el mantenimiento de otras, influenciando en la mejoría de las AIVD que el paciente tenía afectadas demostrando así la eficacia de la terapia ocupacional en la intervención en un caso de EP.</dc:description>
  <dc:format>pdf</dc:format>
  <dc:language>spa</dc:language>
  <dc:type>info:eu-repo/semantics/bachelorThesis</dc:type>
  <dc:rights>by-nc-sa</dc:rights>
  <dc:rights>http://creativecommons.org/licenses/by-nc-sa/3.0/</dc:rights>
</oai_dc:dc>