<?xml version="1.0" encoding="UTF-8"?><oai_dc:dc xmlns:oai_dc="http://www.openarchives.org/OAI/2.0/oai_dc/" xmlns:dc="http://purl.org/dc/elements/1.1/" xmlns:xsi="http://www.w3.org/2001/XMLSchema-instance" xsi:schemaLocation="http://www.openarchives.org/OAI/2.0/oai_dc/ http://www.openarchives.org/OAI/2.0/oai_dc.xsd">
  <dc:creator>Garralaga Marquesan, Víctor</dc:creator>
  <dc:creator>Llera Sastresa, Eva María</dc:creator>
  <dc:title>Estudio técnico y económico de alternativas en el uso de la energía geotérmica y solar térmica de baja temperatura como climatización y A.C.S. en una vivienda</dc:title>
  <dc:identifier>http://zaguan.unizar.es/record/10557</dc:identifier>
  <dc:subject>energía geotérmica</dc:subject>
  <dc:subject>energía solar térmica</dc:subject>
  <dc:subject>climatización</dc:subject>
  <dc:subject>estudio económico</dc:subject>
  <dc:publisher>Universidad de Zaragoza</dc:publisher>
  <dc:date>2013</dc:date>
  <dc:description>El presente proyecto tiene como finalidad el estudio técnico y económico de lo que supone la instalación de la energía geotérmica o energía solar de baja temperatura en una vivienda como medio para satisfacer las necesidades energéticas que ésta presenta. Se ha comenzado describiendo las características más importantes del edificio y definiendo los cerramientos que componen la envolvente térmica de éste, para más tarde calcular las demandas de calefacción, regrigeración y A.C.S. Para ello se ha efectuado el cálculo de cargas térmicas considerando las condiciones más desfavorables. Una vez conocida la demanda térmica del edificio se han estudiado las distintas alternativas renovables propuestas, tanto en lo referido a la instalación como a sus correspondientes equipos. Tanto los equipos elegidos como las redes diseñadas cumplen con las distintas especificaciones técnicas impuestas por el Reglamento de Instalaciones Térmicas de los Edificios (RITE) y por otros reglamentos aplicables. Para finalizar se ha realizado un estudio económico y medioambiental para dilucidar cual de las dos alternativas propuestas resulta más atractiva económicamente hablando.</dc:description>
  <dc:format>pdf</dc:format>
  <dc:language>spa</dc:language>
  <dc:type>info:eu-repo/semantics/masterThesis</dc:type>
  <dc:rights>by-nc-sa</dc:rights>
  <dc:rights>http://creativecommons.org/licenses/by-nc-sa/3.0/</dc:rights>
</oai_dc:dc>