<?xml version="1.0" encoding="UTF-8"?><oai_dc:dc xmlns:oai_dc="http://www.openarchives.org/OAI/2.0/oai_dc/" xmlns:dc="http://purl.org/dc/elements/1.1/" xmlns:xsi="http://www.w3.org/2001/XMLSchema-instance" xsi:schemaLocation="http://www.openarchives.org/OAI/2.0/oai_dc/ http://www.openarchives.org/OAI/2.0/oai_dc.xsd">
  <dc:creator>Villagrasa Alloza, Marta</dc:creator>
  <dc:creator>Samaniego Díaz de Corcuera, María Esther</dc:creator>
  <dc:title>Plan de cuidados para adultos diagnosticados de depresión mayor y con la etiqueta NANDA ansiedad</dc:title>
  <dc:identifier>http://zaguan.unizar.es/record/10752</dc:identifier>
  <dc:publisher>Universidad de Zaragoza</dc:publisher>
  <dc:date>2013</dc:date>
  <dc:description>En los últimos años, la depresión mayor en adultos se ha situado como uno de los trastornos psicológicos más prevalentes en la población. En Europa la prevalencia estimada es del 6,1% y en España, según el estudio ESEMeD, es del 10,6%. Otra preocupación asociada al trastorno depresivo es su alta comorbilidad con otros problemas psicológicos como la ansiedad, cuya asociación se produce en el 41,7% de los casos. A pesar de la evidencia científica y las recomendaciones realizadas por importantes informes fundamentados empíricamente como el del National Institute for Health and Clinical Excellence, los tratamientos farmacológicos siguen siendo la terapia de elección. Por lo que el propósito del estudio era exponer técnicas alternativas en el tratamiento de estos trastornos a través de un plan de cuidados estandarizado. Para ello, se realizó una búsqueda bibliográfica sobre la depresión, la ansiedad y sus elecciones terapéuticas en diferentes bases de datos y revistas especializadas. Posteriormente se utilizó la taxonomía NANDA, NIC, NOC para la realización del  plan de cuidados. Tras la finalización del estudio, se concluyó que son necesarias intervenciones alternativas al tratamiento farmacológico que mejoren la calidad de vida de estos pacientes, y que, la realización de planes de cuidados para ello disminuye la variabilidad asistencial y dota de contenido científico la profesión de enfermería.</dc:description>
  <dc:format>pdf</dc:format>
  <dc:language>spa</dc:language>
  <dc:type>info:eu-repo/semantics/bachelorThesis</dc:type>
  <dc:rights>by-nc-sa</dc:rights>
  <dc:rights>http://creativecommons.org/licenses/by-nc-sa/3.0/</dc:rights>
</oai_dc:dc>