<?xml version="1.0" encoding="UTF-8"?><oai_dc:dc xmlns:oai_dc="http://www.openarchives.org/OAI/2.0/oai_dc/" xmlns:dc="http://purl.org/dc/elements/1.1/" xmlns:xsi="http://www.w3.org/2001/XMLSchema-instance" xsi:schemaLocation="http://www.openarchives.org/OAI/2.0/oai_dc/ http://www.openarchives.org/OAI/2.0/oai_dc.xsd">
  <dc:creator>Quiñones Fernández, Aralia</dc:creator>
  <dc:creator>Ruidiaz Peña, Mercedes</dc:creator>
  <dc:title>Programa de implantación de los mecanismos de reducción del dolor en prematuros, orientado a los padres</dc:title>
  <dc:identifier>http://zaguan.unizar.es/record/10942</dc:identifier>
  <dc:subject>prematuro</dc:subject>
  <dc:subject>dolor</dc:subject>
  <dc:publisher>Universidad de Zaragoza</dc:publisher>
  <dc:date>2013</dc:date>
  <dc:description>El neonato desde su nacimiento recibe diversos estímulos dolorosos que provocan alteraciones multisistémicas y psicológicas. Los efectos son especialmente significativos en los recién nacidos prematuros ya que su desarrollo neurológico es aún inmaduro. Los mecanismos de reducción de dolor o la denominada analgesia no farmacológica son una serie de medidas profilácticas y complementarias que tiene como objetivo la reducción del dolor, disminuir el grado de estrés y aumentar el bienestar del bebe. La integración de medidas de confort al cuidado rutinario del paciente es una parte importante del trabajo de enfermería. La prevención y tratamiento del dolor debería considerarse como un derecho humano esencial de los recién nacidos. Instruir a los padres en aprender a reconocer y tratar correctamente el dolor,  evitando todo aquello que produzca excesiva manipulación, aumentando en lo posible las maniobras de confort, conteniendo y arropando al recién nacido pretérmino, fomentando la lactancia materna y utilizando el método madre canguro, conlleva a una reducción significativa del dolor que le ocasionamos a los prematuros ingresados y contribuye con ello a evitar posibles lesiones en el futuro.</dc:description>
  <dc:format>pdf</dc:format>
  <dc:language>spa</dc:language>
  <dc:type>info:eu-repo/semantics/bachelorThesis</dc:type>
  <dc:rights>by-nc-sa</dc:rights>
  <dc:rights>http://creativecommons.org/licenses/by-nc-sa/3.0/</dc:rights>
</oai_dc:dc>