<?xml version="1.0" encoding="UTF-8"?><oai_dc:dc xmlns:oai_dc="http://www.openarchives.org/OAI/2.0/oai_dc/" xmlns:dc="http://purl.org/dc/elements/1.1/" xmlns:xsi="http://www.w3.org/2001/XMLSchema-instance" xsi:schemaLocation="http://www.openarchives.org/OAI/2.0/oai_dc/ http://www.openarchives.org/OAI/2.0/oai_dc.xsd">
  <dc:creator>Baselga Labarta, Rafael</dc:creator>
  <dc:creator>Camacho Ballano, María Ángeles</dc:creator>
  <dc:title>Burnout en profesionales de enfermería que trabajan en residencias geriátricas de Teruel</dc:title>
  <dc:identifier>http://zaguan.unizar.es/record/10587</dc:identifier>
  <dc:subject>cuidados geriátricos</dc:subject>
  <dc:subject>enfermero</dc:subject>
  <dc:subject>auxiliar de enfermería</dc:subject>
  <dc:subject>síndrome del Burnout</dc:subject>
  <dc:publisher>Universidad de Zaragoza</dc:publisher>
  <dc:date>2013</dc:date>
  <dc:description>Introducción: El Síndrome del Burnout es un trastorno de incidencia creciente asociado al estrés crónico que experimentan aquellos profesionales que desempeñan su labor a través de la interacción con personas, como es el caso del personal sanitario, y que repercute negativamente en la salud del individuo así como en su rendimiento profesional. Objetivos: Conocer el grado de Burnout de enfermeras y auxiliares de enfermería de la Residencia Javalambre y la Residencia Turia de Teruel. Materiales y métodos: La muestra está formada por 140 profesionales de los centros mencionados que respondieron a un cuestionario de características demográficas y al cuestionario Maslach Burnout Inventory (MBI), que mide el grado de Burnout. Resultados: Un porcentaje significativo de los sujetos del estudio mostró un elevado índice de Burnout. El grupo de auxiliares obtuvo un mayor índice de desgaste emocional y despersonalización que el personal de enfermería, sin diferencias significativas en base al rango de edad, sexo o años de antigüedad en el puesto y en el servicio. Conclusiones: El personal dedicado al cuidado geriátrico en las Residencias Javalambre y Turia, referido a los enfermeros y auxiliares de enfermería, es un grupo de riesgo altamente susceptible de desarrollar el Síndrome de Burnout.  Abstract  Introduction: Burnout syndrome is a disorder associated with increased incidence chronic stress experienced by professionals who perform their work through interaction with people, such as medical personnel, and which adversely affects them and their professional performance. 3 Objectives: To determine the degree of burnout of nurses and nursing assistants Residents in Javalambre and Turia in Teruel. Materials and Methods: The sample consisted of 140 professional from the organizations referred to that answered a questionnaire on demographic characteristics and the Maslach Burnout Inventory (MBI), which measures the degree of burnout. Results: A significant percentage of study subjects showed a high rate of burnout. The auxiliary group had a higher rate of emotional exhaustion and depersonalization than nurses, there were no significant differences based on age range, gender or years of seniority in the profession and in the service. Conclusions: The care staff in geriatric residences Javalambre and Turia, referring to nurses and nursing assistants, is a group of highly susceptible risk of developing burnout syndrome.</dc:description>
  <dc:format>pdf</dc:format>
  <dc:language>spa</dc:language>
  <dc:type>info:eu-repo/semantics/bachelorThesis</dc:type>
  <dc:rights>by-nc-sa</dc:rights>
  <dc:rights>http://creativecommons.org/licenses/by-nc-sa/3.0/</dc:rights>
</oai_dc:dc>