<?xml version="1.0" encoding="UTF-8"?><oai_dc:dc xmlns:oai_dc="http://www.openarchives.org/OAI/2.0/oai_dc/" xmlns:dc="http://purl.org/dc/elements/1.1/" xmlns:xsi="http://www.w3.org/2001/XMLSchema-instance" xsi:schemaLocation="http://www.openarchives.org/OAI/2.0/oai_dc/ http://www.openarchives.org/OAI/2.0/oai_dc.xsd">
  <dc:creator>Pemán Frago, Rosa María</dc:creator>
  <dc:creator>Sánchez Calavera, María Antonia</dc:creator>
  <dc:title>Estrategias en el diseño de una Escuela de Espalda basadas en la gestión clínica</dc:title>
  <dc:identifier>http://zaguan.unizar.es/record/10706</dc:identifier>
  <dc:subject>escuela de espalda</dc:subject>
  <dc:subject>herramientas gestión clínica</dc:subject>
  <dc:subject>lumbalgia inespecífica</dc:subject>
  <dc:subject>diseño</dc:subject>
  <dc:publisher>Universidad de Zaragoza</dc:publisher>
  <dc:date>2013</dc:date>
  <dc:description>La revisión bibliográfica confirma la evidencia de que la lumbalgia es una patología con gran incidencia, prevalencia e importantes repercusiones a nivel social, laboral y económico, así como la efectividad de las Escuelas de espalda. Partiendo de dichas evidencias se propone la descripción de las fases en el diseño de una Escuela de espalda orientada a la lumbalgia inespecífica  utilizando las herramientas que proporciona la gestión clínica.</dc:description>
  <dc:format>pdf</dc:format>
  <dc:language>spa</dc:language>
  <dc:type>info:eu-repo/semantics/bachelorThesis</dc:type>
  <dc:rights>by-nc-sa</dc:rights>
  <dc:rights>http://creativecommons.org/licenses/by-nc-sa/3.0/</dc:rights>
</oai_dc:dc>