<?xml version="1.0" encoding="UTF-8"?><oai_dc:dc xmlns:oai_dc="http://www.openarchives.org/OAI/2.0/oai_dc/" xmlns:dc="http://purl.org/dc/elements/1.1/" xmlns:xsi="http://www.w3.org/2001/XMLSchema-instance" xsi:schemaLocation="http://www.openarchives.org/OAI/2.0/oai_dc/ http://www.openarchives.org/OAI/2.0/oai_dc.xsd">
  <dc:creator>Puyo Marco, Yolanda</dc:creator>
  <dc:creator>Falcón Albero, María Ascensión</dc:creator>
  <dc:title>Educación en el autosondaje al paciente lesionado medular con vejiga neurógena para la prevención de infecciones urinarias</dc:title>
  <dc:identifier>http://zaguan.unizar.es/record/10730</dc:identifier>
  <dc:subject>lesión medular</dc:subject>
  <dc:subject>vejiga neurógena</dc:subject>
  <dc:subject>autosondaje</dc:subject>
  <dc:subject>hiperactividad vesical</dc:subject>
  <dc:subject>spinal cord injuries</dc:subject>
  <dc:subject>neurogenic bladder dysfunction</dc:subject>
  <dc:publisher>Universidad de Zaragoza</dc:publisher>
  <dc:date>2013</dc:date>
  <dc:description>Introducción: La lesión medular es un síndrome neurológico que ocasiona una de las discapacidades más graves. En España se producen anualmente entre 800 y 1000 nuevas lesiones. Las complicaciones urológicas son la segunda causa de muerte del lesionado medular y la más frecuente de reingreso. La mayoría de ellas derivan de la vejiga neurógena. El sondaje intermitente es la técnica más aceptada como método de drenaje vesical completo. Nuestra labor es intervenir, mediante los cuidados enfermeros, considerando la reeducación vesical como parte fundamental de la rehabilitación integral. Objetivos: Mejorar la calidad de los cuidados del paciente con vejiga neurógena y evitar sus complicaciones, diseñando un Programa de educación para la salud basado en la técnica del autosondaje. Metodología: Revisión bibliográfica a través de bases de datos, páginas web y libros para el posterior diseño de un Programa de Educación para la Salud.  Desarrollo: Se ha creado un Programa de educación para la salud cuyo objetivo es educar al lesionado medular en la técnica del autosondaje fomentando su independencia y previniendo complicaciones. El programa va dirigido a pacientes parapléjicos. Consiste en siete sesiones repartidas a lo largo de dos meses que llevarán a cabo enfermeros de Unidades de Lesionados Medulares. Conclusiones: La frecuencia y morbilidad de las complicaciones urológicas en pacientes que padecen vejiga neurógena, hacen necesaria la implantación de un Programa de educación individualizado y adaptado a sus necesidades.</dc:description>
  <dc:format>pdf</dc:format>
  <dc:language>spa</dc:language>
  <dc:type>info:eu-repo/semantics/bachelorThesis</dc:type>
  <dc:rights>by-nc-sa</dc:rights>
  <dc:rights>http://creativecommons.org/licenses/by-nc-sa/3.0/</dc:rights>
</oai_dc:dc>