<?xml version="1.0" encoding="UTF-8"?><oai_dc:dc xmlns:oai_dc="http://www.openarchives.org/OAI/2.0/oai_dc/" xmlns:dc="http://purl.org/dc/elements/1.1/" xmlns:xsi="http://www.w3.org/2001/XMLSchema-instance" xsi:schemaLocation="http://www.openarchives.org/OAI/2.0/oai_dc/ http://www.openarchives.org/OAI/2.0/oai_dc.xsd">
  <dc:creator>Pueyo Bergua, María Elena</dc:creator>
  <dc:creator>Pérez Soler, Pedro</dc:creator>
  <dc:title>Enfermería en el manejo de los cuidados invisibles: el campo de energía humano</dc:title>
  <dc:identifier>http://zaguan.unizar.es/record/10461</dc:identifier>
  <dc:subject>enseñanzas oficiales de grado en enfermería</dc:subject>
  <dc:subject>terapias complementarias y alternativas</dc:subject>
  <dc:subject>terapias energéticas</dc:subject>
  <dc:subject>campo de energía humano</dc:subject>
  <dc:subject>tacto terapéutico</dc:subject>
  <dc:publisher>Universidad de Zaragoza</dc:publisher>
  <dc:date>2013</dc:date>
  <dc:description>La seguridad de los estudiantes de enfermería, ante el acceso al mercado laboral, reside en un cuerpo de conocimientos actualizados y ponderados en la realidad de la profesión. Las generaciones de graduados están preparadas  para abordar nuevos retos gracias a la inclusión de asignaturas como Metodología de la investigación. Sin embargo, no todos los avances registrados a nivel mundial han sido contemplados en las enseñanzas oficiales de Grado, por ejemplo, la ciencia que avalaría el diagnóstico Perturbación del campo de energía y su intervención relacionada, Contacto terapéutico. Una mirada al contexto mundial nos sirve para encontrar referencias de la incorporación de estos conceptos, no sólo a la base teórica, sino también a la práctica profesional de enfermería, de acuerdo con la revolución social planteada respecto a las terapias complementarias y alternativas. Entre éstas, encontramos las terapias energéticas que se definen por su acción con el campo de energía humano. El trabajo argumenta, desde la física cuántica, este concepto del campo energético aportando una base científica para el diagnóstico enunciado. Así mismo, explica cómo se puede trabajar con él en relación a la salud y la enfermedad, mediante la terapia energética que lleva a cabo la intervención mencionada, Tacto terapéutico. Junto con la evidencia científica más actualizada de esta técnica, la enfermería es capaz de proporcionar cuidados holísticos, acorde con la evolución del ser humano y los cambios socioculturales. Por esta razón, corresponde a las enseñanzas oficiales de Grado en Enfermería contemplar estos cuidados en su formación curricular.</dc:description>
  <dc:format>pdf</dc:format>
  <dc:language>spa</dc:language>
  <dc:type>info:eu-repo/semantics/bachelorThesis</dc:type>
  <dc:rights>by-nc-sa</dc:rights>
  <dc:rights>http://creativecommons.org/licenses/by-nc-sa/3.0/</dc:rights>
</oai_dc:dc>