<?xml version="1.0" encoding="UTF-8"?><oai_dc:dc xmlns:oai_dc="http://www.openarchives.org/OAI/2.0/oai_dc/" xmlns:dc="http://purl.org/dc/elements/1.1/" xmlns:xsi="http://www.w3.org/2001/XMLSchema-instance" xsi:schemaLocation="http://www.openarchives.org/OAI/2.0/oai_dc/ http://www.openarchives.org/OAI/2.0/oai_dc.xsd">
  <dc:creator>Establés Beitia, Ricardo Omar</dc:creator>
  <dc:creator>López Forniés, Ignacio</dc:creator>
  <dc:title>Medidor de par para la muñeca</dc:title>
  <dc:identifier>http://zaguan.unizar.es/record/10560</dc:identifier>
  <dc:subject>medidor</dc:subject>
  <dc:subject>medición</dc:subject>
  <dc:subject>par</dc:subject>
  <dc:subject>muñeca</dc:subject>
  <dc:subject>teckscan</dc:subject>
  <dc:publisher>Universidad de Zaragoza</dc:publisher>
  <dc:date>2013</dc:date>
  <dc:description>El proyecto consiste en el diseño de un producto electrónico totalmente nuevo e innovador para la medición de esfuerzos de par en el cuerpo humano, capaz de integrar y aprovechar las posibilidades que ofrece la tecnología existente, obteniendo su máximo rendimiento en el entorno de uso y de modo que tenga un carácter definido que permita al usuario reconocerlo y utilizarlo del mejor modo posible. El objetivo principal del proyecto es la generación y desarrollo de un producto no existente en el mercado. Este debe ser un aparato electromecánico capaz de realizar mediciones precisas del par generado por las articulaciones. Como punto de partida centraremos el diseño en un aparato para la  muñeca y sus tres movimientos.</dc:description>
  <dc:format>pdf</dc:format>
  <dc:language>spa</dc:language>
  <dc:type>info:eu-repo/semantics/masterThesis</dc:type>
  <dc:rights>by-nc-sa</dc:rights>
  <dc:rights>http://creativecommons.org/licenses/by-nc-sa/3.0/</dc:rights>
</oai_dc:dc>