<?xml version="1.0" encoding="UTF-8"?><oai_dc:dc xmlns:oai_dc="http://www.openarchives.org/OAI/2.0/oai_dc/" xmlns:dc="http://purl.org/dc/elements/1.1/" xmlns:xsi="http://www.w3.org/2001/XMLSchema-instance" xsi:schemaLocation="http://www.openarchives.org/OAI/2.0/oai_dc/ http://www.openarchives.org/OAI/2.0/oai_dc.xsd">
  <dc:creator>Pardo Labena, Almudena</dc:creator>
  <dc:creator>González Labrada, Manuel</dc:creator>
  <dc:title>Evaluación inicial de riesgos en empresa de nueva implantación</dc:title>
  <dc:identifier>http://zaguan.unizar.es/record/10064</dc:identifier>
  <dc:publisher>Universidad de Zaragoza</dc:publisher>
  <dc:date>2013</dc:date>
  <dc:description>Evaluación inicial de riesgos en empresa de nueva implantación: Evaluación del centro de trabajo, máquina torno y puesto de trabajo del tornero en empresa de recubrimiento de rodillos.</dc:description>
  <dc:format>pdf</dc:format>
  <dc:language>spa</dc:language>
  <dc:type>info:eu-repo/semantics/masterThesis</dc:type>
  <dc:rights>by-nc-sa</dc:rights>
  <dc:rights>http://creativecommons.org/licenses/by-nc-sa/3.0/</dc:rights>
</oai_dc:dc>