<?xml version="1.0" encoding="UTF-8"?><oai_dc:dc xmlns:oai_dc="http://www.openarchives.org/OAI/2.0/oai_dc/" xmlns:dc="http://purl.org/dc/elements/1.1/" xmlns:xsi="http://www.w3.org/2001/XMLSchema-instance" xsi:schemaLocation="http://www.openarchives.org/OAI/2.0/oai_dc/ http://www.openarchives.org/OAI/2.0/oai_dc.xsd">
  <dc:creator>Pedro Dobato, Esther</dc:creator>
  <dc:creator>González de la Cuesta, Delia María</dc:creator>
  <dc:title>Programa de salud para la prevención del ictus en atención primaria</dc:title>
  <dc:identifier>http://zaguan.unizar.es/record/10765</dc:identifier>
  <dc:subject>prevención ictus</dc:subject>
  <dc:publisher>Universidad de Zaragoza</dc:publisher>
  <dc:date>2013</dc:date>
  <dc:description>Introducción: El ictus representa una de las primeras causas de mortalidad en los países desarrollados y la primera causa de discapacidad física en adultos. Con una población cada vez más envejecida la incidencia del ictus va a ir en aumento, para evitarlo podemos concienciar a las personas con factores de riesgo vascular de que es posible disminuir el riesgo de sufrir algún accidente cerebrovascular simplemente modificando su estilo de vida por uno más saludable. Objetivos: Presentar un programa de educación sanitaria para la prevención del ictus en personas con factores de riesgo vascular en atención primaria. Llevando a cabo cambios en los estilos de vida para reducir su frecuencia y para reducir también la necesidad de empezar a tomar un tratamiento farmacológico. Metodología: Revisión bibliográfica y Programa de educación para la salud. Este programa consiste en varias sesiones: 1) una consulta individualizada con la enfermera, 2) tres sesiones en grupo que consisten en una charla informativa y dos sesiones prácticas realizando ejercicio físico suave y técnicas de relajación en el parque o polideportivo más cercano.  Conclusiones: Aquellos pacientes, con factores de riesgo vascular que reciban el programa de educación para la salud sobre la prevención del ictus y que adopten los debidos cambios en su estilo de vida por uno más saludable, van a tener menos  probabilidad de sufrir un evento cerebrovascular que aquellos pacientes con los mismos factores de riesgo y que no reciban este programa de educación para la salud.</dc:description>
  <dc:format>pdf</dc:format>
  <dc:language>spa</dc:language>
  <dc:type>info:eu-repo/semantics/bachelorThesis</dc:type>
  <dc:rights>by-nc-sa</dc:rights>
  <dc:rights>http://creativecommons.org/licenses/by-nc-sa/3.0/</dc:rights>
</oai_dc:dc>