<?xml version="1.0" encoding="UTF-8"?><oai_dc:dc xmlns:oai_dc="http://www.openarchives.org/OAI/2.0/oai_dc/" xmlns:dc="http://purl.org/dc/elements/1.1/" xmlns:xsi="http://www.w3.org/2001/XMLSchema-instance" xsi:schemaLocation="http://www.openarchives.org/OAI/2.0/oai_dc/ http://www.openarchives.org/OAI/2.0/oai_dc.xsd">
  <dc:creator>Luna Tolosa, Elena</dc:creator>
  <dc:creator>Aguirre Alonso, Begoña</dc:creator>
  <dc:title>Plan de cuidados al paciente con bronquiolitis</dc:title>
  <dc:identifier>http://zaguan.unizar.es/record/10613</dc:identifier>
  <dc:subject>bronquiolitis</dc:subject>
  <dc:subject>virus respiratorio sincitial</dc:subject>
  <dc:subject>plan de cuidados</dc:subject>
  <dc:subject>enfermería</dc:subject>
  <dc:publisher>Universidad de Zaragoza</dc:publisher>
  <dc:date>2013</dc:date>
  <dc:description>La bronquiolitis es una infección que afecta a los bronquiolos en niños menores de 2 años. La elevada prevalencia de esta enfermedad durante mi estancia de prácticas, con necesidad de hospitalización, es del 11% y nos lleva a actualizar el plan de cuidados existente en el Hospital Obispo Polanco para conseguir una atención completa a los pacientes. Al realizar una comparación entre los planes de cuidados que emplean otros hospitales podemos observar que, valorando todas las necesidades del paciente, mejoramos la atención individualizada y podemos alcanzar su bienestar y disminuir, así, la estancia media de hospitalización. De esta manera, conseguimos también que el personal de enfermería de este servicio conozca el plan de cuidados que se establece para cada enfermedad y lo integre en su trabajo diario, identificando las necesidades reales del paciente, familia y comunidad.</dc:description>
  <dc:format>pdf</dc:format>
  <dc:language>spa</dc:language>
  <dc:type>info:eu-repo/semantics/bachelorThesis</dc:type>
  <dc:rights>by-nc-sa</dc:rights>
  <dc:rights>http://creativecommons.org/licenses/by-nc-sa/3.0/</dc:rights>
</oai_dc:dc>