<?xml version="1.0" encoding="UTF-8"?><oai_dc:dc xmlns:oai_dc="http://www.openarchives.org/OAI/2.0/oai_dc/" xmlns:dc="http://purl.org/dc/elements/1.1/" xmlns:xsi="http://www.w3.org/2001/XMLSchema-instance" xsi:schemaLocation="http://www.openarchives.org/OAI/2.0/oai_dc/ http://www.openarchives.org/OAI/2.0/oai_dc.xsd">
  <dc:creator>Arnal Aragüés Alejandro</dc:creator>
  <dc:creator>Asún Dieste, Sonia</dc:creator>
  <dc:title>Memoria trabajo fin de Máster</dc:title>
  <dc:identifier>http://zaguan.unizar.es/record/11060</dc:identifier>
  <dc:publisher>Universidad de Zaragoza</dc:publisher>
  <dc:date>2013</dc:date>
  <dc:description>El contenido del trabajo versa sobre la relación de las diferentes asignaturas cursadas, y cómo estas, intervienen en el proceso de formación del docente, y en especial, relacionando 3 de esas asiganturas con las competencias que se espera que el alumno adquiera al finalizar el Máster, y a su vez incluyendo la importancia de la valoración reflexiva sobre todo lo anterior.</dc:description>
  <dc:format>pdf</dc:format>
  <dc:language>spa</dc:language>
  <dc:type>info:eu-repo/semantics/masterThesis</dc:type>
  <dc:rights>by-nc-sa</dc:rights>
  <dc:rights>http://creativecommons.org/licenses/by-nc-sa/3.0/</dc:rights>
</oai_dc:dc>