<?xml version="1.0" encoding="UTF-8"?><oai_dc:dc xmlns:oai_dc="http://www.openarchives.org/OAI/2.0/oai_dc/" xmlns:dc="http://purl.org/dc/elements/1.1/" xmlns:xsi="http://www.w3.org/2001/XMLSchema-instance" xsi:schemaLocation="http://www.openarchives.org/OAI/2.0/oai_dc/ http://www.openarchives.org/OAI/2.0/oai_dc.xsd">
  <dc:creator>Malo Estepa, Andrés</dc:creator>
  <dc:creator>Charkaluk, Eric</dc:creator>
  <dc:title>Diseño de una cámara de vacío para medidas acopladas de campos térmicos y de desplazamientos</dc:title>
  <dc:identifier>http://zaguan.unizar.es/record/10628</dc:identifier>
  <dc:subject>diseño</dc:subject>
  <dc:subject>cámara</dc:subject>
  <dc:subject>vacío</dc:subject>
  <dc:subject>medidas</dc:subject>
  <dc:subject>campos</dc:subject>
  <dc:subject>térmicos</dc:subject>
  <dc:subject>desplazamientos</dc:subject>
  <dc:subject>design</dc:subject>
  <dc:subject>vacuum</dc:subject>
  <dc:subject>chamber</dc:subject>
  <dc:subject>thermical</dc:subject>
  <dc:subject>displacement</dc:subject>
  <dc:subject>measures</dc:subject>
  <dc:publisher>Universidad de Zaragoza</dc:publisher>
  <dc:date>2013</dc:date>
  <dc:description>Este proyecto se ha realizado con el Departamento de Mecánica de la École Centrale de Lille y el Laboratorio de Mecánica de Lille (ambos en Francia). El estudio de los mecanismos de deterioro en el interior de los materiales reviste una especial dificultad, en tanto que no es posible aproximarse al estado real de el material en su seno. No obstante, es conocido que los mecanismos de generación de fisuras comienzan por una separación de las fronteras de grano del material (caso de los metales o cerámicas) o de los elementos que constituyen al material (caso de los materiales compuestos). La generación de fronteras libres en el seno del material conlleva la aparición de una energía ligada a las superficies libres, que se traduce en ligeros aumentos de temperatura. En el caso de los metales, estos incrementos de temperatura pueden ser observados mediante una observación rigurosa con captación de infrarrojos. La comparación del campo térmico con el campo de desplazamientos - medido por correlación de imágenes - a que se somete al material permite establecer hipótesis acerca del estado de degradación del material. No obstante, la escasa magnitud de las variaciones de temperatura hace que su medida sea difícil, debiendo confinar el ensayo en un espacio aislado del exterior, en una atmósfera de vacío, donde no existan corrientes de convección natural que puedan perturbar la medida, ni radiación externa alguna. Es por ello que se requiere el diseño de una cámara de vacío capaz de permitir las condiciones necesarias para la realización del ensayo, de acuerdo con las exigencias expresadas por la École Centrale de Lille y el Laboratorio de Mecánica de Lille.</dc:description>
  <dc:format>pdf</dc:format>
  <dc:language>spa</dc:language>
  <dc:type>info:eu-repo/semantics/masterThesis</dc:type>
  <dc:rights>by-nc-sa</dc:rights>
  <dc:rights>http://creativecommons.org/licenses/by-nc-sa/3.0/</dc:rights>
</oai_dc:dc>