<?xml version="1.0" encoding="UTF-8"?><oai_dc:dc xmlns:oai_dc="http://www.openarchives.org/OAI/2.0/oai_dc/" xmlns:dc="http://purl.org/dc/elements/1.1/" xmlns:xsi="http://www.w3.org/2001/XMLSchema-instance" xsi:schemaLocation="http://www.openarchives.org/OAI/2.0/oai_dc/ http://www.openarchives.org/OAI/2.0/oai_dc.xsd">
  <dc:creator>Serrano Marín, Daniel</dc:creator>
  <dc:creator>Bono Nuez, Antonio</dc:creator>
  <dc:title>Sistema inalámbrico portátil de bajo coste de adquisición de señales electrocardiográficas</dc:title>
  <dc:identifier>http://zaguan.unizar.es/record/10293</dc:identifier>
  <dc:subject>ecg</dc:subject>
  <dc:subject>electrocardiograma (ecg)</dc:subject>
  <dc:subject>adquisición de datos</dc:subject>
  <dc:subject>señal biomédica</dc:subject>
  <dc:subject>instrumentación</dc:subject>
  <dc:publisher>Universidad de Zaragoza</dc:publisher>
  <dc:date>2013</dc:date>
  <dc:description>El presente documento refleja todos los aspectos del proceso de desarrollo de un sistema inalámbrico portátil de bajo coste de adquisición de señales electrocardiográficas (ECG). Las funciones principales de este diseño son capturar, acondicionar, digitalizar y procesar la señal procedente de la actividad eléctrica del corazón de un ser humano. Se pretende mostrar la señal en una pantalla de cristal líquido (LCD) y transmitirla a un ordenador personal. Se requiere un diseño modular para disponer de un dispositivo versátil y ampliable. El desarrollo del proyecto se ha dividido fundamentalmente en 4 fases: búsqueda de información, desarrollo del hardware, desarrollo del software y elaboración de la documentación. La estructura de esta memoria es fiel a las fases de diseño seguidas y trata de justificar y reflejar los puntos clave. La señal ECG es una señal bioeléctrica resultante de la actividad electroquímica que existe en ciertas células del cuerpo humano. Dada la naturaleza de estas señales, afectadas por numerosas fuentes de ruido e interferencias, un dispositivo de captura ECG precisa de una exigente etapa analógica para filtrar y amplificar adecuadamente la señal. Además, para proteger al paciente de riesgos eléctricos, debe considerarse el aislamiento como factor importante. Para digitalizar la señal capturada pueden usarse conversores analógico digitales discretos o integrados en el microcontrolador principal. El software debe considerar aspectos como la frecuencia de muestreo o la gestión y medida de tiempos y eventos. Existen multitud de técnicas para extraer los parámetros característicos de la señal ECG y así poder estimar el estado de salud de una persona. Los interfaces de comunicación que proveen los microcontroladores modernos son suficientes para realizar la transmisión de la información capturada. La visualización de la información a nivel gráfico es un tarea complicada que consume mucho tiempo de desarrollo. El resultado final obtenido tras la fase de desarrollo ha sido muy positivo ya que se ha conseguido fabricar un prototipo donde la mayor parte de los requisitos planteados inicialmente han sido cumplidos. Así, el desarrollo ha concluido con un dispositivo capaz de capturar, visualizar y transmitir los datos capturados de forma inalámbrica. No obstante, han quedado pendientes diversos puntos mejorables que se plantean como trabajo futuro junto con explicaciones e ideas que sirvan de punto de partida en la discusión. Dado el carácter multidisciplinar, varios aspectos positivos han derivado de la ejecución de este proyecto. En primer lugar, se han adquirido los conocimientos necesarios sobre electrocardiografía e instrumentación biomédica. Posteriormente, durante la fase de desarrollo hardware se han aprendido distintos enfoques y metodologías para la resolución de problemas tanto a nivel teórico como a nivel práctico. Finalmente, en la fase de desarrollo software se han aprendido técnicas de programación adaptadas al desarrollo de sistemas embebidos.</dc:description>
  <dc:format>pdf</dc:format>
  <dc:language>spa</dc:language>
  <dc:type>info:eu-repo/semantics/masterThesis</dc:type>
  <dc:rights>by-nc-sa</dc:rights>
  <dc:rights>http://creativecommons.org/licenses/by-nc-sa/3.0/</dc:rights>
</oai_dc:dc>