<?xml version="1.0" encoding="UTF-8"?><oai_dc:dc xmlns:oai_dc="http://www.openarchives.org/OAI/2.0/oai_dc/" xmlns:dc="http://purl.org/dc/elements/1.1/" xmlns:xsi="http://www.w3.org/2001/XMLSchema-instance" xsi:schemaLocation="http://www.openarchives.org/OAI/2.0/oai_dc/ http://www.openarchives.org/OAI/2.0/oai_dc.xsd">
  <dc:creator>Garín Subías, Emma</dc:creator>
  <dc:creator>Germán Bes, Concha</dc:creator>
  <dc:title>¿Qué grado de conocimiento tienen los adolescentes acerca de los cosméticos y productos de higiene personal que utilizan habitualmente?</dc:title>
  <dc:identifier>http://zaguan.unizar.es/record/10818</dc:identifier>
  <dc:publisher>Universidad de Zaragoza</dc:publisher>
  <dc:date>2013</dc:date>
  <dc:description>Hoy en día nos encontramos expuestos a una gran cantidad de productos tóxicos dentro de nuestros hogares, procedentes de varias fuentes. Los productos de higiene personal y cosmética, usados a diario, pueden ser una de estas fuentes de contaminación relevante para la salud de nuestros jóvenes, debido al gran incremento del consumo de este tipo de productos durante dicha época de la vida y a los múltiples productos químicos de origen sintético que contienen. Así pues, debido a las evidencias encontradas en varios estudios relacionando los químicos sintéticos con diferentes tipos de enfermedades, creemos que es de gran importancia una mayor investigación en este campo y la educación para la salud a la población joven.</dc:description>
  <dc:format>pdf</dc:format>
  <dc:language>spa</dc:language>
  <dc:type>info:eu-repo/semantics/bachelorThesis</dc:type>
  <dc:rights>by-nc-sa</dc:rights>
  <dc:rights>http://creativecommons.org/licenses/by-nc-sa/3.0/</dc:rights>
</oai_dc:dc>