<?xml version="1.0" encoding="UTF-8"?><oai_dc:dc xmlns:oai_dc="http://www.openarchives.org/OAI/2.0/oai_dc/" xmlns:dc="http://purl.org/dc/elements/1.1/" xmlns:xsi="http://www.w3.org/2001/XMLSchema-instance" xsi:schemaLocation="http://www.openarchives.org/OAI/2.0/oai_dc/ http://www.openarchives.org/OAI/2.0/oai_dc.xsd">
  <dc:creator>Zorraquino Hernández, Elena</dc:creator>
  <dc:creator>Bellido Mainar, José Ramón</dc:creator>
  <dc:title>Figura del terapeuta ocupacional en un programa de estimulación cognitiva en centros socio sanitarios</dc:title>
  <dc:identifier>http://zaguan.unizar.es/record/11031</dc:identifier>
  <dc:subject>estimulación cognitiva</dc:subject>
  <dc:subject>terapia ocupacional</dc:subject>
  <dc:subject>aspectos bio-psico-sociales</dc:subject>
  <dc:publisher>Universidad de Zaragoza</dc:publisher>
  <dc:date>2013</dc:date>
  <dc:description>La línea de actuación llevada a cabo en la elaboración del presente Trabajo fin de Grado versa sobre la importancia de implementar programas de estimulación cognitiva en los diferentes centros socio sanitarios. Así como de la integración del terapeuta ocupacional en los equipos multidisciplinares de dichos centros socio sanitarios. A través del trabajo podemos conocer la definición de estimulación cognitiva y todos los procesos bio-psico-sociales implicados en la mísma, así como la importancia de los mencionados programas de estimulación cognitiva, relacionándolo con un grupo de población numeroso en la actualidad y destacado en nuestro trabajo fin de grado, como son las personas mayores, con o sin deterioro cognitivo diagnosticado, destinatarios de nuestros programas de estimulación cognitiva.</dc:description>
  <dc:format>pdf</dc:format>
  <dc:language>spa</dc:language>
  <dc:type>info:eu-repo/semantics/bachelorThesis</dc:type>
  <dc:rights>by-nc-sa</dc:rights>
  <dc:rights>http://creativecommons.org/licenses/by-nc-sa/3.0/</dc:rights>
</oai_dc:dc>