<?xml version="1.0" encoding="UTF-8"?><oai_dc:dc xmlns:oai_dc="http://www.openarchives.org/OAI/2.0/oai_dc/" xmlns:dc="http://purl.org/dc/elements/1.1/" xmlns:xsi="http://www.w3.org/2001/XMLSchema-instance" xsi:schemaLocation="http://www.openarchives.org/OAI/2.0/oai_dc/ http://www.openarchives.org/OAI/2.0/oai_dc.xsd">
  <dc:creator>Muñoz Bernad, Tamara</dc:creator>
  <dc:creator>Martínez Casamayor, María Florencia</dc:creator>
  <dc:title>Programa de educación sexual y vacunación frente al papiloma virus para adolescentes en atención primaria</dc:title>
  <dc:identifier>http://zaguan.unizar.es/record/10492</dc:identifier>
  <dc:subject>educación sexual</dc:subject>
  <dc:subject>educación para la salud</dc:subject>
  <dc:subject>adolescente</dc:subject>
  <dc:subject>virus del papiloma humano (VPH)</dc:subject>
  <dc:publisher>Universidad de Zaragoza</dc:publisher>
  <dc:date>2013</dc:date>
  <dc:description>La educación temprana y sin tabúes acerca de una vida sexual saludable desde la infancia y abordada desde los distintos centros sanitarios es relevante en la incidencia de distintas infecciones o enfermedades de trasmisión sexual, como el virus del papiloma humano. Para ello, son necesarios programas de educación para la salud que complementen las revisiones del niño sano que se llevan a cabo en las consultas de puericultura y/o pediatría.</dc:description>
  <dc:format>pdf</dc:format>
  <dc:language>spa</dc:language>
  <dc:type>info:eu-repo/semantics/bachelorThesis</dc:type>
  <dc:rights>by-nc-sa</dc:rights>
  <dc:rights>http://creativecommons.org/licenses/by-nc-sa/3.0/</dc:rights>
</oai_dc:dc>