<?xml version="1.0" encoding="UTF-8"?><oai_dc:dc xmlns:oai_dc="http://www.openarchives.org/OAI/2.0/oai_dc/" xmlns:dc="http://purl.org/dc/elements/1.1/" xmlns:xsi="http://www.w3.org/2001/XMLSchema-instance" xsi:schemaLocation="http://www.openarchives.org/OAI/2.0/oai_dc/ http://www.openarchives.org/OAI/2.0/oai_dc.xsd">
  <dc:creator>Vidorreta López, Andrés</dc:creator>
  <dc:creator>González de la Cuesta, Delia María</dc:creator>
  <dc:title>Protocolo de punción arterial: anestesia local para una práctica basada en la evidencia</dc:title>
  <dc:identifier>http://zaguan.unizar.es/record/10641</dc:identifier>
  <dc:subject>punción arterial</dc:subject>
  <dc:subject>anestesia local</dc:subject>
  <dc:subject>dolor</dc:subject>
  <dc:subject>gasometría arterial</dc:subject>
  <dc:subject>cateterización arterial</dc:subject>
  <dc:publisher>Universidad de Zaragoza</dc:publisher>
  <dc:date>2013</dc:date>
  <dc:description>La punción arterial es una técnica dolorosa muy habitual en hospitalización. Existen diversos procedimientos para hacerla más confortable, pero sólo la inyección de anestesia local se ha mostrado efectiva. No obstante, ésta no se emplea por diversos motivos, principalmente por falta de formación, ideas erróneas y ausencia de protocolos que ayuden a desempeñar una Práctica Basada en la Evidencia (PBE). El objetivo del Trabajo Fin de Grado (TFG) se encamina a unificar en un protocolo las recomendaciones más actuales para ofrecer una PBE y reducir la variabilidad en la atención. Se realizó una búsqueda bibliográfica en los principales Metabuscadores (Cochrane Plus y Joanna Briggs Institute) en busca de revisiones sistemáticas del tema, sin hallar resultados. Además se buscaron Guías de Práctica Clínica (GPC) y artículos primarios alusivos. No hubo resultados para las GPC, pero sí para los artículos. Con las recomendaciones obtenidas se elaboró un protocolo. Existe suficiente evidencia para incluir la anestesia en un protocolo de punción arterial. Este protocolo se considera un elemento de mejora en la calidad de los cuidados, por ayudar a los enfermeros en su práctica diaria a adoptar las últimas recomendaciones.</dc:description>
  <dc:format>pdf</dc:format>
  <dc:language>spa</dc:language>
  <dc:type>info:eu-repo/semantics/bachelorThesis</dc:type>
  <dc:rights>by-nc-sa</dc:rights>
  <dc:rights>http://creativecommons.org/licenses/by-nc-sa/3.0/</dc:rights>
</oai_dc:dc>