<?xml version="1.0" encoding="UTF-8"?><oai_dc:dc xmlns:oai_dc="http://www.openarchives.org/OAI/2.0/oai_dc/" xmlns:dc="http://purl.org/dc/elements/1.1/" xmlns:xsi="http://www.w3.org/2001/XMLSchema-instance" xsi:schemaLocation="http://www.openarchives.org/OAI/2.0/oai_dc/ http://www.openarchives.org/OAI/2.0/oai_dc.xsd">
  <dc:creator>Caballero Nuez, Patricia</dc:creator>
  <dc:creator>Pedrosa Alquézar, Sonia Isabel</dc:creator>
  <dc:title>Evaluación del riesgo de estrés e insatisfacción laboral: aplicación del cuestionario del Instituto Navarro de Salud Laboral en una juguetería</dc:title>
  <dc:identifier>http://zaguan.unizar.es/record/10327</dc:identifier>
  <dc:subject>riesgos psicosociales</dc:subject>
  <dc:publisher>Universidad de Zaragoza</dc:publisher>
  <dc:date>2013</dc:date>
  <dc:description>•	OBJETIVOS GENERALES: La finalidad de este proyecto es evaluar, fundamentalmente, el riesgo de estrés en la empresa Juguetería, a través de la valoración de diversos factores de riesgo psicosocial y proponer medidas preventivas al respecto según los principios generales de la prevención de riesgos. Se toma en consideración no ya a los individuos, sino a grupos homogéneos de trabajadores, como a los trabajadores de autoservicio, que estén expuestos a riesgos del mismo tipo.  •	OBJETIVOS ESPECÍFICOS: Los objetivos a alcanzar son los siguientes:  1.	Identificar situaciones de insatisfacción laboral o fallos en la organización a través de estas cuatro variables para realizar una evaluación inicial del estado general de la empresa en relación, fundamentalmente, con el riesgo de estrés:  a.	Participación, implicación, responsabilidad  b.	Formación, información, comunicación  c.	Gestión del tiempo  d.	Cohesión de grupo  2.	Aportar una serie de primeras medidas preventivas, supeditadas a una evaluación posterior más exhaustiva, caso de que así procediese.</dc:description>
  <dc:format>pdf</dc:format>
  <dc:language>spa</dc:language>
  <dc:type>info:eu-repo/semantics/masterThesis</dc:type>
  <dc:rights>by-nc-sa</dc:rights>
  <dc:rights>http://creativecommons.org/licenses/by-nc-sa/3.0/</dc:rights>
</oai_dc:dc>