<?xml version="1.0" encoding="UTF-8"?><oai_dc:dc xmlns:oai_dc="http://www.openarchives.org/OAI/2.0/oai_dc/" xmlns:dc="http://purl.org/dc/elements/1.1/" xmlns:xsi="http://www.w3.org/2001/XMLSchema-instance" xsi:schemaLocation="http://www.openarchives.org/OAI/2.0/oai_dc/ http://www.openarchives.org/OAI/2.0/oai_dc.xsd">
  <dc:creator>Suller Marti, Ana</dc:creator>
  <dc:creator>Santos Lasaosa, Sonia</dc:creator>
  <dc:title>Cefalea postarteriografía y/o stenting carotídeo</dc:title>
  <dc:identifier>http://zaguan.unizar.es/record/11146</dc:identifier>
  <dc:subject>cefalea poststent carotídeo</dc:subject>
  <dc:publisher>Universidad de Zaragoza</dc:publisher>
  <dc:date>2013</dc:date>
  <dc:description>Objetivos: La arteriografía cerebral y colocación de stent carotídeo se ha descrito que pueden ocasionar la aparición de cefalea, sin saber quiénes la desarrollan ni que características presenta. Material y método: Mediante estudio prospectivo observacional, se recogieron los datos de pacientes que fueron sometidos a arteriografía y/o stenting carotídeo ingresados en Hospital Clínico Lozano Blesa. Se estudiaron variables sociodemográficas, factores de riesgo cardiovascular, afectación carotídea y antecedentes de cefalea primaria. Se realizó una entrevista estructurada antes, después del procedimiento, tras 24 horas y al cabo de un mes, para registrar la aparición de cefalea. Resultados: se incluyeron un total de  25 pacientes con una media de edad de 67 años; un 92% (N=23) fueron varones y un 8 %(N=2) mujeres. El 21% (N=5) tenían antecedentes de cefalea, en el 60% (N=12) migraña con aura y 40% (N=8) cefalea tensional. La cefalea apareció en 4 pacientes (16%), siendo en el 75% (N=3) durante el procedimiento y en un caso en las primeras 6 horas. En un caso la duración fue menor de 10 minutos, y en otro entre 10-120 minutos. Las principales localizaciones fueron en igual porcentaje la región fronto-temporal y la facial. Descrita como opresiva en un 75% (N=3), con intensidad leve-moderada (50%) y el 50% precisaron analgesia. Se vió una relación estadísticamente significativa entre la aparición de la cefalea y afectación de la arteria carótida interna izquierda (p=0.059). Conclusiones: La cefalea poststent precisa de más estudios para poder determinar sus características.</dc:description>
  <dc:format>pdf</dc:format>
  <dc:language>spa</dc:language>
  <dc:type>info:eu-repo/semantics/masterThesis</dc:type>
  <dc:rights>by-nc-sa</dc:rights>
  <dc:rights>http://creativecommons.org/licenses/by-nc-sa/3.0/</dc:rights>
</oai_dc:dc>