<?xml version="1.0" encoding="UTF-8"?><oai_dc:dc xmlns:oai_dc="http://www.openarchives.org/OAI/2.0/oai_dc/" xmlns:dc="http://purl.org/dc/elements/1.1/" xmlns:xsi="http://www.w3.org/2001/XMLSchema-instance" xsi:schemaLocation="http://www.openarchives.org/OAI/2.0/oai_dc/ http://www.openarchives.org/OAI/2.0/oai_dc.xsd">
  <dc:creator>Rodríguez Marco, Sonia</dc:creator>
  <dc:creator>Lucha López, María Orosia</dc:creator>
  <dc:title>Plan de intervención en fisioterapia en un caso de hemiplejía postictus</dc:title>
  <dc:identifier>http://zaguan.unizar.es/record/10758</dc:identifier>
  <dc:subject>fisioterapia</dc:subject>
  <dc:subject>hemiplejía</dc:subject>
  <dc:subject>ictus</dc:subject>
  <dc:subject>Bobath</dc:subject>
  <dc:subject>Kabat</dc:subject>
  <dc:subject>Perfetti</dc:subject>
  <dc:subject>plasticidad cerebral</dc:subject>
  <dc:publisher>Universidad de Zaragoza</dc:publisher>
  <dc:date>2013</dc:date>
  <dc:description>Introducción: el accidente cerebral vascular (ACV) o ictus es una de las causas esenciales de hemiplejía. Esta patología afecta a la función motriz, sensitiva y neuropsicológica del paciente, lo que conlleva cierto grado de dependencia. Objetivo: diseñar un plan de intervención en fisioterapia específico para el paciente hemipléjico postictus. Metodología: se aplicó un protocolo de fisioterapia a una paciente con hemiplejía postictus. En él se realiza una valoración antes y después del tratamiento aplicado, y éste consta de ejercicios orientados principalmente al desarrollo del reclutamiento, control del tono, y reaprendizaje de patrones motrices perdidos, reacciones de equilibrio y de enderezamiento. Desarrollo: el protocolo desarrollado, abarca diversas técnicas, tanto técnicas de facilitación (Bobath, Kabat, Perfetti) como técnicas más modernas (fundamentadas en la plasticidad cerebral) que se fueron aplicando cuando el momento evolutivo de la paciente lo indicaba. Conclusiones: la aplicación de un plan de intervención basado en diferentes técnicas permitió reducir el grado de dependencia de la paciente al final del estudio, a pesar de seguir necesitando cierta ayuda en algunas actividades.</dc:description>
  <dc:format>pdf</dc:format>
  <dc:language>spa</dc:language>
  <dc:type>info:eu-repo/semantics/bachelorThesis</dc:type>
  <dc:rights>by-nc-sa</dc:rights>
  <dc:rights>http://creativecommons.org/licenses/by-nc-sa/3.0/</dc:rights>
</oai_dc:dc>