<?xml version="1.0" encoding="UTF-8"?><oai_dc:dc xmlns:oai_dc="http://www.openarchives.org/OAI/2.0/oai_dc/" xmlns:dc="http://purl.org/dc/elements/1.1/" xmlns:xsi="http://www.w3.org/2001/XMLSchema-instance" xsi:schemaLocation="http://www.openarchives.org/OAI/2.0/oai_dc/ http://www.openarchives.org/OAI/2.0/oai_dc.xsd">
  <dc:creator>Asensio Aranda, Marta</dc:creator>
  <dc:creator>Ortega Hernández, Isabel</dc:creator>
  <dc:creator>Miranda Aranda, Miguel</dc:creator>
  <dc:title>Centros de Día Públicos de Personas Dependientes. Evolución del servicio y cambios tras la Ley de Dependencia</dc:title>
  <dc:identifier>http://zaguan.unizar.es/record/10995</dc:identifier>
  <dc:subject>centros de día</dc:subject>
  <dc:subject>ley de dependencia</dc:subject>
  <dc:subject>personas dependientes</dc:subject>
  <dc:subject>valoración geriátrica integral</dc:subject>
  <dc:publisher>Universidad de Zaragoza</dc:publisher>
  <dc:date>2013</dc:date>
  <dc:description>El objetivo de mejorar o mantener el mejor nivel de autonomía personal en las Personas Mayores dependientes con el fin de desarrollar su vida cotidiana de la forma más normalizada posible, es una meta cada vez más difícil de alcanzar, ello se debe a las diversas modificaciones en la Ley de Dependencia, que han hecho que la finalidad y utilidad de los Centros, así como el perfil de usuarios/as de los mismos sufran grandes transformaciones. La prestación económica por cuidados en el entorno familiar, que a pesar de su carácter excepcional se ha convertido, con diferencia, en la prestación con más peso del Sistema de Dependencia, y la falta de recursos, ocasionados por las políticas de ajuste, son algunas de las causas que han provocado bajos niveles de ocupación en los Centros Públicos, y aumento de usuarios/as con Gran Dependencia.</dc:description>
  <dc:format>pdf</dc:format>
  <dc:language>spa</dc:language>
  <dc:type>info:eu-repo/semantics/bachelorThesis</dc:type>
  <dc:rights>by-nc-sa</dc:rights>
  <dc:rights>http://creativecommons.org/licenses/by-nc-sa/3.0/</dc:rights>
</oai_dc:dc>