<?xml version="1.0" encoding="UTF-8"?><oai_dc:dc xmlns:oai_dc="http://www.openarchives.org/OAI/2.0/oai_dc/" xmlns:dc="http://purl.org/dc/elements/1.1/" xmlns:xsi="http://www.w3.org/2001/XMLSchema-instance" xsi:schemaLocation="http://www.openarchives.org/OAI/2.0/oai_dc/ http://www.openarchives.org/OAI/2.0/oai_dc.xsd">
  <dc:creator>Ibarz Cortés, Ana</dc:creator>
  <dc:creator>Pérez Cebolla, Francisco José</dc:creator>
  <dc:title>Proyecto EVO 900. Implantación del sistema UMTS 900 MHz en estación base de Telefónica (Suances/Depósito)</dc:title>
  <dc:identifier>http://zaguan.unizar.es/record/10129</dc:identifier>
  <dc:subject>umts</dc:subject>
  <dc:publisher>Universidad de Zaragoza</dc:publisher>
  <dc:date>2013</dc:date>
  <dc:description>Este proyecto es un estudio de los diferentes tipos de diseño e implementación del sistema UMTS en la banda de 900 MHz que Telefónica móviles España (TME) está llevando a cabo en el despliegue EVO 900. El proyecto se divide en dos partes, en la primera se explica cada uno de estos casos y en la segunda se muestra paso a paso una de las instalaciones realizadas en una estación base de TME, concretamente ubicada en Suances (Cantabria).El caso tomado como ejemplo se explica desde su inicio con el replanteo de obra hasta su terminación, con la integración de la nueva tecnología.</dc:description>
  <dc:format>pdf</dc:format>
  <dc:language>spa</dc:language>
  <dc:type>info:eu-repo/semantics/masterThesis</dc:type>
  <dc:rights>by-nc-sa</dc:rights>
  <dc:rights>http://creativecommons.org/licenses/by-nc-sa/3.0/</dc:rights>
</oai_dc:dc>