<?xml version="1.0" encoding="UTF-8"?><oai_dc:dc xmlns:oai_dc="http://www.openarchives.org/OAI/2.0/oai_dc/" xmlns:dc="http://purl.org/dc/elements/1.1/" xmlns:xsi="http://www.w3.org/2001/XMLSchema-instance" xsi:schemaLocation="http://www.openarchives.org/OAI/2.0/oai_dc/ http://www.openarchives.org/OAI/2.0/oai_dc.xsd">
  <dc:creator>Ramos Pascual, Miguel</dc:creator>
  <dc:creator>Mairal Lasaosa, Joaquín</dc:creator>
  <dc:title>Rentabilidad de los parques tecnológicos: el caso de Walqa</dc:title>
  <dc:identifier>http://zaguan.unizar.es/record/10187</dc:identifier>
  <dc:subject>parques tecnológicos</dc:subject>
  <dc:subject>Walqa</dc:subject>
  <dc:publisher>Universidad de Zaragoza</dc:publisher>
  <dc:date>2013</dc:date>
  <dc:description>Este trabajo trata de contextualizar el fenómeno de los parques tecnológicos en España, centrándose más concretamente en el Parque Tecnológico Walqa de Huesca. Analiza su trayectoria, organización y estrategia de desarrollo, comparándola con la de otros casos de éxito, e identifica factores de éxito y buenas prácticas en la gestión y desarrollo de los parques tecnológicos. Para ello se empieza presentando el antecedente en el que se basan este tipo de infraestructuras, que no es otro que Silicon Valley, cómo surgió y los elementos que se han tratado de reproducir posteriormente en todos los parques tecnológicos. A continuación se muestra la importancia que han alcanzado los parques en España teniendo en cuenta los datos de la Asociación de Parques Tecnológicos de España (APTE). Posteriormente se profundiza en el Parque Tecnológico Walqa, la historia, desarrollo, estrategia y ejemplos que ayudan a comprender el peso que ha alcanzado en la economía regional.</dc:description>
  <dc:format>pdf</dc:format>
  <dc:language>spa</dc:language>
  <dc:type>info:eu-repo/semantics/bachelorThesis</dc:type>
  <dc:rights>by-nc-sa</dc:rights>
  <dc:rights>http://creativecommons.org/licenses/by-nc-sa/3.0/</dc:rights>
</oai_dc:dc>