<?xml version="1.0" encoding="UTF-8"?><oai_dc:dc xmlns:oai_dc="http://www.openarchives.org/OAI/2.0/oai_dc/" xmlns:dc="http://purl.org/dc/elements/1.1/" xmlns:xsi="http://www.w3.org/2001/XMLSchema-instance" xsi:schemaLocation="http://www.openarchives.org/OAI/2.0/oai_dc/ http://www.openarchives.org/OAI/2.0/oai_dc.xsd">
  <dc:creator>Gallego Lozano, Estefanía</dc:creator>
  <dc:creator>Minguillón Serrano, Antonio</dc:creator>
  <dc:title>Grado de ansiedad en los pacientes intervenidos en la Unidad de Cirugía Mayor Ambulatoria del Hospital Obispo Polanco de Teruel</dc:title>
  <dc:identifier>http://zaguan.unizar.es/record/10601</dc:identifier>
  <dc:subject>cirugía mayor ambulatoria</dc:subject>
  <dc:subject>ansiedad</dc:subject>
  <dc:subject>stai</dc:subject>
  <dc:publisher>Universidad de Zaragoza</dc:publisher>
  <dc:date>2013</dc:date>
  <dc:description>El acto anestésico-quirúrgico es considerado como un factor que genera ansiedad en el paciente que será intervenido. El dolor, el tiempo de espera y los resultados en el postoperatorio son algunas de las preocupaciones en este periodo preoperatorio. La cirugía mayor ambulatoria tiene por objetivo exponer a la mínima tensión, pero, en ocasiones, se presta poca atención a la ansiedad preoperatoria en estos pacientes. El objetivo de este estudio es investigar los niveles preoperatorios de ansiedad y conocer la influencia de determinados factores en los pacientes intervenidos en la Unidad de cirugía mayor ambulatoria del Hospital Obispo Polanco de Teruel. Se realizó un estudio descriptivo transversal donde se evaluó la ansiedad en los pacientes operados en el periodo comprendido entre el 12 de noviembre y el 21 de diciembre. El nivel de ansiedad se evaluó durante el preoperatorio con el Inventario Ansiedad-Estado de Spielberger. El porcentaje de pacientes intervenidos de la unidad de CMA con una ansiedad significativa fue relativamente bajo en comparación con otros estudios. Los pacientes con los niveles más altos de ansiedad fueron los procedentes de la especialidad de ginecología, los más jóvenes,  los no premedicados y los que no habían tenido intervenciones anteriores.</dc:description>
  <dc:format>pdf</dc:format>
  <dc:language>spa</dc:language>
  <dc:type>info:eu-repo/semantics/bachelorThesis</dc:type>
  <dc:rights>by-nc-sa</dc:rights>
  <dc:rights>http://creativecommons.org/licenses/by-nc-sa/3.0/</dc:rights>
</oai_dc:dc>