<?xml version="1.0" encoding="UTF-8"?><oai_dc:dc xmlns:oai_dc="http://www.openarchives.org/OAI/2.0/oai_dc/" xmlns:dc="http://purl.org/dc/elements/1.1/" xmlns:xsi="http://www.w3.org/2001/XMLSchema-instance" xsi:schemaLocation="http://www.openarchives.org/OAI/2.0/oai_dc/ http://www.openarchives.org/OAI/2.0/oai_dc.xsd">
  <dc:creator>Castiella Franco, Daniel</dc:creator>
  <dc:creator>Huttunen, Jukka</dc:creator>
  <dc:title>Designing a Bubbling Fluidized Bed (BFB) boiler for research purposes</dc:title>
  <dc:identifier>http://zaguan.unizar.es/record/11156</dc:identifier>
  <dc:subject>bubbling fluidized bed</dc:subject>
  <dc:subject>bfb</dc:subject>
  <dc:subject>lecho fluido burbujeante</dc:subject>
  <dc:subject>boiler</dc:subject>
  <dc:subject>caldera</dc:subject>
  <dc:subject>design</dc:subject>
  <dc:subject>diseño</dc:subject>
  <dc:subject>solidworks</dc:subject>
  <dc:publisher>Universidad de Zaragoza</dc:publisher>
  <dc:date>2013</dc:date>
  <dc:description>This project is part of the efforts made by Savonia University of Applied Sciences to plan the future EU-funded combustion research laboratory that will be located on Varkaus Campus (Finland). The main objective of the present thesis was to carry out an optimal design, in technical, environmental and economical terms, of a small-sized bubbling fluidized bed (BFB) boiler, which will be used mainly for research purposes. This design takes as a reference a former BFB boiler that was located at Lappeenranta University of Technology. The efforts have been focused mainly on adapting this reference design to be used for research activities and bringing construction and operating costs down. All the drawings and virtual three-dimensional models of the components have been executed using SolidWords, a computer-aided design program. The result of the design process is an efficient and environmentally friendly boiler that is going to enable numerous testing services and lines of research.</dc:description>
  <dc:format>pdf</dc:format>
  <dc:language>eng</dc:language>
  <dc:type>info:eu-repo/semantics/masterThesis</dc:type>
  <dc:rights>by-nc-sa</dc:rights>
  <dc:rights>http://creativecommons.org/licenses/by-nc-sa/3.0/</dc:rights>
</oai_dc:dc>