<?xml version="1.0" encoding="UTF-8"?><oai_dc:dc xmlns:oai_dc="http://www.openarchives.org/OAI/2.0/oai_dc/" xmlns:dc="http://purl.org/dc/elements/1.1/" xmlns:xsi="http://www.w3.org/2001/XMLSchema-instance" xsi:schemaLocation="http://www.openarchives.org/OAI/2.0/oai_dc/ http://www.openarchives.org/OAI/2.0/oai_dc.xsd">
  <dc:creator>Ferrer Gamero, Alba</dc:creator>
  <dc:creator>Sánchez Calavera, María Antonia</dc:creator>
  <dc:title>Paciente crónico dependiente: exposición de un caso real</dc:title>
  <dc:identifier>http://zaguan.unizar.es/record/10723</dc:identifier>
  <dc:subject>crónico</dc:subject>
  <dc:subject>dependiente</dc:subject>
  <dc:publisher>Universidad de Zaragoza</dc:publisher>
  <dc:date>2013</dc:date>
  <dc:description>Las enfermedades de larga duración, el deterioro orgánico y la afectación funcional describen al enfermo crónico. Estos pacientes dependen de la asistencia de otras personas para poder realizar las actividades básicas de la vida diaria. Tanto es así que actualmente un 85% de los pacientes dependientes son atendidos por sus familiares. En este trabajo se ha realizado la descripción de la situación clínica de una paciente,  junto con su evolución y su situación actual. El principal objetivo del trabajo consiste en la descripción del enfermo crónico dependiente, el seguimiento multidisciplinar del mismo y las actividades enfermeras a realizar con este tipo de paciente,  usando como referencia NANDA, NIC y NOC. La elevada prevalencia en incremento constante del paciente crónico dependiente en las sociedades desarrolladas y la importancias de los diagnósticos de enfermería en la atención y el seguimiento de estos pacientes, son las conclusiones fundamentales de este trabajo.</dc:description>
  <dc:format>pdf</dc:format>
  <dc:language>spa</dc:language>
  <dc:type>info:eu-repo/semantics/bachelorThesis</dc:type>
  <dc:rights>by-nc-sa</dc:rights>
  <dc:rights>http://creativecommons.org/licenses/by-nc-sa/3.0/</dc:rights>
</oai_dc:dc>