<?xml version="1.0" encoding="UTF-8"?><oai_dc:dc xmlns:oai_dc="http://www.openarchives.org/OAI/2.0/oai_dc/" xmlns:dc="http://purl.org/dc/elements/1.1/" xmlns:xsi="http://www.w3.org/2001/XMLSchema-instance" xsi:schemaLocation="http://www.openarchives.org/OAI/2.0/oai_dc/ http://www.openarchives.org/OAI/2.0/oai_dc.xsd">
  <dc:creator>Martínez Torres, Raúl</dc:creator>
  <dc:creator>Hidalgo García, César</dc:creator>
  <dc:title>Intervención fisioterápica tras sutura del tendón del músculo supraespino con acromioplastia y bursectomía. A propósito de un caso</dc:title>
  <dc:identifier>http://zaguan.unizar.es/record/10895</dc:identifier>
  <dc:publisher>Universidad de Zaragoza</dc:publisher>
  <dc:date>2013</dc:date>
  <dc:description>Introducción. Las enfermedades del hombro son el tercer motivo por el que los pacientes acuden a las consultas de atención primaria. Identificar qué causa los problemas de hombro no es fácil, ya que la anatomía es muy compleja y pueden englobar gran cantidad de patologías de similaridad clínica importante. La alteración más frecuente del manguito de los rotadores es la rotura del tendón de origen degenerativo, asociada a un síndrome de impactación subacromial. Cada vez son más las personas aquejadas de estos síndromes por lo que el tratamiento quirúrgico y fisioterápico es cada vez más importante. Objetivos. Diseñar y ejecutar un plan de intervención para restituir un movimiento funcional del hombro postquirúrgico asintomático que mejore la función en las actividades de la vida diaria del paciente. Metodología. Estudio intrasujeto (n=1) de diseño tipo AB. En función de la valoración inicial se aplica un tratamiento inicial destinado a reducir el dolor, disminuir el tono de la musculatura hipertónica y corregir la artrocinemática alterada, que nos permita aumentar el rango de movimiento (RDM) y adquirir control motor a lo largo del mismo, implicando activamente al paciente en su problema de salud. Desarrollo. Se observó una disminución de los síntomas hasta llegar a desaparecer y un aumento del RDM funcional con una artocinemática correcta y un control motor adecuado a lo largo del mismo. Conclusiones. Las técnicas utilizadas en el plan de intervención fisioterápico parecen ser efectivas para este caso concreto, pero es necesaria una mayor investigación.</dc:description>
  <dc:format>pdf</dc:format>
  <dc:language>spa</dc:language>
  <dc:type>info:eu-repo/semantics/bachelorThesis</dc:type>
  <dc:rights>by-nc-sa</dc:rights>
  <dc:rights>http://creativecommons.org/licenses/by-nc-sa/3.0/</dc:rights>
</oai_dc:dc>