<?xml version="1.0" encoding="UTF-8"?><oai_dc:dc xmlns:oai_dc="http://www.openarchives.org/OAI/2.0/oai_dc/" xmlns:dc="http://purl.org/dc/elements/1.1/" xmlns:xsi="http://www.w3.org/2001/XMLSchema-instance" xsi:schemaLocation="http://www.openarchives.org/OAI/2.0/oai_dc/ http://www.openarchives.org/OAI/2.0/oai_dc.xsd">
  <dc:creator>Martínez Cisneros, Sara Pilar</dc:creator>
  <dc:creator>Altarribas Bolsa, Elena José</dc:creator>
  <dc:title>Mejora de la acogida de los estudiantes de enfermería de la Universidad de Zaragoza en los centros donde realizan sus prácticas clínicas</dc:title>
  <dc:identifier>http://zaguan.unizar.es/record/10769</dc:identifier>
  <dc:publisher>Universidad de Zaragoza</dc:publisher>
  <dc:date>2013</dc:date>
  <dc:description>Objetivos: El periodo de prácticas con un total de 90 ECTs en los planes de estudio de Enfermería en Aragón pone al estudiante en contacto directo con la realidad profesional. Esta incorporación al periodo práctico supone para el estudiante la inmersión en un mundo desconocido donde debe enfrentarse a nuevas situaciones. Objetivos: diseñar un plan de acogida, elaborar un formato de guía de acogida para entregar a los estudiantes y evaluar la satisfacción de los estudiantes con la acogida en sus prácticas clínicas. Metodología: Diseño del proyecto basado en el ciclo de mejora de Shewhart (Plan, Do, Check, Act). El ámbito de estudio son los centros de AE y AP acreditados para realizar prácticas clínicas según el convenio de colaboración entre la Universidad de Zaragoza y el Servicio Aragonés de Salud, y los sujetos de estudio fueron los estudiantes de enfermería de la Universidad de Zaragoza. Conclusiones: El plan de acogida es un instrumento clave para facilitar la adaptación de los estudiantes de enfermería. La implementación del plan implica la mejora de la gestión de la calidad desde la formación pregrado, mejorando la comunicación entre profesionales y estudiantes, disminuyendo el grado de ansiedad y mejorando el ambiente de trabajo para, con todo ello, lograr aumentar la satisfacción  y seguridad de los estudiantes.</dc:description>
  <dc:format>pdf</dc:format>
  <dc:language>spa</dc:language>
  <dc:type>info:eu-repo/semantics/bachelorThesis</dc:type>
  <dc:rights>by-nc-sa</dc:rights>
  <dc:rights>http://creativecommons.org/licenses/by-nc-sa/3.0/</dc:rights>
</oai_dc:dc>