<?xml version="1.0" encoding="UTF-8"?><oai_dc:dc xmlns:oai_dc="http://www.openarchives.org/OAI/2.0/oai_dc/" xmlns:dc="http://purl.org/dc/elements/1.1/" xmlns:xsi="http://www.w3.org/2001/XMLSchema-instance" xsi:schemaLocation="http://www.openarchives.org/OAI/2.0/oai_dc/ http://www.openarchives.org/OAI/2.0/oai_dc.xsd">
  <dc:creator>Sotoca Martín, Javier</dc:creator>
  <dc:creator>García Casarejos, María Nieves</dc:creator>
  <dc:title>Situación actual y oportunidades de la empresa española en Brasil</dc:title>
  <dc:identifier>http://zaguan.unizar.es/record/10324</dc:identifier>
  <dc:subject>mercado brasileño</dc:subject>
  <dc:subject>empresas españolas</dc:subject>
  <dc:subject>oportunidades de negocio</dc:subject>
  <dc:publisher>Universidad de Zaragoza</dc:publisher>
  <dc:date>2013</dc:date>
  <dc:description>Estudio sobre la presencia actual y oportunidades de negocio que presenta el mercado brasileño para la empresa española</dc:description>
  <dc:format>pdf</dc:format>
  <dc:language>spa</dc:language>
  <dc:type>info:eu-repo/semantics/bachelorThesis</dc:type>
  <dc:rights>by-nc-sa</dc:rights>
  <dc:rights>http://creativecommons.org/licenses/by-nc-sa/3.0/</dc:rights>
</oai_dc:dc>