<?xml version="1.0" encoding="UTF-8"?><oai_dc:dc xmlns:oai_dc="http://www.openarchives.org/OAI/2.0/oai_dc/" xmlns:dc="http://purl.org/dc/elements/1.1/" xmlns:xsi="http://www.w3.org/2001/XMLSchema-instance" xsi:schemaLocation="http://www.openarchives.org/OAI/2.0/oai_dc/ http://www.openarchives.org/OAI/2.0/oai_dc.xsd">
  <dc:creator>Mostajo Lastanao, Rebeca</dc:creator>
  <dc:creator>Murillo Luna, Josefina Lucía</dc:creator>
  <dc:title>El coaching, una herramienta para el desarrollo profesional en la España del siglo XXI</dc:title>
  <dc:identifier>http://zaguan.unizar.es/record/11083</dc:identifier>
  <dc:subject>coaching</dc:subject>
  <dc:publisher>Universidad de Zaragoza</dc:publisher>
  <dc:date>2013</dc:date>
  <dc:description>En la actualidad las empresas desarrollan su actividad en un entorno en constante cambio y deben ser capaces de adaptarse a las nuevas circunstancias.  En este contexto, el valor humano cobra un mayor protagonismo en el éxito de las empresas.  El coaching es una herramienta que trata de gestionar esos cambios y de obtener el máximo rendimiento y aprovechamiento de las capacidades y habilidades de las personas que integran la organización. En este trabajo analizaremos qué es y en qué consiste el coaching. Después, mediante un análisis descriptivo, observaremos cómo ha evolucionado el coaching en España.</dc:description>
  <dc:format>pdf</dc:format>
  <dc:language>spa</dc:language>
  <dc:type>info:eu-repo/semantics/bachelorThesis</dc:type>
  <dc:rights>by-nc-sa</dc:rights>
  <dc:rights>http://creativecommons.org/licenses/by-nc-sa/3.0/</dc:rights>
</oai_dc:dc>