<?xml version="1.0" encoding="UTF-8"?><oai_dc:dc xmlns:oai_dc="http://www.openarchives.org/OAI/2.0/oai_dc/" xmlns:dc="http://purl.org/dc/elements/1.1/" xmlns:xsi="http://www.w3.org/2001/XMLSchema-instance" xsi:schemaLocation="http://www.openarchives.org/OAI/2.0/oai_dc/ http://www.openarchives.org/OAI/2.0/oai_dc.xsd">
  <dc:creator>Buzón Morata, Arturo</dc:creator>
  <dc:creator>Hernández Torres, Antonio</dc:creator>
  <dc:title>Principales factores de riesgo asociados a la aparición de úlceras por presión en la Residencia de ancianos del IASS "Javalambre" de Teruel, del 1/09/2012 hasta el 1/03/2013</dc:title>
  <dc:identifier>http://zaguan.unizar.es/record/10581</dc:identifier>
  <dc:subject>úlceras por presión</dc:subject>
  <dc:subject>factores de riesgo</dc:subject>
  <dc:subject>Norton </dc:subject>
  <dc:subject>Barthel</dc:subject>
  <dc:publisher>Universidad de Zaragoza</dc:publisher>
  <dc:date>2013</dc:date>
  <dc:description>Introducción: Las úlceras por presión (UPP) afectan a los pacientes que reciben asistencia en el ámbito domiciliario, hospitalario y sociosanitario, siendo los pacientes de edad avanzada los que mayor número de úlceras por presión presentan. Al paciente le disminuye su calidad de vida, le aumenta el riesgo de infecciones e incluso le puede llevar a la muerte. Ámbito: Residencia de ancianos “Javalambre” del IASS en Teruel. Objetivo: Describir los factores de riesgo asociados a la aparición de UPP. Material y métodos: estudio descriptivo transversal. La muestra es de 36 pacientes del centro que tenían, por lo menos, una UPP. El tiempo del estudio es desde el 1 de septiembre del 2012 hasta el 1 de marzo de 2013. Resultados: De las 57 úlceras halladas, 27 lesiones corresponden al grado I, 22 corresponden al grado II, 6 corresponden al grado III, y 2 de ellas al tipo IV. 24 residentes tienen una única ulcera. Según el índice de Barthel, el 33,3% presentan una dependencia total, un 11,1% dependencia moderada, 30,6% dependencia severa y el 25% leve. Se han encontrado diferencias significativas entre el número de úlceras y el riesgo de ulceración basado en la puntuación de la escala de Norton. El número de UPP por usuario en este centro se asemeja a los publicados hasta ahora.</dc:description>
  <dc:format>pdf</dc:format>
  <dc:language>spa</dc:language>
  <dc:type>info:eu-repo/semantics/bachelorThesis</dc:type>
  <dc:rights>by-nc-sa</dc:rights>
  <dc:rights>http://creativecommons.org/licenses/by-nc-sa/3.0/</dc:rights>
</oai_dc:dc>