<?xml version="1.0" encoding="UTF-8"?><oai_dc:dc xmlns:oai_dc="http://www.openarchives.org/OAI/2.0/oai_dc/" xmlns:dc="http://purl.org/dc/elements/1.1/" xmlns:xsi="http://www.w3.org/2001/XMLSchema-instance" xsi:schemaLocation="http://www.openarchives.org/OAI/2.0/oai_dc/ http://www.openarchives.org/OAI/2.0/oai_dc.xsd">
  <dc:creator>Jiménez Martínez, Sara</dc:creator>
  <dc:creator>López del Hoyo, Yolanda</dc:creator>
  <dc:title>Protocolo en materia de adopción: Renuncia de la madre bioógica al recién nacido. Unidad de Trabajo Social del Hospital Clínico Universitario “Lozano Blesa”</dc:title>
  <dc:identifier>http://zaguan.unizar.es/record/11042</dc:identifier>
  <dc:publisher>Universidad de Zaragoza</dc:publisher>
  <dc:date>2013</dc:date>
  <dc:description>Establecimiento del marco conceptual sobre adopción nacional, el proceso, los requisitos, los organismos implicados, las estadísticas y la legislación vigente en materia de adopción y sanidad. Todo ello, acompañado de un análisis de las anulaciones del vínculo madre-recién nacido, producidas en el Hospital Clínico Universitario “Lozano Blesa” durante los años 2002 a 2012, de donde se establecerá el perfil más frecuente y un protocolo de intervención para la unidad de trabajo social del Hospital Clínico Universitario “Lozano Blesa”.</dc:description>
  <dc:format>pdf</dc:format>
  <dc:language>spa</dc:language>
  <dc:type>info:eu-repo/semantics/bachelorThesis</dc:type>
  <dc:rights>by-nc-sa</dc:rights>
  <dc:rights>http://creativecommons.org/licenses/by-nc-sa/3.0/</dc:rights>
</oai_dc:dc>