<?xml version="1.0" encoding="UTF-8"?><oai_dc:dc xmlns:oai_dc="http://www.openarchives.org/OAI/2.0/oai_dc/" xmlns:dc="http://purl.org/dc/elements/1.1/" xmlns:xsi="http://www.w3.org/2001/XMLSchema-instance" xsi:schemaLocation="http://www.openarchives.org/OAI/2.0/oai_dc/ http://www.openarchives.org/OAI/2.0/oai_dc.xsd">
  <dc:creator>Úrgeles Serrano, Margarita</dc:creator>
  <dc:creator>Valles Morales, Eugenia</dc:creator>
  <dc:creator>Pena Zapata, José Raúl</dc:creator>
  <dc:creator>Alcázar Crevillén, Andrés</dc:creator>
  <dc:title>Nuevas prestaciones asumidas por las MATEPSS hacia el Estado de Bienestar</dc:title>
  <dc:identifier>http://zaguan.unizar.es/record/11108</dc:identifier>
  <dc:subject>cese de la actividad de trabajadores autónomos</dc:subject>
  <dc:subject>cuidado de menores afectos de cáncer u otra enfermedad grave</dc:subject>
  <dc:subject>riesgo durante el embarazo y la lactancia natural</dc:subject>
  <dc:publisher>Universidad de Zaragoza</dc:publisher>
  <dc:date>2013</dc:date>
  <dc:description>Las Mutuas de Accidentes de Trabajo y Enfermedades Profesionales de la Seguridad Social han asumido en los últimos años una serie de prestaciones diferentes a su ámbito de actuación natural, el accidente de trabajo. Estas nuevas prestaciones son: 1- Riesgo durante el embarazo y la lactancia natural. 2- Cuidado de menores afectos de cáncer u otra enfermedad grave. 3- Cese de la actividad de Trabajadores Autónomos. Las anteriores prestaciones incorporadas  al ámbito de protección de la Seguridad Social suponen un gran avance hacia el Estado del Bienestar.</dc:description>
  <dc:format>pdf</dc:format>
  <dc:language>spa</dc:language>
  <dc:type>info:eu-repo/semantics/bachelorThesis</dc:type>
  <dc:rights>by-nc-sa</dc:rights>
  <dc:rights>http://creativecommons.org/licenses/by-nc-sa/3.0/</dc:rights>
</oai_dc:dc>