<?xml version="1.0" encoding="UTF-8"?><oai_dc:dc xmlns:oai_dc="http://www.openarchives.org/OAI/2.0/oai_dc/" xmlns:dc="http://purl.org/dc/elements/1.1/" xmlns:xsi="http://www.w3.org/2001/XMLSchema-instance" xsi:schemaLocation="http://www.openarchives.org/OAI/2.0/oai_dc/ http://www.openarchives.org/OAI/2.0/oai_dc.xsd">
  <dc:creator>Sánchez Sánchez, Ana</dc:creator>
  <dc:creator>Castellote García, Ana</dc:creator>
  <dc:title>Análisis de las caídas registradas durante seis meses en personas institucionalizadas en la residencia "Javalambre" de Teruel</dc:title>
  <dc:identifier>http://zaguan.unizar.es/record/10586</dc:identifier>
  <dc:subject>caídas</dc:subject>
  <dc:subject>ancianos</dc:subject>
  <dc:subject>institución</dc:subject>
  <dc:publisher>Universidad de Zaragoza</dc:publisher>
  <dc:date>2013</dc:date>
  <dc:description>Objetivo: incidencia de personas mayores de 65 años que sufren caídas en la residencia "Javalambre" de Teruel, conocer su perfil, evaluar las circunstancias y consecuencias. Material y método: estudio descriptivo transversal y retrospectivo de las caídas registradas en el centro entre el 1 de julio y el 31 de diciembre de 2012. Se recogieron las siguientes variables: sexo, edad, índice de Barthel, enfermedades y fármacos que tomaban y favorecían las caídas, circunstancias, lugar y consecuencias, así como el uso de ayudas técnicas para deambular. Resultados: durante el periodo de estudio se encontraban institucionalizados 361 residentes, de los cuales 112 sufrieron caídas, lo que implica una incidencia acumulada del 31%. Se registraron 202 caídas en 93 pacientes, con una media de 2,17 caídas por residente (DE=1,85 caídas).La media de edad era de 87 años y la media del índice de Barthel era de 30,75 puntos (DE=25,82puntos), presentando el 48,4% de los residentes con caídas una gran dependencia. El mayor número de caídas se produjo en la habitación. Un 26,9% sufrieron caídas de repetición. El 76,23% de las caídas presentaron lesiones no aparentes, en el 4% las lesiones fueron fracturas de cadera. Conclusiones: los datos del registro nos ha permitido conocer el perfil del residente que sufre caídas en esta residencia, afirmando que se produjeron en residentes con una edad media de 87 años. El mayor numero de caídas se produjo en el turno de mañana y en la habitación. Un 26,9% de los residentes con caídas las tuvieron de forma repetida.</dc:description>
  <dc:format>pdf</dc:format>
  <dc:language>spa</dc:language>
  <dc:type>info:eu-repo/semantics/bachelorThesis</dc:type>
  <dc:rights>by-nc-sa</dc:rights>
  <dc:rights>http://creativecommons.org/licenses/by-nc-sa/3.0/</dc:rights>
</oai_dc:dc>