<?xml version="1.0" encoding="UTF-8"?><oai_dc:dc xmlns:oai_dc="http://www.openarchives.org/OAI/2.0/oai_dc/" xmlns:dc="http://purl.org/dc/elements/1.1/" xmlns:xsi="http://www.w3.org/2001/XMLSchema-instance" xsi:schemaLocation="http://www.openarchives.org/OAI/2.0/oai_dc/ http://www.openarchives.org/OAI/2.0/oai_dc.xsd">
  <dc:creator>Oliva Lara, Sandra</dc:creator>
  <dc:creator>Muniesa Soriano, José Ángel</dc:creator>
  <dc:title>Complicaciones de la prostatectomía radical en los pacientes intervenidos en el Hospital Obispo Polanco en Teruel entre el 2008-2013</dc:title>
  <dc:identifier>http://zaguan.unizar.es/record/10563</dc:identifier>
  <dc:publisher>Universidad de Zaragoza</dc:publisher>
  <dc:date>2013</dc:date>
  <dc:description>La prostatectomía radical (PR) es considerada el patrón de oro en el tratamiento del adenocarcinoma de próstata localizado, con morbilidad baja y mortalidad general de 0.2%, con una supervivencia de 10 años. El procedimiento no está exento de complicaciones (5% a 7%) y su factor más frecuente es  la edad avanzada. Objetivo: Nuestro objetivo ha sido realizar una valoración retrospectiva en nuestro centro de las complicaciones quirúrgicas en pacientes intervenidos de prostatectomía radical. Métodos: El estudio se realiza entre el 1 de enero del 2008 hasta el 1 de enero del 2013. Es un  estudio observacional descriptivo, de tipo transversal, en el cual de forma retrospectiva se revisaron las historias clínicas de los pacientes que fueron diagnosticados con cáncer de próstata en el Hospital Obispo Polanco. Resultados: De 88 pacientes intervenidos, 51 pacientes presentaron en el hospital algún tipo de complicaciones (58%). La mediana de edad de la muestra total  es de 68 años. Como complicaciones tempranas cabe destacar que  23 pacientes  tuvieron un drenaje hematúrico (26.1%) y  13 pacientes se quejaron de dolor  en algún momento del post-operatorio (14.8%). Como complicaciones tardías destacamos que un 10,2% padecieron incontinencia urinaria, el 8.7% padecieron disfunción eréctil. Conclusiones: La prostatectomía radical es un procedimiento seguro, bien tolerado y con una baja tasa de complicaciones. Es necesario conocer las complicaciones potenciales de este procedimiento para tomar las decisiones terapéuticas adecuadas.</dc:description>
  <dc:format>pdf</dc:format>
  <dc:language>spa</dc:language>
  <dc:type>info:eu-repo/semantics/bachelorThesis</dc:type>
  <dc:rights>by-nc-sa</dc:rights>
  <dc:rights>http://creativecommons.org/licenses/by-nc-sa/3.0/</dc:rights>
</oai_dc:dc>