<?xml version="1.0" encoding="UTF-8"?><oai_dc:dc xmlns:oai_dc="http://www.openarchives.org/OAI/2.0/oai_dc/" xmlns:dc="http://purl.org/dc/elements/1.1/" xmlns:xsi="http://www.w3.org/2001/XMLSchema-instance" xsi:schemaLocation="http://www.openarchives.org/OAI/2.0/oai_dc/ http://www.openarchives.org/OAI/2.0/oai_dc.xsd">
  <dc:creator>García Hoyos, Marcela</dc:creator>
  <dc:creator>Aliaga Jiménez, José Luis</dc:creator>
  <dc:title>Feminismo, multiculturalidad e interculturalidad</dc:title>
  <dc:identifier>http://zaguan.unizar.es/record/10959</dc:identifier>
  <dc:publisher>Universidad de Zaragoza</dc:publisher>
  <dc:date>2013</dc:date>
  <dc:description>El presente trabajo analiza la forma en que son abordadas las diferencias dentro del feminismo, cuando las categorías de raza, clase y lugar de procedencia plantean nuevas complejidades a un movimiento creado originalmente para resolver las necesidades de las mujeres del mundo desarrollado. Un recuento de la teoría feminista, desde los orígenes del movimiento hasta la situación actual, y una crítica de su relación con la multiculturalidad, permiten revisar el impacto que las migraciones tienen en la vida de millones de mujeres: pese a vivir en el primer mundo, construcciones culturales —tanto del lugar de origen como de acogida— obstaculizan su acceso a los derechos alcanzados por el feminismo.</dc:description>
  <dc:format>pdf</dc:format>
  <dc:language>spa</dc:language>
  <dc:type>info:eu-repo/semantics/masterThesis</dc:type>
  <dc:rights>by-nc-sa</dc:rights>
  <dc:rights>http://creativecommons.org/licenses/by-nc-sa/3.0/</dc:rights>
</oai_dc:dc>