<?xml version="1.0" encoding="UTF-8"?><oai_dc:dc xmlns:oai_dc="http://www.openarchives.org/OAI/2.0/oai_dc/" xmlns:dc="http://purl.org/dc/elements/1.1/" xmlns:xsi="http://www.w3.org/2001/XMLSchema-instance" xsi:schemaLocation="http://www.openarchives.org/OAI/2.0/oai_dc/ http://www.openarchives.org/OAI/2.0/oai_dc.xsd">
  <dc:creator>Abad García, Isabel</dc:creator>
  <dc:creator>Villarroya Aparicio, María Adoración</dc:creator>
  <dc:creator>Campos Sanz, Asunción</dc:creator>
  <dc:title>Tratamiento fisioterápico de un caso de hemiplejia mediante el método Bobath</dc:title>
  <dc:identifier>http://zaguan.unizar.es/record/10864</dc:identifier>
  <dc:publisher>Universidad de Zaragoza</dc:publisher>
  <dc:date>2013</dc:date>
  <dc:description>Aplicación de un plan de intervención fisioterápico basado en el concepto Bobath sobre un paciente que presentaba un cuadro de hemiplejia derecha completa a consecuencia de un accidente cerebrovascular isquémico lacunar izquierdo y una severa gonartrosis en el lado contralateral.</dc:description>
  <dc:format>pdf</dc:format>
  <dc:language>spa</dc:language>
  <dc:type>info:eu-repo/semantics/bachelorThesis</dc:type>
  <dc:rights>by-nc-sa</dc:rights>
  <dc:rights>http://creativecommons.org/licenses/by-nc-sa/3.0/</dc:rights>
</oai_dc:dc>