<?xml version="1.0" encoding="UTF-8"?><oai_dc:dc xmlns:oai_dc="http://www.openarchives.org/OAI/2.0/oai_dc/" xmlns:dc="http://purl.org/dc/elements/1.1/" xmlns:xsi="http://www.w3.org/2001/XMLSchema-instance" xsi:schemaLocation="http://www.openarchives.org/OAI/2.0/oai_dc/ http://www.openarchives.org/OAI/2.0/oai_dc.xsd">
  <dc:creator>Álvarez Quintín, Cristian</dc:creator>
  <dc:creator>Lacalzada de Mateo, María José</dc:creator>
  <dc:title>La discapacidad física y el empleo ante las políticas sociales</dc:title>
  <dc:identifier>http://zaguan.unizar.es/record/11049</dc:identifier>
  <dc:subject>discapacidad</dc:subject>
  <dc:subject>empleo</dc:subject>
  <dc:subject>personas con discapacidad física</dc:subject>
  <dc:subject>políticas sociales</dc:subject>
  <dc:publisher>Universidad de Zaragoza</dc:publisher>
  <dc:date>2013</dc:date>
  <dc:description>Se comprueban, estudian y analizan una serie de datos referentes al acceso al mundo laboral de las personas con discapacidad física, para realizar una serie de propuestas que pudieran introducir mejoras en el tema en cuestión. Se estudian aquellas conjeturas que se derivan de la situación en la que las personas con discapacidad física están envueltas en su acceso al mundo laboral (ventajas y desventajas que esto provoca, políticas sociales creadas por este motivo, normativa existente, perjuicios sociales, estadísticas oficiales, caminos de entrada del discapacitado al empleo, programas y servicios que lo facilitan, los porqués del si o el no de la contratación, la manera que ha afectado a estas situaciones el actual momento económico…).</dc:description>
  <dc:format>pdf</dc:format>
  <dc:language>spa</dc:language>
  <dc:type>info:eu-repo/semantics/bachelorThesis</dc:type>
  <dc:rights>by-nc-sa</dc:rights>
  <dc:rights>http://creativecommons.org/licenses/by-nc-sa/3.0/</dc:rights>
</oai_dc:dc>