<?xml version="1.0" encoding="UTF-8"?><oai_dc:dc xmlns:oai_dc="http://www.openarchives.org/OAI/2.0/oai_dc/" xmlns:dc="http://purl.org/dc/elements/1.1/" xmlns:xsi="http://www.w3.org/2001/XMLSchema-instance" xsi:schemaLocation="http://www.openarchives.org/OAI/2.0/oai_dc/ http://www.openarchives.org/OAI/2.0/oai_dc.xsd">
  <dc:creator>Conte Mestre, Mª Carmen</dc:creator>
  <dc:creator>Mendiara Laplaza, Cristina</dc:creator>
  <dc:creator>Roldán Forcén, Verónica</dc:creator>
  <dc:creator>Gallego Ranedo, Carmen</dc:creator>
  <dc:title>Buenas prácticas de Trabajo Social con redes de apoyo social</dc:title>
  <dc:identifier>http://zaguan.unizar.es/record/11016</dc:identifier>
  <dc:subject>buenas prácticas</dc:subject>
  <dc:subject>centros municipales de servicios sociales</dc:subject>
  <dc:subject>estrategias de intervención</dc:subject>
  <dc:subject>redes de apoyo social</dc:subject>
  <dc:publisher>Universidad de Zaragoza</dc:publisher>
  <dc:date>2013</dc:date>
  <dc:description>A partir de las conclusiones extraídas del Prácticum de investigación “Las redes de apoyo social de los nuevos pobres”, presentado en la Facultad de Ciencias Sociales y del Trabajo de Zaragoza, en enero de 2013, pretendemos averiguar si en las intervenciones de los profesionales del Trabajo Social de los Centros de Servicios Sociales Municipales del Ayuntamiento de Zaragoza se incorporan las redes de apoyo social de las personas usuarias. Tras estas averiguaciones, recopilaremos las buenas prácticas detectadas, así como las propuestas que los profesionales expongan, con el fin de elaborar un catálogo de buenas prácticas de intervención con redes de apoyo social.</dc:description>
  <dc:format>pdf</dc:format>
  <dc:language>spa</dc:language>
  <dc:type>info:eu-repo/semantics/bachelorThesis</dc:type>
  <dc:rights>by-nc-sa</dc:rights>
  <dc:rights>http://creativecommons.org/licenses/by-nc-sa/3.0/</dc:rights>
</oai_dc:dc>