<?xml version="1.0" encoding="UTF-8"?><oai_dc:dc xmlns:oai_dc="http://www.openarchives.org/OAI/2.0/oai_dc/" xmlns:dc="http://purl.org/dc/elements/1.1/" xmlns:xsi="http://www.w3.org/2001/XMLSchema-instance" xsi:schemaLocation="http://www.openarchives.org/OAI/2.0/oai_dc/ http://www.openarchives.org/OAI/2.0/oai_dc.xsd">
  <dc:creator>Tena Sorribas, Luisa</dc:creator>
  <dc:creator>Muniesa Soriano, José Ángel</dc:creator>
  <dc:title>Grado de satisfacción de los pacientes sometidos a PAAF en el Hospital Obispo Polanco de Teruel</dc:title>
  <dc:identifier>http://zaguan.unizar.es/record/10602</dc:identifier>
  <dc:subject>satisfacción del paciente</dc:subject>
  <dc:subject>encuesta personal</dc:subject>
  <dc:subject>punción aspiración con aguja fina (paaf)</dc:subject>
  <dc:subject>calidad asistencial</dc:subject>
  <dc:publisher>Universidad de Zaragoza</dc:publisher>
  <dc:date>2013</dc:date>
  <dc:description>Introducción-justificación: En los últimos años, se está demandando cada vez más la práctica de Punción Aspiración con Aguja Fina (PAAF), por tanto, es conveniente que conozcamos qué opinión tienen los usuarios que  se someten a la misma en el Servicio de Anatomía Patológica del Hospital  Obispo Polanco de Teruel, para mejorar sus prestaciones. Objetivos: El objetivo general es describir la satisfacción de los usuarios mediante una encuesta validada y como objetivo específico se relacionará la variable “evaluación del grado de satisfacción” con variables como el sexo, la edad, dolor, zona de punción y otros aspectos. Dando a conocer de este  modo qué nivel de influencia tienen. Una vez se conozca la satisfacción  percibida por los pacientes, se plantearán ajustes, propuestas de mejora de la calidad asistencial, si como mínimo un 90% de los encuestados no están  “satisfechos”. Metodología : estudio prospectivo, descriptivo, transversal, realizado mediante una encuesta validada, facilitada al paciente una vez terminada la asistencia. Los datos fueron procesados mediante el SPSS.15.0. Resultados: se recogieron 100 cuestionarios con los siguientes  porcentajes de satisfacción: satisfecho (8’9%), muy satisfecho (46’7%) y excelente grado de satisfacción (44’4%). Conclusión : se ha conseguido el objetivo planteado y se debe seguir trabajando en la línea actual.</dc:description>
  <dc:format>pdf</dc:format>
  <dc:language>spa</dc:language>
  <dc:type>info:eu-repo/semantics/bachelorThesis</dc:type>
  <dc:rights>by-nc-sa</dc:rights>
  <dc:rights>http://creativecommons.org/licenses/by-nc-sa/3.0/</dc:rights>
</oai_dc:dc>