<?xml version="1.0" encoding="UTF-8"?><oai_dc:dc xmlns:oai_dc="http://www.openarchives.org/OAI/2.0/oai_dc/" xmlns:dc="http://purl.org/dc/elements/1.1/" xmlns:xsi="http://www.w3.org/2001/XMLSchema-instance" xsi:schemaLocation="http://www.openarchives.org/OAI/2.0/oai_dc/ http://www.openarchives.org/OAI/2.0/oai_dc.xsd">
  <dc:creator>Leal Campillo, Patricia</dc:creator>
  <dc:creator>Sanz Abós, Beatriz Esperanza</dc:creator>
  <dc:title>Cuidados de enfermería del paciente colostomizado</dc:title>
  <dc:identifier>http://zaguan.unizar.es/record/10764</dc:identifier>
  <dc:publisher>Universidad de Zaragoza</dc:publisher>
  <dc:date>2013</dc:date>
  <dc:description>La realización de una colostomía es una práctica quirúrgica muy extendida y que afecta a un gran número de personas en nuestro país. Este acto quirúrgico, derivado de múltiples enfermedades entre ellas la más importante el cáncer colorrectal, provoca en las personas a las que se le realiza un amplio conjunto de cambios tanto físicos como psicológicos. Todos estos cambios suelen tener un impacto negativo en la calidad de vida de estas personas. Este trabajo analiza los cuidados pertinentes que el enfermero estomatoterapeuta debe ofrecer a estos pacientes colostomizados antes, durante y después de su ingreso hospitalario realizando un seguimiento continuado. El trabajo de seguimiento y apoyo emocional que les proporciona a estos individuos el enfermero especialista pretende alcanzar en ellos una calidad de vida aceptable y un menor número de complicaciones en este proceso.</dc:description>
  <dc:format>pdf</dc:format>
  <dc:language>spa</dc:language>
  <dc:type>info:eu-repo/semantics/bachelorThesis</dc:type>
  <dc:rights>by-nc-sa</dc:rights>
  <dc:rights>http://creativecommons.org/licenses/by-nc-sa/3.0/</dc:rights>
</oai_dc:dc>