<?xml version="1.0" encoding="UTF-8"?><oai_dc:dc xmlns:oai_dc="http://www.openarchives.org/OAI/2.0/oai_dc/" xmlns:dc="http://purl.org/dc/elements/1.1/" xmlns:xsi="http://www.w3.org/2001/XMLSchema-instance" xsi:schemaLocation="http://www.openarchives.org/OAI/2.0/oai_dc/ http://www.openarchives.org/OAI/2.0/oai_dc.xsd">
  <dc:creator>Gracia Peligero, María Teresa</dc:creator>
  <dc:creator>León Puy, Juan Francisco</dc:creator>
  <dc:title>El paciente anticoagulado en atención primaria y su adherencia al tratamiento</dc:title>
  <dc:identifier>http://zaguan.unizar.es/record/10499</dc:identifier>
  <dc:subject>anticoagulantes</dc:subject>
  <dc:subject>coagulómetros portátiles</dc:subject>
  <dc:subject>atención primaria</dc:subject>
  <dc:subject>adherencia al tratamiento</dc:subject>
  <dc:publisher>Universidad de Zaragoza</dc:publisher>
  <dc:date>2013</dc:date>
  <dc:description>Cada vez hay más pacientes anticoagulados que son controlados en las consultas de enfermería de atención primaria. OBJETIVOS Conocer la adherencia al tratamiento con anticoagulantes orales de los pacientes que son controlados en las consultas de enfermería mediante la utilización de coagulómetros portátiles. MATERIAL Y MÉTODOS Se trata de un estudio descriptivo transversal, mediante cuestionario en una consulta de enfermería de un centro de salud urbano, sobre una muestra de 10 pacientes. Las variables principales a estudio fueron: sexo, edad, número de fármacos que tomaban diariamente, test de adherencia al tratamiento “test Morinsky-Green” y conocimientos previos que tenían los pacientes acerca de su tratamiento. RESULTADOS Un 80% de la muestra eran pacientes polimedicados y tenían conocimientos de cómo actuar ante una complicación derivada de la toma de anticoagulantes. Con respecto a la adhesión al tratamiento, la totalidad de la muestra manifestaba cumplir todas las premisas del test de Morinsky-Green. Mientras duró el trabajo de investigación el 80% de la muestra permaneció dentro del rango terapeútico que tenían prefijado. CONCLUSIONES Se concluyó que la adherencia al tratamiento era del 100% de los pacientes. Este dato conlleva una importante minimización de posibles complicaciones.</dc:description>
  <dc:format>pdf</dc:format>
  <dc:language>spa</dc:language>
  <dc:type>info:eu-repo/semantics/bachelorThesis</dc:type>
  <dc:rights>by-nc-sa</dc:rights>
  <dc:rights>http://creativecommons.org/licenses/by-nc-sa/3.0/</dc:rights>
</oai_dc:dc>