<?xml version="1.0" encoding="UTF-8"?><oai_dc:dc xmlns:oai_dc="http://www.openarchives.org/OAI/2.0/oai_dc/" xmlns:dc="http://purl.org/dc/elements/1.1/" xmlns:xsi="http://www.w3.org/2001/XMLSchema-instance" xsi:schemaLocation="http://www.openarchives.org/OAI/2.0/oai_dc/ http://www.openarchives.org/OAI/2.0/oai_dc.xsd">
  <dc:creator>Casanova Hidalgo, Ana Belén</dc:creator>
  <dc:creator>Gómez Tolón, Jesús</dc:creator>
  <dc:title>Plan de intervención individual en un anciano con ACV</dc:title>
  <dc:identifier>http://zaguan.unizar.es/record/10851</dc:identifier>
  <dc:subject>ACV</dc:subject>
  <dc:subject>terapia ocupacional</dc:subject>
  <dc:subject>anciano</dc:subject>
  <dc:subject>modelo de ocupación humana</dc:subject>
  <dc:publisher>Universidad de Zaragoza</dc:publisher>
  <dc:date>2013</dc:date>
  <dc:description>Plan de intervención mediante terapia ocupacional en un anciano con ACV. El tratamiento se inicia con una evaluación inicial mediante escalas de valoración del Modelo de Ocupación Humana, del sistema volitivo de manera global y sintetizada, de las praxias y de las distintas gnosias, un estudio cinesiológico mediante balance articular y muscular de las extremidades, así como de la sensibilidad estereoceptiva y propioceptiva y  finalmente de las AVD. En función de la evaluación se plantearon unos objetivos de intervención que se desarrollarían a través de la realización de tareas ocupacionales dirigidas a favorecer la bimanualidad y mejorar los déficits neuropsicológicos y cognitivos. Todo esto propició la aparición de unos objetivos del trabajo y su consecución. Finalmente, se realizó una reevaluación análoga a la inicial donde los resultados no mostraron grandes mejorías, pero sí cierta progresión en el ámbito de la ocupación y las actividades de autocuidado.</dc:description>
  <dc:format>pdf</dc:format>
  <dc:language>spa</dc:language>
  <dc:type>info:eu-repo/semantics/bachelorThesis</dc:type>
  <dc:rights>by-nc-sa</dc:rights>
  <dc:rights>http://creativecommons.org/licenses/by-nc-sa/3.0/</dc:rights>
</oai_dc:dc>