<?xml version="1.0" encoding="UTF-8"?><oai_dc:dc xmlns:oai_dc="http://www.openarchives.org/OAI/2.0/oai_dc/" xmlns:dc="http://purl.org/dc/elements/1.1/" xmlns:xsi="http://www.w3.org/2001/XMLSchema-instance" xsi:schemaLocation="http://www.openarchives.org/OAI/2.0/oai_dc/ http://www.openarchives.org/OAI/2.0/oai_dc.xsd">
  <dc:creator>Pano Cuello, José Luis</dc:creator>
  <dc:creator>Sabio Alcutén, Alberto</dc:creator>
  <dc:title>Del casino a la peña. Los espacios de sociabilidad desde finales del siglo XIX a finales del siglo XX en Barbastro</dc:title>
  <dc:identifier>http://zaguan.unizar.es/record/10172</dc:identifier>
  <dc:subject>casino</dc:subject>
  <dc:subject>peña</dc:subject>
  <dc:subject>sociabilidad</dc:subject>
  <dc:subject>barbastro</dc:subject>
  <dc:publisher>Universidad de Zaragoza</dc:publisher>
  <dc:date>2013</dc:date>
  <dc:description>Análisis y descripción de las sociedades de recreo existentes en Barbastro en el siglo XIX y XX, así como los cafés, burdeles y espacios de ocio más frecuentados por los barbastrenses. Con ello se pretende aproximarnos al concepto de sociabilidad y realizar una historia social del siglo XX en la ciudad de Barbastro.</dc:description>
  <dc:format>pdf</dc:format>
  <dc:language>spa</dc:language>
  <dc:type>info:eu-repo/semantics/masterThesis</dc:type>
  <dc:rights>by-nc-sa</dc:rights>
  <dc:rights>http://creativecommons.org/licenses/by-nc-sa/3.0/</dc:rights>
</oai_dc:dc>