<?xml version="1.0" encoding="UTF-8"?><oai_dc:dc xmlns:oai_dc="http://www.openarchives.org/OAI/2.0/oai_dc/" xmlns:dc="http://purl.org/dc/elements/1.1/" xmlns:xsi="http://www.w3.org/2001/XMLSchema-instance" xsi:schemaLocation="http://www.openarchives.org/OAI/2.0/oai_dc/ http://www.openarchives.org/OAI/2.0/oai_dc.xsd">
  <dc:creator>Mateo Marín, Víctor</dc:creator>
  <dc:creator>Carreras, Juan José</dc:creator>
  <dc:title>Influencias de la música experimental en el rock</dc:title>
  <dc:identifier>http://zaguan.unizar.es/record/10166</dc:identifier>
  <dc:subject>música experimental </dc:subject>
  <dc:subject>minimalismo</dc:subject>
  <dc:subject>posmodernismo</dc:subject>
  <dc:subject>john cage</dc:subject>
  <dc:subject>la monte young</dc:subject>
  <dc:subject>terry riley</dc:subject>
  <dc:subject>steve reich</dc:subject>
  <dc:subject>philip glass</dc:subject>
  <dc:subject>rock</dc:subject>
  <dc:subject>krautrock</dc:subject>
  <dc:subject>postpunk</dc:subject>
  <dc:subject>john cale</dc:subject>
  <dc:subject>brian eno</dc:subject>
  <dc:subject>the velvet underground</dc:subject>
  <dc:subject>roxy music</dc:subject>
  <dc:publisher>Universidad de Zaragoza</dc:publisher>
  <dc:date>2013</dc:date>
  <dc:description>El presente trabajo trata de demostrar la presencia de una serie de características surgidas en la música experimental y definitorias del minimalismo musical, que durante las décadas de 1960 y 1970 fueron transferidas a una parte de la música popular, el rock. Gracias a, principalmente, dos autores vinculados tanto a uno como a otro ámbito, la estética, técnica y estilo experimentalista propio de la música minimalista inicial dejó marca en la renovación del rock a partir de mediados de los años ’60. Algunos de los conceptos con los John Cale y Brian Eno experimentaron dentro de tradición de la música culta, poco tiempo más tarde, fueron aplicados en su producción individual y corporativa con grupos de música popular urbana como The Velvet Underground, Roxy Music y David Bowie. Así pues, movimientos posteriores influenciados por tales bandas y autores presentaban un eclecticismo en el que convergían valores de dos vertientes de la música tradicionalmente separadas, la música “culta“ y la música popular.</dc:description>
  <dc:format>pdf</dc:format>
  <dc:language>spa</dc:language>
  <dc:type>info:eu-repo/semantics/masterThesis</dc:type>
  <dc:rights>by-nc-sa</dc:rights>
  <dc:rights>http://creativecommons.org/licenses/by-nc-sa/3.0/</dc:rights>
</oai_dc:dc>