<?xml version="1.0" encoding="UTF-8"?><oai_dc:dc xmlns:oai_dc="http://www.openarchives.org/OAI/2.0/oai_dc/" xmlns:dc="http://purl.org/dc/elements/1.1/" xmlns:xsi="http://www.w3.org/2001/XMLSchema-instance" xsi:schemaLocation="http://www.openarchives.org/OAI/2.0/oai_dc/ http://www.openarchives.org/OAI/2.0/oai_dc.xsd">
  <dc:creator>Druet Solanas, Daniel</dc:creator>
  <dc:creator>Muñoz Porcar, Antonio</dc:creator>
  <dc:title>Aplicación de una herramienta de ayuda a la decisión multicriterio discreta en la elección de un activo en el sector del metal. Métodos ELECTRE I y IV</dc:title>
  <dc:identifier>http://zaguan.unizar.es/record/10600</dc:identifier>
  <dc:subject>electre</dc:subject>
  <dc:subject>multicriterio</dc:subject>
  <dc:publisher>Universidad de Zaragoza</dc:publisher>
  <dc:date>2013</dc:date>
  <dc:description>El objetivo del proyecto que se presenta es la elección de la mejor inversión en activos para una empresa del sector del metal. La obsolescencia de los activos utilizados ha llevado a la empresa a la decisión de su renovación con el fin de mejorar su competitividad y mejorar los tiempos empleados en su proceso productivo. Esta decisión, compleja debido a la inmovilización de recursos que supone, se ha tomado con el apoyo de metodologías de ayuda a la toma de decisiones. Los responsables decidieron apoyarse en una herramienta de ayuda a la decisión multicriterio denominada ELECTRE. En el proceso se contemplan las siguientes fases y metodologías: 1.- Configuración técnica de la inversión. Metodología utilizada ELECTRE I. 2.- Selección del activo a adquirir. Metodología utilizada ELECTRE IV. 3.- Análisis de los resultados obtenidos y medida de la mejora en la competitividad de la empresa en función de la decisión tomada.  La ayuda en la toma de decisiones en las empresas se utiliza en multitud de situaciones. Decisiones tácticas o estratégicas requieren del rigor técnico y la ayuda científica para que sirvan de mejora en las oportunidades de negocio. La evolución positiva en los procesos productivos propiciados por una mejora en los activos utilizados redundará sin duda en una mejora en la posición competitiva de la empresa.</dc:description>
  <dc:format>pdf</dc:format>
  <dc:language>spa</dc:language>
  <dc:type>info:eu-repo/semantics/masterThesis</dc:type>
  <dc:rights>by-nc-sa</dc:rights>
  <dc:rights>http://creativecommons.org/licenses/by-nc-sa/3.0/</dc:rights>
</oai_dc:dc>