<?xml version="1.0" encoding="UTF-8"?><oai_dc:dc xmlns:oai_dc="http://www.openarchives.org/OAI/2.0/oai_dc/" xmlns:dc="http://purl.org/dc/elements/1.1/" xmlns:xsi="http://www.w3.org/2001/XMLSchema-instance" xsi:schemaLocation="http://www.openarchives.org/OAI/2.0/oai_dc/ http://www.openarchives.org/OAI/2.0/oai_dc.xsd">
  <dc:creator>Puebla Guedea, Marta</dc:creator>
  <dc:creator>García Campayo, Javier</dc:creator>
  <dc:title>Eficacia y coste-efectividad de un programa de psicoterapia asistida por ordenador para el tratamiento de la depresión mayor en atención primaria: Estudio controlado randomizado</dc:title>
  <dc:identifier>http://zaguan.unizar.es/record/11144</dc:identifier>
  <dc:publisher>Universidad de Zaragoza</dc:publisher>
  <dc:date>2013</dc:date>
  <dc:description>Antecedentes: La depresión será en 2020 la segunda causa de discapacidad en el mundo. La  psicoterapia asistida por ordenador constituye una alternativa terapéutica eficaz y coste-efectiva.  Objetivo: Desarrollar un programa de psicoterapia asistida por ordenador y evaluar su eficacia. Método: Consta de 3 fases: 1.- Desarrollo de un programa asistido por ordenador adaptado a nuestro entorno cultural y asistencial. 2.- Estudio controlado aleatorizado: Se estudiará una muestra de N=300 pacientes con depresión leve/moderada reclutados en atención primaria. Deberán tener acceso a internet en el domicilio, no estar en tratamiento psicológico previo, y no padecer otra enfermedad somática o  psiquiátrica grave. Se les asignará aleatoriamente a: A) Psicoterapia por ordenador dirigida de baja intensidad + tratamiento habitual (mejorado) por el médico de familia B) Psicoterapia por ordenador autodirigida + tratamiento habitual (mejorado) por el médico de familia. C) Tratamiento habitual (mejorado) por el médico de familia. El diagnóstico de depresión se realizará con la entrevista  psiquiátrica MINI. La variable principal de resultado será la puntuación en el cuestionario de depresión de Beck II. También se administrará el EuroQol 5D (calidad de vida), el SF-12 Health  Survey (estado funcional) y el Client Service Receipt Inventory (consumo de servicios sanitarios y sociales). Los pacientes serán evaluados en el momento basal y a los 3, 6 y 12 meses postratamiento.</dc:description>
  <dc:format>pdf</dc:format>
  <dc:language>spa</dc:language>
  <dc:type>info:eu-repo/semantics/masterThesis</dc:type>
  <dc:rights>by-nc-sa</dc:rights>
  <dc:rights>http://creativecommons.org/licenses/by-nc-sa/3.0/</dc:rights>
</oai_dc:dc>