<?xml version="1.0" encoding="UTF-8"?><oai_dc:dc xmlns:oai_dc="http://www.openarchives.org/OAI/2.0/oai_dc/" xmlns:dc="http://purl.org/dc/elements/1.1/" xmlns:xsi="http://www.w3.org/2001/XMLSchema-instance" xsi:schemaLocation="http://www.openarchives.org/OAI/2.0/oai_dc/ http://www.openarchives.org/OAI/2.0/oai_dc.xsd">
  <dc:creator>Fernández Sáinz, Elisa</dc:creator>
  <dc:creator>Sanz Valer, Patricia</dc:creator>
  <dc:title>Programa de terapia ocupacional en un centro de día de Alzheimer en La Rioja</dc:title>
  <dc:identifier>http://zaguan.unizar.es/record/11111</dc:identifier>
  <dc:subject>terapia ocupacional  </dc:subject>
  <dc:subject>centro de día de Alzheimer</dc:subject>
  <dc:publisher>Universidad de Zaragoza</dc:publisher>
  <dc:date>2013</dc:date>
  <dc:description>Propuesta de un programa de terapia ocupacional en un centro de día de Alzheimer gestionado por religiosas en Rincón de Soto, La Rioja.</dc:description>
  <dc:format>pdf</dc:format>
  <dc:language>spa</dc:language>
  <dc:type>info:eu-repo/semantics/bachelorThesis</dc:type>
  <dc:rights>by-nc-sa</dc:rights>
  <dc:rights>http://creativecommons.org/licenses/by-nc-sa/3.0/</dc:rights>
</oai_dc:dc>