<?xml version="1.0" encoding="UTF-8"?><oai_dc:dc xmlns:oai_dc="http://www.openarchives.org/OAI/2.0/oai_dc/" xmlns:dc="http://purl.org/dc/elements/1.1/" xmlns:xsi="http://www.w3.org/2001/XMLSchema-instance" xsi:schemaLocation="http://www.openarchives.org/OAI/2.0/oai_dc/ http://www.openarchives.org/OAI/2.0/oai_dc.xsd">
  <dc:creator>Gaspar Lasanta, Pablo</dc:creator>
  <dc:creator>Francés Pérez, Eva María</dc:creator>
  <dc:title>El tomate</dc:title>
  <dc:identifier>http://zaguan.unizar.es/record/10535</dc:identifier>
  <dc:subject>tomate</dc:subject>
  <dc:publisher>Universidad de Zaragoza</dc:publisher>
  <dc:date>2013</dc:date>
  <dc:description>En el siguiente proyecto se hablará de una de las frutas más consumidas en todo el mundo: el tomate. El proyecto empieza hablando de forma genérica sobre su definición, origen y su introducción en el continente europeo. A continuación se estudia su composición química y  de las variedades de tomate más producidas y consumidas en el territorio español, pero en hay muchas más variedades en todo el mundo.  También se habla de las zonas donde más se producen estas variedades de tomate, cuando deben producirse y en qué condiciones. Posteriormente se tratan las características y propiedades que tienen los frutos, especialmente de uno importante, el licopeno, que por las propiedades de este pigmento, convierte al tomate en un alimento muy saludable. Después se entrará a valorar cómo ha variado el consumo del tomate en los últimos años, tanto en Europa como en el Mundo, nombrando también las empresas españolas más importantes. Más tarde se hablará de las técnicas de cultivo del tomate y de cómo acondicionar tanto el suelo antes de su crecimiento, como la propia planta cuando está en desarrollo, incluyendo las posibles plagas que pueden afectarle, y de cómo acondicionar después de la recolección. A continuación se mostrarán los usos del tomate una vez recolectado, centrándose especialmente en las salsas que se pueden elaborar a partir de tomate, y más concretamente en la salsa de tomate frito, de la que se habla de todo el proceso que conlleva elaborarla y de la maquinaria necesaria para ello. Por último, se puede ver la normativa y las conclusiones.</dc:description>
  <dc:format>pdf</dc:format>
  <dc:language>spa</dc:language>
  <dc:type>info:eu-repo/semantics/masterThesis</dc:type>
  <dc:rights>by-nc-sa</dc:rights>
  <dc:rights>http://creativecommons.org/licenses/by-nc-sa/3.0/</dc:rights>
</oai_dc:dc>