<?xml version="1.0" encoding="UTF-8"?><oai_dc:dc xmlns:oai_dc="http://www.openarchives.org/OAI/2.0/oai_dc/" xmlns:dc="http://purl.org/dc/elements/1.1/" xmlns:xsi="http://www.w3.org/2001/XMLSchema-instance" xsi:schemaLocation="http://www.openarchives.org/OAI/2.0/oai_dc/ http://www.openarchives.org/OAI/2.0/oai_dc.xsd">
  <dc:creator>Garcés Fuertes, Paula</dc:creator>
  <dc:creator>Lucha López, Ana Carmen</dc:creator>
  <dc:title>Atención integral al paciente cistectomizado con derivación urinaria tipo Bricker por cáncer vesical</dc:title>
  <dc:identifier>http://zaguan.unizar.es/record/10732</dc:identifier>
  <dc:publisher>Universidad de Zaragoza</dc:publisher>
  <dc:date>2013</dc:date>
  <dc:description>La alta incidencia de cáncer de vejiga hace de esta patología un grave problema de salud pública. Un porcentaje de pacientes diagnosticados de tumor vesical infiltrante serán sometidos a una cistectomía radical con derivación urinaria, siendo la más frecuente la ureteroileostomía tipo Bricker. Esta intervención es el inicio de una vida nueva y más sana, aunque ocasiona diversas repercusiones sobre los pacientes y familiares. El personal de enfermería de la Unidad de Urología tiene un papel fundamental en la recuperación del paciente, y para ello es indispensable crear un plan de cuidados estandarizado que sirva como orientación al profesional y permita tratar las necesidades de cuidados desde una visión integral. Para la valoración sistemática del paciente se recurre a las necesidades básicas de Virginia Henderson y para los diagnósticos, criterios de resultados e intervenciones de enfermería se utiliza la taxonomía NANDA/NOC/NIC. Finalmente, se obtienen un total de 8 etiquetas diagnósticas, que, para unos cuidados de calidad, requieren 15 criterios de resultados, 18 intervenciones y múltiples actividades. En conclusión, con el uso de esta herramienta se consigue una gestión eficaz de los cuidados y al contar con medidas emocionales y educacionales facilita la adaptación del  paciente a su nueva situación de salud.</dc:description>
  <dc:format>pdf</dc:format>
  <dc:language>spa</dc:language>
  <dc:type>info:eu-repo/semantics/bachelorThesis</dc:type>
  <dc:rights>by-nc-sa</dc:rights>
  <dc:rights>http://creativecommons.org/licenses/by-nc-sa/3.0/</dc:rights>
</oai_dc:dc>