<?xml version="1.0" encoding="UTF-8"?><oai_dc:dc xmlns:oai_dc="http://www.openarchives.org/OAI/2.0/oai_dc/" xmlns:dc="http://purl.org/dc/elements/1.1/" xmlns:xsi="http://www.w3.org/2001/XMLSchema-instance" xsi:schemaLocation="http://www.openarchives.org/OAI/2.0/oai_dc/ http://www.openarchives.org/OAI/2.0/oai_dc.xsd">
  <dc:creator>Villabona Jiménez, María</dc:creator>
  <dc:creator>González de la Cuesta, Delia María</dc:creator>
  <dc:title>Protocolo de actuación de enfermería en la ventilación mecánica no invasiva para adultos</dc:title>
  <dc:identifier>http://zaguan.unizar.es/record/10728</dc:identifier>
  <dc:subject>VMNI</dc:subject>
  <dc:subject>ventilación no invasiva</dc:subject>
  <dc:subject>noninvasive ventilation</dc:subject>
  <dc:subject>guidelines</dc:subject>
  <dc:subject>cuidados de enfermería</dc:subject>
  <dc:subject>interfases</dc:subject>
  <dc:subject>CPAP</dc:subject>
  <dc:subject>BIPAP</dc:subject>
  <dc:publisher>Universidad de Zaragoza</dc:publisher>
  <dc:date>2013</dc:date>
  <dc:description>La ventilación mecánica no invasiva (VMNI) es a técnica que permite incrementar la ventilación alveolar sin precisar la intubación endotraqueal ni traqueotomía, evitando el riesgo de neumonía asociada a ventilación mecánica y disminuyendo las necesidades de sedación del paciente, además disminuye la incidencia de complicaciones en comparación con la ventilación convencional aunque no está exenta de ellas y reduce tanto el coste económico como las estancias hospitalarias. La posibilidad de proporcionar soporte ventilatorio eficaz y bien tolerado por el paciente a través de una mascarilla con respiradores que se adaptan a las necesidades del enfermo ha permitido ampliar su uso, no sólo en los servicios de Medicina Intensiva y de Unidades de Cuidados Intensivos, sino también en todo tipo de Unidades Hospitalarias, Quirúrgicas, en urgencias e incluso a nivel domiciliario. Para garantizar el éxito de dicha técnica se requiere educación y formación, tanto de los profesionales que la llevan a cabo como del propio paciente, que ha de ser partícipe durante todo el proceso. Los cuidados y atenciones de enfermería son cruciales, ya que es el profesional enfermero el encargado de crear un ambiente de confianza y seguridad, de realizar la supervisión constante de la técnica y de prevenir las complicaciones derivadas de la instauración de la VMNI. Por todo ello, es necesario realizar un protocolo de actuación de enfermería en la VMNI para adultos a través de una revisión bibliográfica actual que proporcione las pautas claras y concisas que sirvan de guía en las actividades que la enfermería ha de llevar a cabo durante la implantación de la técnica.</dc:description>
  <dc:format>pdf</dc:format>
  <dc:language>spa</dc:language>
  <dc:type>info:eu-repo/semantics/bachelorThesis</dc:type>
  <dc:rights>by-nc-sa</dc:rights>
  <dc:rights>http://creativecommons.org/licenses/by-nc-sa/3.0/</dc:rights>
</oai_dc:dc>