<?xml version="1.0" encoding="UTF-8"?><oai_dc:dc xmlns:oai_dc="http://www.openarchives.org/OAI/2.0/oai_dc/" xmlns:dc="http://purl.org/dc/elements/1.1/" xmlns:xsi="http://www.w3.org/2001/XMLSchema-instance" xsi:schemaLocation="http://www.openarchives.org/OAI/2.0/oai_dc/ http://www.openarchives.org/OAI/2.0/oai_dc.xsd">
  <dc:creator>Igado Gracia, Cristina</dc:creator>
  <dc:creator>García Labiano, Francisco Javier</dc:creator>
  <dc:creator>Gayán Sanz, Pilar</dc:creator>
  <dc:title>Gasificación de biomasa en doble lecho fluidizado. Disminución del contenido en alquitranes mediante el uso de Fe-olivina y filtros catalíticos</dc:title>
  <dc:identifier>http://zaguan.unizar.es/record/10202</dc:identifier>
  <dc:subject>gasificación</dc:subject>
  <dc:subject>biomasa</dc:subject>
  <dc:subject>lecho fluidizado</dc:subject>
  <dc:subject>alquitrán</dc:subject>
  <dc:subject>filtro catalítico</dc:subject>
  <dc:publisher>Universidad de Zaragoza</dc:publisher>
  <dc:date>2013</dc:date>
  <dc:description>En este trabajo se han analizado diferentes alternativas para reducir el contenido en alquitranes del gas de gasificación. El sistema utilizado es un doble lecho fluidizado. Se ha analizado el efecto que las principales variables de operación (material del lecho, temperatura de gasificación y relación H2O/biomasa) tienen sobre la composición de gases y formación de alquitranes. También se ha analizado el efecto de un filtro catalítico que opera a elevadas temperaturas.</dc:description>
  <dc:format>pdf</dc:format>
  <dc:language>spa</dc:language>
  <dc:type>info:eu-repo/semantics/masterThesis</dc:type>
  <dc:rights>by-nc-sa</dc:rights>
  <dc:rights>http://creativecommons.org/licenses/by-nc-sa/3.0/</dc:rights>
</oai_dc:dc>