<?xml version="1.0" encoding="UTF-8"?><oai_dc:dc xmlns:oai_dc="http://www.openarchives.org/OAI/2.0/oai_dc/" xmlns:dc="http://purl.org/dc/elements/1.1/" xmlns:xsi="http://www.w3.org/2001/XMLSchema-instance" xsi:schemaLocation="http://www.openarchives.org/OAI/2.0/oai_dc/ http://www.openarchives.org/OAI/2.0/oai_dc.xsd">
  <dc:creator>Hoz Diego, Jorge David de</dc:creator>
  <dc:creator>Ruiz Más, José</dc:creator>
  <dc:title>Caracterización y planificación del tráfico en una red Digital Signage</dc:title>
  <dc:identifier>http://zaguan.unizar.es/record/10277</dc:identifier>
  <dc:subject>digital signage</dc:subject>
  <dc:subject>movilidad ip</dc:subject>
  <dc:subject>congestion</dc:subject>
  <dc:subject>tcp vegas</dc:subject>
  <dc:subject>802.11</dc:subject>
  <dc:subject>edca</dc:subject>
  <dc:publisher>Universidad de Zaragoza</dc:publisher>
  <dc:date>2013</dc:date>
  <dc:description>Este trabajo ofrece una visión general del funcionamiento de una red de Digital Signage actual y de la problemática que ha de hacer frente. Se describen los aspectos de funcionamiento que más repercusión tienen en el sistema, agilidad del mismo y su fiabilidad. Se definen qué aspectos son más importantes en la calidad de servicio experimentada por el usuario final o por el gestor de la red y se ofrecen propuestas para intentar mejorar estos aspectos desde el ámbito de la telemática con la tecnología existente actualmente. En primer lugar se aborda una breve descripción de la red de Digital Signage que es objeto de estudio y de los elementos involucrados en la misma. Se expone una descripción del cometido de cada uno de los dispositivos y del esquema de funcionamiento general. A continuación se detectan algunos de los problemas más relevantes existentes en dos ámbitos fundamentales. El primero hace referencia a los aspectos que están relacionados con la calidad de servicio en las comunicaciones entre los dispositivos de Digital Signage (players), su servidor central y el terminal del usuario o gestor de red. El segundo se centra en analizar exclusivamente el comportamiento players en entornos wireless. En ambos ámbitos se analizan las causas de los problemas detectados y se proponen soluciones. Algunas de ellas se implementan y se valoran los resultados obtenidos. Finalmente se plantean las conclusiones y se definen futuras líneas de acción.</dc:description>
  <dc:format>pdf</dc:format>
  <dc:language>spa</dc:language>
  <dc:type>info:eu-repo/semantics/masterThesis</dc:type>
  <dc:rights>by-nc-sa</dc:rights>
  <dc:rights>http://creativecommons.org/licenses/by-nc-sa/3.0/</dc:rights>
</oai_dc:dc>