<?xml version="1.0" encoding="UTF-8"?><oai_dc:dc xmlns:oai_dc="http://www.openarchives.org/OAI/2.0/oai_dc/" xmlns:dc="http://purl.org/dc/elements/1.1/" xmlns:xsi="http://www.w3.org/2001/XMLSchema-instance" xsi:schemaLocation="http://www.openarchives.org/OAI/2.0/oai_dc/ http://www.openarchives.org/OAI/2.0/oai_dc.xsd">
  <dc:creator>Gutiérrez Giménez, María Teresa</dc:creator>
  <dc:creator>Ramos Cristóbal, José Ángel</dc:creator>
  <dc:title>Programa de salud de escuela de espalda para trabajadores de empresa papelera</dc:title>
  <dc:identifier>http://zaguan.unizar.es/record/10889</dc:identifier>
  <dc:subject>escuela de espalda</dc:subject>
  <dc:subject>ergonomía</dc:subject>
  <dc:publisher>Universidad de Zaragoza</dc:publisher>
  <dc:date>2013</dc:date>
  <dc:description>El presente trabajo aborda y describe tres puestos de trabajo de una empresa papelera, los mecanismos de acción y sus mejoras a fin de evitar y/o prevenir problemas relacionados con la salud. Se propone un programa de salud administrando formación teórico-práctica a los trabajadores de dicha empresa. OBJETIVO: evaluar los efectos de la escuela de espalda (EE) en la percepción del rendimiento laboral, de la condición física y la salud raquídea de sus trabajadores. METODOLOGIA: se desarrolló un programa de formación teórico-práctica a 150 trabajadores que en su mayoría tenían dolor raquídeo; se enseñaron ejercicios de tonificación y de estiramiento y de concienciación postural; se recomendó que hicieran los ejercicios de manera rutinaria después de la formación. RESULTADOS: El 90% de los trabajadores  reconocen de forma muy clara qué posturas deben corregir para mejorar su forma de trabajar y además identifican qué factores lesionales pueden provocarles lesiones a corto, medio y largo plazo.</dc:description>
  <dc:format>pdf</dc:format>
  <dc:language>spa</dc:language>
  <dc:type>info:eu-repo/semantics/bachelorThesis</dc:type>
  <dc:rights>by-nc-sa</dc:rights>
  <dc:rights>http://creativecommons.org/licenses/by-nc-sa/3.0/</dc:rights>
</oai_dc:dc>