<?xml version="1.0" encoding="UTF-8"?><oai_dc:dc xmlns:oai_dc="http://www.openarchives.org/OAI/2.0/oai_dc/" xmlns:dc="http://purl.org/dc/elements/1.1/" xmlns:xsi="http://www.w3.org/2001/XMLSchema-instance" xsi:schemaLocation="http://www.openarchives.org/OAI/2.0/oai_dc/ http://www.openarchives.org/OAI/2.0/oai_dc.xsd">
  <dc:creator>Torralba Sánchez, Sara</dc:creator>
  <dc:creator>Bernués Vázquez, Luis Máximo</dc:creator>
  <dc:title>Programa de educación para la salud: Promoción de unos hábitos sexuales saludables entre la población adolescente de Zaragoza</dc:title>
  <dc:identifier>http://zaguan.unizar.es/record/10770</dc:identifier>
  <dc:subject>sexualidad</dc:subject>
  <dc:subject>riesgo</dc:subject>
  <dc:subject>adolescentes</dc:subject>
  <dc:subject>anticoncecpción</dc:subject>
  <dc:subject>embarazo no deseado</dc:subject>
  <dc:subject>prevención</dc:subject>
  <dc:publisher>Universidad de Zaragoza</dc:publisher>
  <dc:date>2013</dc:date>
  <dc:description>El inicio precoz de las relaciones sexuales parece estar relacionado directamente con un mayor número de embarazos no deseados y de enfermedades de transmisión sexual. La mitad de las nuevas infecciones se dan en jóvenes entre los 15 y los 24 años, lo que puede significar que durante la etapa de la adolescencia no han obtenido una información adecuada sobre sexualidad o que ni tan siquiera han podido tener acceso a dicha información. Por ello son necesarios estudios de promoción de la salud relacionados con la sexualidad de los jóvenes, pues es durante este período de la vida cuando las conductas sexuales, entre otras, se instauran. El objetivo de este proyecto es la creación de un material de educación sanitaria en formato papel, en el que se explique de forma breve y sencilla cómo tener relaciones sexuales sin riesgo para la salud y cuáles son los distintos métodos que existen para evitar tanto el embarazo como las infecciones que puedan transmitirse, y así instaurar estilos de vida saludables antes de que los patrones de conducta sexual se hayan establecido. Es decir, con este proceso se busca lograr una disminución del número de casos de embarazos no deseados y de enfermedades causadas por una falta de conocimientos sobre el tema.</dc:description>
  <dc:format>pdf</dc:format>
  <dc:language>spa</dc:language>
  <dc:type>info:eu-repo/semantics/bachelorThesis</dc:type>
  <dc:rights>by-nc-sa</dc:rights>
  <dc:rights>http://creativecommons.org/licenses/by-nc-sa/3.0/</dc:rights>
</oai_dc:dc>