<?xml version="1.0" encoding="UTF-8"?><oai_dc:dc xmlns:oai_dc="http://www.openarchives.org/OAI/2.0/oai_dc/" xmlns:dc="http://purl.org/dc/elements/1.1/" xmlns:xsi="http://www.w3.org/2001/XMLSchema-instance" xsi:schemaLocation="http://www.openarchives.org/OAI/2.0/oai_dc/ http://www.openarchives.org/OAI/2.0/oai_dc.xsd">
  <dc:creator>Lou Franco, Ana</dc:creator>
  <dc:creator>Garbayo Sanz, Isabel</dc:creator>
  <dc:title>Aproximación a los estereotipos existentes sobre la esquizofrenia</dc:title>
  <dc:identifier>http://zaguan.unizar.es/record/11095</dc:identifier>
  <dc:subject>esquizofrenia</dc:subject>
  <dc:subject>estereotipos</dc:subject>
  <dc:publisher>Universidad de Zaragoza</dc:publisher>
  <dc:date>2013</dc:date>
  <dc:description>El interés de este Trabajo de Fin de Grado consiste en conocer las opiniones que la población general tiene sobre la esquizofrenia. Para ello, y tras realizar un análisis bibliográfico, se utilizará la encuesta y el grupo de discusión como técnicas de recogida de datos. Finalmente, se comparará este estudio con otro similar, y se introduce la aportación de una campaña para reducir el estigma en la esquizofrenia.</dc:description>
  <dc:format>pdf</dc:format>
  <dc:language>spa</dc:language>
  <dc:type>info:eu-repo/semantics/bachelorThesis</dc:type>
  <dc:rights>by-nc-sa</dc:rights>
  <dc:rights>http://creativecommons.org/licenses/by-nc-sa/3.0/</dc:rights>
</oai_dc:dc>