<?xml version="1.0" encoding="UTF-8"?><oai_dc:dc xmlns:oai_dc="http://www.openarchives.org/OAI/2.0/oai_dc/" xmlns:dc="http://purl.org/dc/elements/1.1/" xmlns:xsi="http://www.w3.org/2001/XMLSchema-instance" xsi:schemaLocation="http://www.openarchives.org/OAI/2.0/oai_dc/ http://www.openarchives.org/OAI/2.0/oai_dc.xsd">
  <dc:creator>Rubio Regodón, Pablo</dc:creator>
  <dc:creator>Bardina Tremps, Enrique</dc:creator>
  <dc:creator>Fernández Sola, Luis</dc:creator>
  <dc:title>Plan de intervención en fisioterapia en una rotura de ligamento cruzado anterior y desgarro del menisco interno</dc:title>
  <dc:identifier>http://zaguan.unizar.es/record/10914</dc:identifier>
  <dc:subject>ligamento cruzado anterior</dc:subject>
  <dc:subject>rehabilitación</dc:subject>
  <dc:subject>lesión cruzado anterior</dc:subject>
  <dc:subject>triada de O´Donoghue</dc:subject>
  <dc:subject>lesión LCA</dc:subject>
  <dc:subject>desgarro menisco interno</dc:subject>
  <dc:publisher>Universidad de Zaragoza</dc:publisher>
  <dc:date>2013</dc:date>
  <dc:description>Introducción: el ligamento cruzado anterior (LCA) es una estructura intra-articular con una disposición antero-posterior. La lesión de LCA tiene una alta prevalencia en la población y puede provocar episodios de inestabilidad e incapacidad importantes. No es usual encontrarse una lesión del LCA aislada, sino con lesiones asociadas (meniscos, ligamentos laterales, fracturas condrales…). En la actualidad suele tratarse mediante cirugía, la técnica más utilizada es la artroscopia. En la rehabilitación tras la cirugía es clave reducir el edema y el dolor, la movilidad precoz, el fortalecimiento muscular, y la mejora del control neuromuscular. Objetivo: diseñar un plan de intervención en fisioterapia para devolver la funcionalidad a la rodilla de un paciente intervenido quirúrgicamente de LCA y menisco interno. Metodología: caso clínico intrasujeto n=1 que sigue el modelo de diseño A/B longitudinal, prospectivo. El plan de intervención está diseñado para tratar los problemas acontecidos tras la cirugía (el dolor, la inflamación, la atrofia…), así como para devolver la funcionalidad y la movilidad de la rodilla. Desarrollo: los resultados obtenidos son favorables, se observa una disminución del dolor, un aumento del rango articular, un aumento de la fuerza muscular y un mejor control propioceptivo. Conclusión: se puede afirmar que tras el tratamiento realizado se consigue devolver la funcionalidad de la rodilla y la readaptación a la vida laboral del paciente.</dc:description>
  <dc:format>pdf</dc:format>
  <dc:language>spa</dc:language>
  <dc:type>info:eu-repo/semantics/bachelorThesis</dc:type>
  <dc:rights>by-nc-sa</dc:rights>
  <dc:rights>http://creativecommons.org/licenses/by-nc-sa/3.0/</dc:rights>
</oai_dc:dc>