<?xml version="1.0" encoding="UTF-8"?><oai_dc:dc xmlns:oai_dc="http://www.openarchives.org/OAI/2.0/oai_dc/" xmlns:dc="http://purl.org/dc/elements/1.1/" xmlns:xsi="http://www.w3.org/2001/XMLSchema-instance" xsi:schemaLocation="http://www.openarchives.org/OAI/2.0/oai_dc/ http://www.openarchives.org/OAI/2.0/oai_dc.xsd">
  <dc:creator>Gracia Soler, Mirna</dc:creator>
  <dc:creator>Val Blasco, Sonia Belén</dc:creator>
  <dc:title>Educación de adultos y redes sociales en la educación</dc:title>
  <dc:identifier>http://zaguan.unizar.es/record/11125</dc:identifier>
  <dc:publisher>Universidad de Zaragoza</dc:publisher>
  <dc:date>2013</dc:date>
  <dc:description>Trata de las plazas que salen a sorteo en escuelas de adultos municipales y además se habla de las redes sociales aplicadas a la educación. Pondremos el ejemplo del CPIFP Bajo Aragón y sus redes sociales.</dc:description>
  <dc:format>pdf</dc:format>
  <dc:language>spa</dc:language>
  <dc:type>info:eu-repo/semantics/masterThesis</dc:type>
  <dc:rights>by-nc-sa</dc:rights>
  <dc:rights>http://creativecommons.org/licenses/by-nc-sa/3.0/</dc:rights>
</oai_dc:dc>