<?xml version="1.0" encoding="UTF-8"?><oai_dc:dc xmlns:oai_dc="http://www.openarchives.org/OAI/2.0/oai_dc/" xmlns:dc="http://purl.org/dc/elements/1.1/" xmlns:xsi="http://www.w3.org/2001/XMLSchema-instance" xsi:schemaLocation="http://www.openarchives.org/OAI/2.0/oai_dc/ http://www.openarchives.org/OAI/2.0/oai_dc.xsd">
  <dc:creator>Abenia Salvador, Sergio</dc:creator>
  <dc:creator>López Forniés, Ignacio</dc:creator>
  <dc:title>Estudio y rediseño de sistema mecánico para cierre de puertas mediante metodología de ecodiseño</dc:title>
  <dc:identifier>http://zaguan.unizar.es/record/10189</dc:identifier>
  <dc:publisher>Universidad de Zaragoza</dc:publisher>
  <dc:date>2013</dc:date>
  <dc:description>El trabajo realizado se divide en dos bloques. En el primero se estudian diferentes manillas de sistemas de picaportes para puertas de paso. Se estudian tanto a nivel de lo aprendido en el Grado de Diseño Industrial como con nuevas metodologías de ecodiseño aplicadas por primera vez para el alumno. El segundo bloque implica el diseño de un producto propio que satisfaga las mismas funciones que las manillas y mejore éstas en diferentes aspectos. Esas mejoras están basadas en los factores básicos de diseño de producto (forma, función, uso, ergonomía, etc.) pero además se le añadirán metodologías de ecodiseño como las que sirvieron para estudiar los productos del primer bloque. Esas metodologías se basan en ensayos del impacto medioambiental que produce la adquisición de materiales, la producción y el desecho de un producto. En el modelo diseñado debe reducirse el impacto medioambiental de forma significativa con respecto a las manillas estudiadas.</dc:description>
  <dc:format>pdf</dc:format>
  <dc:language>spa</dc:language>
  <dc:type>info:eu-repo/semantics/bachelorThesis</dc:type>
  <dc:rights>by-nc-sa</dc:rights>
  <dc:rights>http://creativecommons.org/licenses/by-nc-sa/3.0/</dc:rights>
</oai_dc:dc>