<?xml version="1.0" encoding="UTF-8"?><oai_dc:dc xmlns:oai_dc="http://www.openarchives.org/OAI/2.0/oai_dc/" xmlns:dc="http://purl.org/dc/elements/1.1/" xmlns:xsi="http://www.w3.org/2001/XMLSchema-instance" xsi:schemaLocation="http://www.openarchives.org/OAI/2.0/oai_dc/ http://www.openarchives.org/OAI/2.0/oai_dc.xsd">
  <dc:creator>Casajús Pelegay, Paula</dc:creator>
  <dc:creator>Tobajas Asensio, Enrique</dc:creator>
  <dc:title>Código ictus: asistencia sanitaria de emergencias en pacientes con déficit neurológico focal agudo</dc:title>
  <dc:identifier>http://zaguan.unizar.es/record/10793</dc:identifier>
  <dc:subject>ictus</dc:subject>
  <dc:subject>código ictus</dc:subject>
  <dc:publisher>Universidad de Zaragoza</dc:publisher>
  <dc:date>2013</dc:date>
  <dc:description>El ictus es la principal causa de incapacidad y la segunda causa de muerte en los países desarrollados (4), constituyendo un motivo frecuente de consulta en los servicios de urgencias hospitalarios (5) Se ha determinado que la puesta en marcha de una atención protocolizada y consensuada (código ictus) entre los dispositivos extra e intrahospitalarios para los pacientes con ictus, supone un incremento porcentual de la puesta en marcha del  tratamiento fibrinolítico en caso de que sea isquémico. Dada la necesidad de tratamiento rápido, el papel que desempeñan los diferentes dispositivos de asistencia urgente es básico a la hora de detectar, trasladar y atender urgentemente al paciente (4) La labor  de enfermería  en estos pacientes en los servicios de urgencias  incorpora una variedad de diagnósticos y de intervenciones de enfermería (3) Así los objetivos consisten en desarrollar un plan de cuidados para aumentar la calidad asistencial por medio de la taxonomía NANDA-NIC-NOC.  Para desarrollar el trabajo se utilizaron diferentes bases de datos con el fin de encontrar los artículos validos para el tema. Se identificaron las principales etiquetas, diagnósticos, objetivos, intervenciones y actividades para el plan de cuidados de un paciente con un déficit neurológico focal agudo. Por ello las conclusiones apuntan a desarrollar una asistencia basada en un plan de cuidados que garantice la calidad en las urgencias hospitalarias y hacer una valoración de los patrones funcionales de salud para realizar las etiquetas diagnósticas.</dc:description>
  <dc:format>pdf</dc:format>
  <dc:language>spa</dc:language>
  <dc:type>info:eu-repo/semantics/bachelorThesis</dc:type>
  <dc:rights>by-nc-sa</dc:rights>
  <dc:rights>http://creativecommons.org/licenses/by-nc-sa/3.0/</dc:rights>
</oai_dc:dc>