<?xml version="1.0" encoding="UTF-8"?><oai_dc:dc xmlns:oai_dc="http://www.openarchives.org/OAI/2.0/oai_dc/" xmlns:dc="http://purl.org/dc/elements/1.1/" xmlns:xsi="http://www.w3.org/2001/XMLSchema-instance" xsi:schemaLocation="http://www.openarchives.org/OAI/2.0/oai_dc/ http://www.openarchives.org/OAI/2.0/oai_dc.xsd">
  <dc:creator>Guillén Figuerola, Domingo</dc:creator>
  <dc:creator>Marcuello Servós, Carmen</dc:creator>
  <dc:title>Guía Práctica del Emprendedor. El autoempleo como solución</dc:title>
  <dc:identifier>http://zaguan.unizar.es/record/10055</dc:identifier>
  <dc:subject>guía emprendedores</dc:subject>
  <dc:subject>guía creación de empresa</dc:subject>
  <dc:publisher>Universidad de Zaragoza</dc:publisher>
  <dc:date>2013</dc:date>
  <dc:description>Guía práctica para que un emprendedor pueda llevar a cabo la materialización de su idea convirtiéndola en una empresa. Resume los pasos necesarios que se deberían realizar para emprender un proyecto con garantía de éxito y de continuidad.</dc:description>
  <dc:format>pdf</dc:format>
  <dc:language>spa</dc:language>
  <dc:type>info:eu-repo/semantics/bachelorThesis</dc:type>
  <dc:rights>by-nc-sa</dc:rights>
  <dc:rights>http://creativecommons.org/licenses/by-nc-sa/3.0/</dc:rights>
</oai_dc:dc>