<?xml version="1.0" encoding="UTF-8"?><oai_dc:dc xmlns:oai_dc="http://www.openarchives.org/OAI/2.0/oai_dc/" xmlns:dc="http://purl.org/dc/elements/1.1/" xmlns:xsi="http://www.w3.org/2001/XMLSchema-instance" xsi:schemaLocation="http://www.openarchives.org/OAI/2.0/oai_dc/ http://www.openarchives.org/OAI/2.0/oai_dc.xsd">
  <dc:creator>Rodríguez Sanz, Alejandro</dc:creator>
  <dc:creator>Caviedes Voullième, Daniel</dc:creator>
  <dc:title>Modelización y simulación de una red urbana de drenaje de agua usando SWMM</dc:title>
  <dc:identifier>http://zaguan.unizar.es/record/10163</dc:identifier>
  <dc:publisher>Universidad de Zaragoza</dc:publisher>
  <dc:date>2013</dc:date>
  <dc:description>El proyecto desarrollado consiste en el estudio de una red de drenaje (o alcantarillado) de aguas pluviales. Para la realización de este estudio, el proyecto se apoya en un software de cálculo hidrológico e hidráulico llamado Storm Water Model Management (SWMM). La cuenca urbana y la red de drenaje a estudio es la de Agullent, un pueblo de Valencia (Comunidad Valenciana, España). Los datos de partida del proyecto son un archivo CAD donde queda representado el municipio y la red de drenaje en el mismo, además de un archivo ASCII con los datos topográficos de la zona en la que se encuentra el municipio. Mediante los datos de partida proporcionados y con el apoyo de imágenes aéreas y a pie de calle, con la ayuda de la bibliografía, el objetivo es modelizar la cuenca urbana y su red de drenaje. Posteriormente a la modelización, con el ingreso de los datos, obtenidos o hallados, en el programa SWMM se procede a calcular mediante las ecuaciones de fluido en lámina libre el comportamiento, en régimen transitorio, de la red ante diversos eventos pluviométricos.  Posteriormente a la simulación del escenario original con diferentes eventos pluviométricos, se realiza una comparación del funcionamiento de la red de drenaje ante las diferentes entradas de caudal (por la diferente precipitación) y se estudia las líneas que resultan críticas en el funcionamiento de la red.  Una vez realizada la comparación, se procede a la propuesta de dos modificaciones en las líneas críticas; una por aumento de los diámetros de los colectores y otra con el mismo aumento de diámetro, pero con reducción de las pendientes de fondo de los colectores. Estos dos nuevos escenarios también se simulan y se comparan individual y conjuntamente con el escenario original. Por último, se realiza un conjunto de tres presupuestos. Uno para la mejora propuesta de aumento de diámetros en las líneas criticas con conductos de hormigón armado, otro para la mejora propuesta de aumento de diámetros y reducción de pendientes con colectores de hormigón armado, y otro para la mejora propuesta de aumento de diámetros y reducción de pendientes con colectores de polietileno. Con la comparación de estos presupuestos se determina cual es la mejor opción de los escenarios propuestos.</dc:description>
  <dc:format>pdf</dc:format>
  <dc:language>spa</dc:language>
  <dc:type>info:eu-repo/semantics/masterThesis</dc:type>
  <dc:rights>by-nc-sa</dc:rights>
  <dc:rights>http://creativecommons.org/licenses/by-nc-sa/3.0/</dc:rights>
</oai_dc:dc>