<?xml version="1.0" encoding="UTF-8"?><oai_dc:dc xmlns:oai_dc="http://www.openarchives.org/OAI/2.0/oai_dc/" xmlns:dc="http://purl.org/dc/elements/1.1/" xmlns:xsi="http://www.w3.org/2001/XMLSchema-instance" xsi:schemaLocation="http://www.openarchives.org/OAI/2.0/oai_dc/ http://www.openarchives.org/OAI/2.0/oai_dc.xsd">
  <dc:creator>Gomez Poyato, Mª Jose</dc:creator>
  <dc:creator>Gómez Bahillo, Carlos</dc:creator>
  <dc:title>Los cuidadores informales y su calidad de vida</dc:title>
  <dc:identifier>http://zaguan.unizar.es/record/11127</dc:identifier>
  <dc:subject>cuidados</dc:subject>
  <dc:subject>calidad de vida</dc:subject>
  <dc:subject>cuidadores informales</dc:subject>
  <dc:subject>familia</dc:subject>
  <dc:subject>programas educativos</dc:subject>
  <dc:publisher>Universidad de Zaragoza</dc:publisher>
  <dc:date>2013</dc:date>
  <dc:description>El concepto de cuidado ha sido una expresión constante en todas las sociedades. Este cuidado se ha asumido como algo normal y cercano desarrollado por cuidadores informales. La familia es una de las pieza clave. Sin embargo este cuidado lleva consigo unas consecuencias psicológicas, físicas, biológicas y emocionales por el continuo cuidado que con el tiempo repercuten en su propia salud y por consiguiente en su calidad de vida. En la presente investigación se va a analizar los programas educativos desarrollados en Cruz Roja para mejorar tanto la atención a personas dependientes, como para mejorar la calidad de vida de los cuidadores informales a través de los programas educativos desarrollados en el proyecto de “préstamo de productos de apoyo y cuidados al cuidador”.</dc:description>
  <dc:format>pdf</dc:format>
  <dc:language>spa</dc:language>
  <dc:type>info:eu-repo/semantics/masterThesis</dc:type>
  <dc:rights>by-nc-sa</dc:rights>
  <dc:rights>http://creativecommons.org/licenses/by-nc-sa/3.0/</dc:rights>
</oai_dc:dc>