<?xml version="1.0" encoding="UTF-8"?><oai_dc:dc xmlns:oai_dc="http://www.openarchives.org/OAI/2.0/oai_dc/" xmlns:dc="http://purl.org/dc/elements/1.1/" xmlns:xsi="http://www.w3.org/2001/XMLSchema-instance" xsi:schemaLocation="http://www.openarchives.org/OAI/2.0/oai_dc/ http://www.openarchives.org/OAI/2.0/oai_dc.xsd">
  <dc:creator>Pérez Gil, Carla</dc:creator>
  <dc:creator>Gasch Gallén, Ángel</dc:creator>
  <dc:title>Plan de actuación para la prevención y abordaje de la mutilación genital femenina desde las funciones propias de enfermería</dc:title>
  <dc:identifier>http://zaguan.unizar.es/record/10722</dc:identifier>
  <dc:publisher>Universidad de Zaragoza</dc:publisher>
  <dc:date>2013</dc:date>
  <dc:description>En los últimos años, la mutilación genital femenina (MGF) ha pasado a ser un problema global, lo que conlleva la necesidad de que los profesionales sanitarios residentes en países en donde se realiza esta práctica adquieran nuevos conocimientos, competencias y actitudes para poder hacer frente a esta problemática de manera satisfactoria. Con este trabajo se pretende hacer una revisión bibliográfica del tema y diseñar un plan de actuación para los profesionales de enfermería enfocado a las cuatro funciones propias de la misma, es decir, asistencial, administrativa, docente e investigadora.</dc:description>
  <dc:format>pdf</dc:format>
  <dc:language>spa</dc:language>
  <dc:type>info:eu-repo/semantics/bachelorThesis</dc:type>
  <dc:rights>by-nc-sa</dc:rights>
  <dc:rights>http://creativecommons.org/licenses/by-nc-sa/3.0/</dc:rights>
</oai_dc:dc>