<?xml version="1.0" encoding="UTF-8"?><oai_dc:dc xmlns:oai_dc="http://www.openarchives.org/OAI/2.0/oai_dc/" xmlns:dc="http://purl.org/dc/elements/1.1/" xmlns:xsi="http://www.w3.org/2001/XMLSchema-instance" xsi:schemaLocation="http://www.openarchives.org/OAI/2.0/oai_dc/ http://www.openarchives.org/OAI/2.0/oai_dc.xsd">
  <dc:creator>Planas Callao, Pilar</dc:creator>
  <dc:creator>Ramos Cristóbal, José Ángel</dc:creator>
  <dc:title>Propuesta de un programa de salud de escuela de espalda para personal sanitario</dc:title>
  <dc:identifier>http://zaguan.unizar.es/record/10876</dc:identifier>
  <dc:subject>prevención</dc:subject>
  <dc:subject>ergonomía</dc:subject>
  <dc:subject>higiene postural</dc:subject>
  <dc:subject>escuela de espalda (EE)</dc:subject>
  <dc:publisher>Universidad de Zaragoza</dc:publisher>
  <dc:date>2013</dc:date>
  <dc:description>Introducción: Se presenta un programa de salud de escuela de espalda (EE) para personal sanitario, tras haber observado, en diferentes estudios, que una gran parte de estos profesionales sufren dolencias y problemas de espalda asociados a su trabajo. Objetivos: El trabajo tiene como objetivo analizar la eficacia de un programa de EE orientado a personal sanitario que trabaja en una unidad de cuidados intensivos (UCI). Metodología: Para ello se actúa sobre una muestra de 15 profesionales sanitarios de una unidad de cuidados intensivos de un hospital, que participan en un programa de EE durante un período de tres meses. El programa consiste en charlas informativas sobre ergonomía, higiene postural y anatomía de la espalda y la realización de ejercicios de estiramientos, fortalecimiento muscular y de concienciación postural. La efectividad de la EE se evalúa mediante cuestionarios de satisfacción, así como a partir de la mejoría funcional y del dolor (escala EVA y cuestionario Oswestry). Resultados: La satisfacción y la opinión subjetiva de eficacia y utilidad del programa se valoran positivamente por más de un 92% de los participantes, un 57% de los participantes realizan los ejercicios en el domicilio al menos dos veces por semana y un 78% aplican habitualmente las normas y recomendaciones de higiene postural. Conclusiones: El programa de EE ha resultado ser muy bien valorado y se muestra efectivo entre los profesionales sanitarios que trabajan en una UCI de un hospital.</dc:description>
  <dc:format>pdf</dc:format>
  <dc:language>spa</dc:language>
  <dc:type>info:eu-repo/semantics/bachelorThesis</dc:type>
  <dc:rights>by-nc-sa</dc:rights>
  <dc:rights>http://creativecommons.org/licenses/by-nc-sa/3.0/</dc:rights>
</oai_dc:dc>