<?xml version="1.0" encoding="UTF-8"?><oai_dc:dc xmlns:oai_dc="http://www.openarchives.org/OAI/2.0/oai_dc/" xmlns:dc="http://purl.org/dc/elements/1.1/" xmlns:xsi="http://www.w3.org/2001/XMLSchema-instance" xsi:schemaLocation="http://www.openarchives.org/OAI/2.0/oai_dc/ http://www.openarchives.org/OAI/2.0/oai_dc.xsd">
  <dc:creator>Méliz Franco, Marta</dc:creator>
  <dc:creator>Moreno Aznar, Luis Alberto</dc:creator>
  <dc:title>Seguridad de los profesionales de enfermería con respecto al accidente biológico en el Hospital MAZ de Zaragoza</dc:title>
  <dc:identifier>http://zaguan.unizar.es/record/10756</dc:identifier>
  <dc:subject>personal sanitario</dc:subject>
  <dc:subject>accidentes biológicos</dc:subject>
  <dc:subject>exposición ocupacional</dc:subject>
  <dc:subject>precauciones universales</dc:subject>
  <dc:subject>riesgo biológico</dc:subject>
  <dc:publisher>Universidad de Zaragoza</dc:publisher>
  <dc:date>2013</dc:date>
  <dc:description>Fundamento y objetivo: Desarrollar un plan de actuación de enfermería para mejorar la seguridad de los profesionales enfermeros que trabajan en el hospital MAZ frente a la exposición del riesgo biológico. Material y métodos: Programa de intervención realizado en el Hospital Mutua de Accidentes de Trabajo y Enfermedades Profesionales de la Seguridad Social de Zaragoza (M.A.T.E.P.S.S. Nº 11) con 154  camas y 81 D.U.E.S durante el periodo comprendido entre el 1 de octubre de 2013 y 30 de septiembre de 2014. Conclusiones: Es necesario realizar desde las Unidades de Riesgos Laborales un programa de formación para la disminución de exposiciones accidentales y la difusión de prácticas de trabajo más seguras. Un mayor hincapié en la formación sobre los procedimientos de actuación en este tipo de exposiciones (utilización de Equipos de Protección Individual –EPI-, actuación inmediata a seguir tras el accidente y explicación del protocolo a seguir en caso de exposición a patógenos hemáticos) puede ayudar a disminuir la tasa de exposición al riesgo biológico. El conocimiento del protocolo de actuación post-exposición del hospital por parte del personal de enfermería puede ayudar a que aumente el número de declaraciones y a que se reduzcan las enfermedades derivadas de la exposición.</dc:description>
  <dc:format>pdf</dc:format>
  <dc:language>spa</dc:language>
  <dc:type>info:eu-repo/semantics/bachelorThesis</dc:type>
  <dc:rights>by-nc-sa</dc:rights>
  <dc:rights>http://creativecommons.org/licenses/by-nc-sa/3.0/</dc:rights>
</oai_dc:dc>