<?xml version="1.0" encoding="UTF-8"?><oai_dc:dc xmlns:oai_dc="http://www.openarchives.org/OAI/2.0/oai_dc/" xmlns:dc="http://purl.org/dc/elements/1.1/" xmlns:xsi="http://www.w3.org/2001/XMLSchema-instance" xsi:schemaLocation="http://www.openarchives.org/OAI/2.0/oai_dc/ http://www.openarchives.org/OAI/2.0/oai_dc.xsd">
  <dc:creator>Bistuer Pueyo, Blanca</dc:creator>
  <dc:creator>Torres Pociello, Sonia</dc:creator>
  <dc:creator>Fernández del Río, Elena</dc:creator>
  <dc:title>Análisis del perfil de la mujer dependiente del alcohol en Zaragoza</dc:title>
  <dc:identifier>http://zaguan.unizar.es/record/11048</dc:identifier>
  <dc:publisher>Universidad de Zaragoza</dc:publisher>
  <dc:date>2013</dc:date>
  <dc:description>En la actualidad se estima que el 1% de las mujeres en la CE son dependientes del alcohol, si bien esta cifra podría haber sido infravalorada por las características especiales de este colectivo. Además, el hecho de que la mayor parte de las investigaciones se hayan centrado en otros colectivos (ej., adolescentes), junto a que los propios grupos sociales sean menos indulgentes con ellas, puede haber contribuido aún más a estigmatizar a la mujer dependiente del alcohol. El objetivo principal es analizar el perfil de la mujer dependiente del alcohol en Zaragoza, utilizando una metodología principalmente cualitativa.</dc:description>
  <dc:format>pdf</dc:format>
  <dc:language>spa</dc:language>
  <dc:type>info:eu-repo/semantics/bachelorThesis</dc:type>
  <dc:rights>by-nc-sa</dc:rights>
  <dc:rights>http://creativecommons.org/licenses/by-nc-sa/3.0/</dc:rights>
</oai_dc:dc>