<?xml version="1.0" encoding="UTF-8"?><oai_dc:dc xmlns:oai_dc="http://www.openarchives.org/OAI/2.0/oai_dc/" xmlns:dc="http://purl.org/dc/elements/1.1/" xmlns:xsi="http://www.w3.org/2001/XMLSchema-instance" xsi:schemaLocation="http://www.openarchives.org/OAI/2.0/oai_dc/ http://www.openarchives.org/OAI/2.0/oai_dc.xsd">
  <dc:creator>Criado Gutiérrez, Juan Carlos</dc:creator>
  <dc:creator>Alcázar Crevillén, Andrés</dc:creator>
  <dc:title>Evaluación de Riesgos Psicosociales a Personal de Enfermería</dc:title>
  <dc:identifier>http://zaguan.unizar.es/record/10330</dc:identifier>
  <dc:subject>personal sanitario</dc:subject>
  <dc:subject>enfermería quirúrgica</dc:subject>
  <dc:subject>enfermería</dc:subject>
  <dc:subject>prevención de riesgos laborales</dc:subject>
  <dc:subject>evaluación de riesgos psicosociales</dc:subject>
  <dc:publisher>Universidad de Zaragoza</dc:publisher>
  <dc:date>2013</dc:date>
  <dc:description>Realización de una evaluación de Riesgos Psicosociales en un Servicio Quirúrgico a personal de Enfermería, detección e identificación de los riesgos psicosociales partiendo de los 21 factores que plantea el método ISTAS-21, basando la explicación de estos factores en base a las características de la actividad del centro objeto de evaluación e interpretando cada uno de los factores detectados de manera concreta y específica con la realidad de la organización. Así como la exposición de las conclusiones y propuesta de acciones preventivas en materia de riesgos psicosociales, en base a los datos obtenidos, priorizando aquellos factores que están afectando de manera más negativa a los trabajadores (Personal de Enfermería).</dc:description>
  <dc:format>pdf</dc:format>
  <dc:language>spa</dc:language>
  <dc:type>info:eu-repo/semantics/masterThesis</dc:type>
  <dc:rights>by-nc-sa</dc:rights>
  <dc:rights>http://creativecommons.org/licenses/by-nc-sa/3.0/</dc:rights>
</oai_dc:dc>