<?xml version="1.0" encoding="UTF-8"?><oai_dc:dc xmlns:oai_dc="http://www.openarchives.org/OAI/2.0/oai_dc/" xmlns:dc="http://purl.org/dc/elements/1.1/" xmlns:xsi="http://www.w3.org/2001/XMLSchema-instance" xsi:schemaLocation="http://www.openarchives.org/OAI/2.0/oai_dc/ http://www.openarchives.org/OAI/2.0/oai_dc.xsd">
  <dc:creator>Chueca Barrio, Miriam</dc:creator>
  <dc:creator>Gómez Patiño, María</dc:creator>
  <dc:title>El proceso de elaboración de la campaña de comunicación corporativa. El caso de la Fiesta de la Vendimia de la D.O.P. Cariñena</dc:title>
  <dc:identifier>http://zaguan.unizar.es/record/10004</dc:identifier>
  <dc:publisher>Universidad de Zaragoza</dc:publisher>
  <dc:date>2013</dc:date>
  <dc:description>La Fiesta de la Vendimia es uno de los eventos más conocidos en Aragón, una celebración que festeja el comienzo de la campaña de recogida de la uva. Para la comarca de Campo de Cariñena integrada por catorce municipios (Aguarón, Aladrén, Alfamén, Almonacid de la Sierra, Alpartir, Cariñena, Cosuenda, Encinacorba, Longares, Mezanocha, Muel, Paniza, Tosos y Viñanueva de Huerva) no solo simboliza la unión de sus gentes con la tradición vitivinícola, sino que da la oportunidad de mostrar al mundo durante un día la labor, que desde antaño, se viene realizando en la región. Con el fin de que Cariñena sea durante unas horas escaparate de una de las denominaciones de origen más antiguas de Aragón hace falta una gran labor comunicativa. Hay que ensalzar los valores y tradiciones que hacen, cada año, de esta Fiesta un espectáculo para todos los sentidos. Un trabajo minucioso que se lleva a cabo desde el gabinete de comunicación de la Denominación de Origen Protegida Cariñena (D.O.P. Cariñena). Este trabajo persigue conocer detalladamente cada uno de los pasos, que desde la comunicación corporativa, se dan para lograr que la Fiesta de la Vendimia se conozca no solo en Aragón sino en toda España. El papel más importante para conseguir este fin lo tienen los medios de comunicación a los que van dirigidas en mayor medida las actividades de comunicación. La puesta en marcha de esta labor se divide en tres grandes bloques: el primero engloba todo el trabajo previo que se realiza desde el gabinete como son: a) la redacción de la nota de prensa; b) la convocatoria para la presentación de la fiesta; y c) la propia rueda de prensa en la que se dan a conocer todos los detalles sobre la Fiesta de la Vendimia. El segundo bloque desglosa la labor del gabinete durante las 48 horas que duran la Fiesta de la Vendimia y el Paseo del Vino que se celebran simultáneamente. Y las últimas acciones de comunicación corresponderían a la cobertura de los medios de comunicación y la repercusión que ha tenido la Fiesta. La medición del impacto se llevará a cabo mediante un exhaustivo rastreo de las noticias para plasmarlas en los resúmenes de prensa.</dc:description>
  <dc:format>pdf</dc:format>
  <dc:language>spa</dc:language>
  <dc:type>info:eu-repo/semantics/bachelorThesis</dc:type>
  <dc:rights>by-nc-sa</dc:rights>
  <dc:rights>http://creativecommons.org/licenses/by-nc-sa/3.0/</dc:rights>
</oai_dc:dc>