<?xml version="1.0" encoding="UTF-8"?><oai_dc:dc xmlns:oai_dc="http://www.openarchives.org/OAI/2.0/oai_dc/" xmlns:dc="http://purl.org/dc/elements/1.1/" xmlns:xsi="http://www.w3.org/2001/XMLSchema-instance" xsi:schemaLocation="http://www.openarchives.org/OAI/2.0/oai_dc/ http://www.openarchives.org/OAI/2.0/oai_dc.xsd">
  <dc:creator>Sánchez Jarauta, Vanesa</dc:creator>
  <dc:creator>Cubero Marín, Juan José</dc:creator>
  <dc:title>Elaboración de las memorias de sostenibilidad de Promotora Cooper, S.A</dc:title>
  <dc:identifier>http://zaguan.unizar.es/record/10544</dc:identifier>
  <dc:publisher>Universidad de Zaragoza</dc:publisher>
  <dc:date>2013</dc:date>
  <dc:description>La Responsabilidad Social Empresarial es un concepto que cada día va ganando un mayor protagonismo en el ámbito empresarial debido a que los grupos de interés están cada vez más sensibilizados con los temas medioambientales y sociales.  Una memoria de sostenibilidad es la plataforma clave para comunicar impactos de sostenibilidad positivos y negativos, y para capturar información que pueda influir en la política de las empresas, su estrategia y sus operaciones de manera continua. En base a esto, el proyecto ha consistido en elaborar unas Memorias de Sostenibilidad de la Promotora Cooper, S. A., para ello se han seguido las directrices que recoge la Guía 3.1 del Global Reporting Iniciative. El proyecto ha consistido en la realización de una guía para la elaboración de las memorias de sostenibilidad, con la creación de unas fichas de indicadores de desempeño en las que se indican las pautas a seguir para la recogida de datos, responsables de esa recogida y métodos de cálculo de los mismos, y la realización de las Memorias de Sostenibilidad 2012 de Cooper, S. A. en si. Con todo ello, se ha pretendido dar una visión general de la situación de la empresa en los ámbitos económico, ambiental y social, sentando unas bases para la evolución de la misma hacia un desarrollo más sostenible. Paralelamente se han realizado unos documentos para mejorar y ampliar datos para las futuras memorias.</dc:description>
  <dc:format>pdf</dc:format>
  <dc:language>spa</dc:language>
  <dc:type>info:eu-repo/semantics/masterThesis</dc:type>
  <dc:rights>by-nc-sa</dc:rights>
  <dc:rights>http://creativecommons.org/licenses/by-nc-sa/3.0/</dc:rights>
</oai_dc:dc>