<?xml version="1.0" encoding="UTF-8"?><oai_dc:dc xmlns:oai_dc="http://www.openarchives.org/OAI/2.0/oai_dc/" xmlns:dc="http://purl.org/dc/elements/1.1/" xmlns:xsi="http://www.w3.org/2001/XMLSchema-instance" xsi:schemaLocation="http://www.openarchives.org/OAI/2.0/oai_dc/ http://www.openarchives.org/OAI/2.0/oai_dc.xsd">
  <dc:creator>Pola García, Marina</dc:creator>
  <dc:creator>Roche Asensio, María José de la Cueva Santa</dc:creator>
  <dc:title>Cuidados de enfermería al paciente sometido a un trasplante renal durante los primeros días de evolución</dc:title>
  <dc:identifier>http://zaguan.unizar.es/record/10744</dc:identifier>
  <dc:subject>trasplante renal</dc:subject>
  <dc:subject>renal transplant</dc:subject>
  <dc:subject>insuficiencia renal crónica</dc:subject>
  <dc:subject>chronic kidney insufficiency</dc:subject>
  <dc:subject>enfermedad renal terminal</dc:subject>
  <dc:subject>terminal kidney disease</dc:subject>
  <dc:subject>cuidados enfermeros</dc:subject>
  <dc:subject>nursing care</dc:subject>
  <dc:subject>complicaciones</dc:subject>
  <dc:subject>complications</dc:subject>
  <dc:subject>calidad de vida</dc:subject>
  <dc:subject>quality of life</dc:subject>
  <dc:publisher>Universidad de Zaragoza</dc:publisher>
  <dc:date>2013</dc:date>
  <dc:description>Introducción: La enfermedad renal terminal es un problema relativamente frecuente en nuestra sociedad. Los tratamientos de la enfermedad renal terminal son varios: hemodiálisis, diálisis peritoneal y trasplante renal. Por sus ventajas respecto al resto, el trasplante renal es el tratamiento de elección. En la actualidad, el trasplante renal es considerado un procedimiento terapéutico seguro, sin embargo, al igual que cualquier intervención, implica una serie de riesgos. Por ello, es fundamental ofrecer a las personas sometidas a este procedimiento una serie de cuidados que les permita tener cubiertas todas sus necesidades. Objetivo: Detectar las principales complicaciones enfermeras del paciente trasplantado renal durante los primeros días de evolución y desarrollar un plan de cuidados que facilite al personal de enfermería el abordaje de éstas. Método: El estudio desarrollado está basado en una búsqueda bibliográfica y una serie de entrevistas a personas trasplantadas renales. La información obtenida a través de éstas, el uso de la taxonomía enfermera NANDA, NIC, NOC y el modelo de cuidados de Virginia Henderson ha permitido elaborar un plan de cuidados dirigido de forma general a los individuos sometidos a un trasplante renal durante los primeros días de evolución. Conclusión: Existen numerosos problemas competencia de enfermería en los pacientes trasplantados renales durante los primeros días de evolución, problemas, que la mayoría de veces, podrían ser solucionados con una adecuada metodología enfermera. Además de esto, también se ha observado la escasa y poco coincidente bibliografía existente respecto a los cuidados enfermeros a corto plazo requeridos por los individuos trasplantados renales.</dc:description>
  <dc:format>pdf</dc:format>
  <dc:language>spa</dc:language>
  <dc:type>info:eu-repo/semantics/bachelorThesis</dc:type>
  <dc:rights>by-nc-sa</dc:rights>
  <dc:rights>http://creativecommons.org/licenses/by-nc-sa/3.0/</dc:rights>
</oai_dc:dc>