<?xml version="1.0" encoding="UTF-8"?><oai_dc:dc xmlns:oai_dc="http://www.openarchives.org/OAI/2.0/oai_dc/" xmlns:dc="http://purl.org/dc/elements/1.1/" xmlns:xsi="http://www.w3.org/2001/XMLSchema-instance" xsi:schemaLocation="http://www.openarchives.org/OAI/2.0/oai_dc/ http://www.openarchives.org/OAI/2.0/oai_dc.xsd">
  <dc:creator>San Martín Igual, Elisa</dc:creator>
  <dc:creator>Aguirre Alonso, Begoña</dc:creator>
  <dc:title>Necesidad de dormir y descansar</dc:title>
  <dc:identifier>http://zaguan.unizar.es/record/10546</dc:identifier>
  <dc:subject>sueño</dc:subject>
  <dc:subject>descanso</dc:subject>
  <dc:subject>hospitalización</dc:subject>
  <dc:subject>Virginia Henderson</dc:subject>
  <dc:publisher>Universidad de Zaragoza</dc:publisher>
  <dc:date>2013</dc:date>
  <dc:description>Introducción: los pacientes ingresados en una planta de hospitalización tienen alterada en muchas ocasiones la necesidad de dormir y descansar.  Objetivos: describir la percepción que tienen los pacientes ingresados en una planta de hospitalización respecto a la necesidad de dormir y descansar. Descubrir qué factores son los que más influyen en la falta de descanso y sueño. Metodología: estudio descriptivo y transversal llevado a cabo en la Unidad de Toco-Ginecología y Cardiología del Hospital "Obispo Polanco" de Teruel. Sujetos de estudio (n=84) a los que, mediante una hoja de recogida de datos, se ha valorado el patrón del sueño en la segunda noche de hospitalización. Resultados: existe una diferencia de dos horas y media menos de sueño en el hospital que en casa. Las mujeres ingresadas por el servicio de tocología son las que menos horas duermen y señalan peor satisfacción del sueño. Un 90,5% sufre un sueño interrumpido. Los factores que más les afectan a la hora de dormir son: la temperatura ambiente, compartir habitación, la interrupción del sueño por procedimientos de enfermería, la preocupación por su familia y el dolor. Conclusión: el profesional de enfermería ha de asumir la responsabilidad del descanso de los pacientes, conociendo y minimizando los factores que perturban el sueño, evitando que los pacientes modifiquen su patrón habitual y de esta manera facilitarles el descanso nocturno.</dc:description>
  <dc:format>pdf</dc:format>
  <dc:language>spa</dc:language>
  <dc:type>info:eu-repo/semantics/bachelorThesis</dc:type>
  <dc:rights>by-nc-sa</dc:rights>
  <dc:rights>http://creativecommons.org/licenses/by-nc-sa/3.0/</dc:rights>
</oai_dc:dc>