<?xml version="1.0" encoding="UTF-8"?><oai_dc:dc xmlns:oai_dc="http://www.openarchives.org/OAI/2.0/oai_dc/" xmlns:dc="http://purl.org/dc/elements/1.1/" xmlns:xsi="http://www.w3.org/2001/XMLSchema-instance" xsi:schemaLocation="http://www.openarchives.org/OAI/2.0/oai_dc/ http://www.openarchives.org/OAI/2.0/oai_dc.xsd">
  <dc:creator>Torralba Elía, María</dc:creator>
  <dc:creator>Anguas Gracia, Ana</dc:creator>
  <dc:title>Calidad de vida en pacientes oncológicos ostomizados</dc:title>
  <dc:identifier>http://zaguan.unizar.es/record/10804</dc:identifier>
  <dc:publisher>Universidad de Zaragoza</dc:publisher>
  <dc:date>2013</dc:date>
  <dc:description>Se estima que 60.000 personas en nuestro país son portadores de una ostomía. La realización de un estoma modifica la calidad de vida de la persona, pese a poder ser un estoma temporal.  El objetivo principal de este trabajo ha sido conocer qué ámbitos de la calidad de vida se ven más afectados tras la realización de la ostomía. Para ello se llevó a cabo una revisión bibliográfica con el fin de conocer la situación actual del tema. La adaptación del paciente tras la intervención está ligada a la educación prequirúrgica recibida y la atención continuada del estomaterapeuta.</dc:description>
  <dc:format>pdf</dc:format>
  <dc:language>spa</dc:language>
  <dc:type>info:eu-repo/semantics/bachelorThesis</dc:type>
  <dc:rights>by-nc-sa</dc:rights>
  <dc:rights>http://creativecommons.org/licenses/by-nc-sa/3.0/</dc:rights>
</oai_dc:dc>