<?xml version="1.0" encoding="UTF-8"?><oai_dc:dc xmlns:oai_dc="http://www.openarchives.org/OAI/2.0/oai_dc/" xmlns:dc="http://purl.org/dc/elements/1.1/" xmlns:xsi="http://www.w3.org/2001/XMLSchema-instance" xsi:schemaLocation="http://www.openarchives.org/OAI/2.0/oai_dc/ http://www.openarchives.org/OAI/2.0/oai_dc.xsd">
  <dc:creator>Baselga Soriano, Isabel</dc:creator>
  <dc:creator>Boada Apilluelo, María Enriqueta</dc:creator>
  <dc:creator>Bernués Vázquez, Luis Máximo</dc:creator>
  <dc:title>Plan de cuidados de enfermería para el mantenimiento de la normotermia en el paciente quirúrgico</dc:title>
  <dc:identifier>http://zaguan.unizar.es/record/10688</dc:identifier>
  <dc:subject>anestesia</dc:subject>
  <dc:subject>hipotermia</dc:subject>
  <dc:subject>hipotermia inadvertida</dc:subject>
  <dc:subject>prevención hipotermia</dc:subject>
  <dc:publisher>Universidad de Zaragoza</dc:publisher>
  <dc:date>2013</dc:date>
  <dc:description>Durante los 30 años de ejercicio de la enfermería en el bloque quirúrgico del Hospital Clínico Universitario Lozano Blesa hemos ido evolucionando en la protección de los pacientes de una manera intuitiva. Nos preocupaba la calidad de los cuidados de enfermería a los pacientes y queríamos evitar “temblores y escalofríos” que era el principal y peor recuerdo de su paso por el quirófano. Para lo cual nos planteamos realizar un plan de cuidados de enfermería encaminado al mantenimiento de la normotermia en el bloque quirúrgico. La temperatura es una constante vital y debemos mantenerla dentro de sus valores normales durante la permanencia del paciente en el bloque quirúrgico, desde su llegada a la “acogida”, el paso por el quirófano y durante el tiempo en la sala de recuperación anestésica URPA. La anestesia es la principal causa de la hipotermia y puede aparecer en cualquier fase del proceso quirúrgico (pre, intra y postoperatoriamente). La incidencia de la hipotermia inadvertida es elevada en los pacientes quirúrgicos, entre el 50 y el 90% y puede tener efectos fisiológicos asociados a la morbilidad postoperatoria. La medición de la temperatura corporal en los pacientes quirúrgicos ayuda a detectar a tiempo alteraciones térmicas y prevenir y tratar la hipotermia intraoperatoria no intencionada. El objetivo principal es el diseño de un plan de cuidados de enfermería que prevenga la hipotermia inadvertida en los pacientes quirúrgicos, estableciendo unos estándares mínimos de temperatura corporal del paciente en el  quirófano como base de una calidad de cuidados en los pacientes quirúrgicos y desarrollando un protocolo de mantenimiento de la normotermia de los pacientes en el bloque quirúrgico, pasando de una actuación intuitiva a una actividad protocolizada. Para la elaboración del Plan de cuidados se ha realizado una revisión bibliográfica en las bases de datos Pubmed, Dialnet, Scielo y Google, con las palabras clave Anestesia, Hipotermia, Hipotermia inadvertida, Prevención hipotermia y Diagnósticos de enfermería. Se han seleccionado 25 artículos originales en base a su interés metodológico e impacto bibliográfico de los últimos 8 años, llegando a la conclusión de que la implantación de un plan de cuidados de enfermería de mantenimiento de la normotermia mejorará la calidad de los cuidados de enfermería en el bloque quirúrgico, siendo clínicamente posible sin incrementar significativamente el coste y el tiempo invertido en mejorar la calidad de los cuidados de enfermería. El calentamiento de los líquidos administrados, el aire convectivo y las mantas textiles son métodos adecuados y baratos de los que disponemos para restablecer o mantener la normotermia  de los pacientes sometidos a una intervención quirúrgica de más de una hora de duración.  </dc:description>
  <dc:format>pdf</dc:format>
  <dc:language>spa</dc:language>
  <dc:type>info:eu-repo/semantics/bachelorThesis</dc:type>
  <dc:rights>by-nc-sa</dc:rights>
  <dc:rights>http://creativecommons.org/licenses/by-nc-sa/3.0/</dc:rights>
</oai_dc:dc>