<?xml version="1.0" encoding="UTF-8"?><oai_dc:dc xmlns:oai_dc="http://www.openarchives.org/OAI/2.0/oai_dc/" xmlns:dc="http://purl.org/dc/elements/1.1/" xmlns:xsi="http://www.w3.org/2001/XMLSchema-instance" xsi:schemaLocation="http://www.openarchives.org/OAI/2.0/oai_dc/ http://www.openarchives.org/OAI/2.0/oai_dc.xsd">
  <dc:creator>Godia Ramiz, Marta</dc:creator>
  <dc:creator>Francés Pérez, Eva María</dc:creator>
  <dc:creator>Soler Herrero, Jaime</dc:creator>
  <dc:title>Estudio de catalizadores para la oxidación selectiva de propano</dc:title>
  <dc:identifier>http://zaguan.unizar.es/record/10035</dc:identifier>
  <dc:subject>propano</dc:subject>
  <dc:subject>oxidación</dc:subject>
  <dc:publisher>Universidad de Zaragoza</dc:publisher>
  <dc:date>2013</dc:date>
  <dc:description>La oxidación selectiva de propano es el proceso más representativo para la obtención de ácido acrílico, ya que es un alcano ligero que puede servir como materia prima en sustitución de las olefinas (propileno en este caso), cuya demanda actual las hace costosas y los procesos de producción contaminantes. El presento proyecto fin de carrera muestra un estudio sobre la oxidación selectiva de propano usando catalizadores basados en óxidos metálicos mixtos de vanadio y molibdeno, cuya síntesis se ha realizado en esta investigación, comparándose los resultados con los obtenidos mediante el uso de catalizadores comerciales VPO.	 Dichos ensayos se han realizado en un reactor de pulsos. Por otro lado se ha estudiado el efecto de distintas variables en la conversión y la selectividad a los productos obtenidos, como son el porcentaje de vapor de agua, la temperatura de reacción, el tipo de catalizador y la presencia o no de oxígeno en la reacción. Las propiedades químico-físicas de los materiales obtenidos se han determinado mediante el empleo combinado de diversas técnicas de microscopía electrónica (SEM), XRD y BET.</dc:description>
  <dc:format>pdf</dc:format>
  <dc:language>spa</dc:language>
  <dc:type>info:eu-repo/semantics/masterThesis</dc:type>
  <dc:rights>by-nc-sa</dc:rights>
  <dc:rights>http://creativecommons.org/licenses/by-nc-sa/3.0/</dc:rights>
</oai_dc:dc>