<?xml version="1.0" encoding="UTF-8"?><oai_dc:dc xmlns:oai_dc="http://www.openarchives.org/OAI/2.0/oai_dc/" xmlns:dc="http://purl.org/dc/elements/1.1/" xmlns:xsi="http://www.w3.org/2001/XMLSchema-instance" xsi:schemaLocation="http://www.openarchives.org/OAI/2.0/oai_dc/ http://www.openarchives.org/OAI/2.0/oai_dc.xsd">
  <dc:creator>Ramón Ibáñez, Jorge David</dc:creator>
  <dc:creator>González de la Cuesta, Delia María</dc:creator>
  <dc:title>Instauración del protocolo de prevención Neumonía Zero en una nueva Unidad de Cuidados Intensivos</dc:title>
  <dc:identifier>http://zaguan.unizar.es/record/10504</dc:identifier>
  <dc:subject>cultura de seguridad</dc:subject>
  <dc:subject>“neumonía zero”</dc:subject>
  <dc:subject>NAVM</dc:subject>
  <dc:subject>UCI</dc:subject>
  <dc:publisher>Universidad de Zaragoza</dc:publisher>
  <dc:date>2013</dc:date>
  <dc:description>El término de seguridad del paciente ha surgido con fuerza en la última década. Esta corriente fue adoptada por la OMS para conseguir crear el concepto de cultura de la seguridad. En nuestro país, estas recomendaciones dieron como resultado dos proyectos: “Bacteriemia Zero” y el protocolo “Neumonía Zero”. Este último consiste en la aplicación de una serie de intervenciones para prevenir la aparición de NAVM. La reducción de las tasas de neumonía en todas las UCIs en las que se ha realizado demuestra sus beneficios. Es por esto que este trabajo tiene como objetivo la introducción del protocolo para la creación de la cultura de seguridad de una nueva UCI. El proyecto utilizará una metodología basada en el ciclo de mejora de la calidad. Inicialmente se crearán dos grupos NZ (enfermero y médico) que instruirán a la plantilla en seguridad del paciente y en las medidas concretas de NZ. Una vez que la formación haya concluido, los grupos NZ evaluarán si la unidad cumple las intervenciones señaladas. Conclusión: La colaboración de los miembros de la unidad ha posibilitado la creación de una cultura de seguridad propia.</dc:description>
  <dc:format>pdf</dc:format>
  <dc:language>spa</dc:language>
  <dc:type>info:eu-repo/semantics/bachelorThesis</dc:type>
  <dc:rights>by-nc-sa</dc:rights>
  <dc:rights>http://creativecommons.org/licenses/by-nc-sa/3.0/</dc:rights>
</oai_dc:dc>