<?xml version="1.0" encoding="UTF-8"?><oai_dc:dc xmlns:oai_dc="http://www.openarchives.org/OAI/2.0/oai_dc/" xmlns:dc="http://purl.org/dc/elements/1.1/" xmlns:xsi="http://www.w3.org/2001/XMLSchema-instance" xsi:schemaLocation="http://www.openarchives.org/OAI/2.0/oai_dc/ http://www.openarchives.org/OAI/2.0/oai_dc.xsd">
  <dc:creator>Peñaranda Ibáñez, Estela</dc:creator>
  <dc:creator>Hidalgo García, César</dc:creator>
  <dc:title>Protocolo de tratamiento fisioterápico de una paciente con linfedema de miembro superior secundario a una mastectomía</dc:title>
  <dc:identifier>http://zaguan.unizar.es/record/10956</dc:identifier>
  <dc:subject>linfedema</dc:subject>
  <dc:subject>mastectomía</dc:subject>
  <dc:subject>terapia descongestiva compleja</dc:subject>
  <dc:subject>fisioterapia</dc:subject>
  <dc:publisher>Universidad de Zaragoza</dc:publisher>
  <dc:date>2013</dc:date>
  <dc:description>Introdución: El linfedema de miembro superior secundario a una mastectomía es una complicación frecuente que afecta aproximadamente al 25% de las pacientes actualmente. Objetivos: Se va a realizar un tratamiento fisioterápico cuyo objetivo principal es reducir el volumen y la pesadez del brazo afectado, tratando de asemejarlo, lo más posible, al lado sano y conseguir una mejora funcional para el desempeño de las actividades de la vida diaria. Metodología: Se llevó a cabo una valoración completa, física y psíquica, incluyendo cuestionarios específicos de miembro superior así como valoraciones de aspectos biopsicosociales. Tratamiento: Se realizó un tratamiento fisioterápico diario, durante 10 sesiones, aplicando la «Terapia Descongestiva Compleja» (TDC), basada en drenaje linfático manual (método Leduc), medidas higiénico–dietéticas, vendaje multicapa y ejercicios terapéuticos. Se combinó con presoterapia multicompartimental. Conclusiones: Tras el tratamiento, pese a las diferentes limitaciones que el caso clínico nos ha presentado y, tras haber aplicado la TDC combinada con presoterapia durante 10 sesiones, hemos conseguimos alcanzar el objetivo principal y mejorar, tanto subjetiva como objetivamente, la valoración física y psíquica de la paciente.</dc:description>
  <dc:format>pdf</dc:format>
  <dc:language>spa</dc:language>
  <dc:type>info:eu-repo/semantics/bachelorThesis</dc:type>
  <dc:rights>by-nc-sa</dc:rights>
  <dc:rights>http://creativecommons.org/licenses/by-nc-sa/3.0/</dc:rights>
</oai_dc:dc>