<?xml version="1.0" encoding="UTF-8"?><oai_dc:dc xmlns:oai_dc="http://www.openarchives.org/OAI/2.0/oai_dc/" xmlns:dc="http://purl.org/dc/elements/1.1/" xmlns:xsi="http://www.w3.org/2001/XMLSchema-instance" xsi:schemaLocation="http://www.openarchives.org/OAI/2.0/oai_dc/ http://www.openarchives.org/OAI/2.0/oai_dc.xsd">
  <dc:creator>Asín Chinchilla, Pilar</dc:creator>
  <dc:creator>García Ballarín, Isabel</dc:creator>
  <dc:title>Programa de educación para la salud. Conducta alimentaria correcta para la prevención de obesidad infantil entre 12 y 16 años</dc:title>
  <dc:identifier>http://zaguan.unizar.es/record/10721</dc:identifier>
  <dc:subject>obesidad infantil</dc:subject>
  <dc:subject>prevención obesidad</dc:subject>
  <dc:publisher>Universidad de Zaragoza</dc:publisher>
  <dc:date>2013</dc:date>
  <dc:description>Objetivos: realizar un estudio para conocer la situación de la obesidad infantil en nuestra población de trabajo, detectar que factores de riesgo están presentes y desarrollar un programa de educación para la salud de acuerdo con los resultados observados. Método: se realiza un estudio transversal para analizar la situación de la obesidad infantil en el colegio Santa María del Pilar (Marianistas) de Zaragoza tomando como muestra 100 alumnos de dicho colegio comprendidos entre los 12 y 16 años. Con los resultados obtenidos de este estudio se desarrolla un programa de educación para la salud con el fin de disminuir la prevalencia de la obesidad infantil en esta edad. Resultados: el 15% de los alumnos de entre 12 y 16 años del colegio estudiado presentan sobrepeso, siendo mayor la prevalencia entre chicos que entre chicas. Se encuentra por debajo de la media española pero por encima de otras provincias como Alicante. Presentan una mayor prevalencia de sobrepeso en los niños que no desayunan habitualmente, eligen la mayoría de sus comidas, comen entre horas y no llevan una dieta equilibrada. Al ver la relación entre la presencia de sobrepeso y hábitos alimenticios modificables, se considera útil realizar un programa de educación para la salud para disminuir la prevalencia de obesidad infantil. Conclusiones: con los resultados obtenidos se desarrolla un programa de educación para la salud acorde con los hábitos alimenticios que hay que mejorar. Este programa está desarrollado para una población muy concreta por lo que se podría extrapolar a poblaciones similares o, con pequeñas modificaciones, a otras no tan parecidas. Para poder comprobar su efectividad habría que dar tiempo a poder realizar la evaluación que está programada.</dc:description>
  <dc:format>pdf</dc:format>
  <dc:language>spa</dc:language>
  <dc:type>info:eu-repo/semantics/bachelorThesis</dc:type>
  <dc:rights>by-nc-sa</dc:rights>
  <dc:rights>http://creativecommons.org/licenses/by-nc-sa/3.0/</dc:rights>
</oai_dc:dc>