<?xml version="1.0" encoding="UTF-8"?><oai_dc:dc xmlns:oai_dc="http://www.openarchives.org/OAI/2.0/oai_dc/" xmlns:dc="http://purl.org/dc/elements/1.1/" xmlns:xsi="http://www.w3.org/2001/XMLSchema-instance" xsi:schemaLocation="http://www.openarchives.org/OAI/2.0/oai_dc/ http://www.openarchives.org/OAI/2.0/oai_dc.xsd">
  <dc:creator>Royo Jordán, Rebeca</dc:creator>
  <dc:creator>Lapieza Laínez, María Gloria</dc:creator>
  <dc:creator>Díez Alonso, María Isabel</dc:creator>
  <dc:title>Tratamiento fisioterapéutico tras reconstrucción de ligamento cruzado anterior</dc:title>
  <dc:identifier>http://zaguan.unizar.es/record/10903</dc:identifier>
  <dc:publisher>Universidad de Zaragoza</dc:publisher>
  <dc:date>2013</dc:date>
  <dc:description>Introducción: La rotura de ligamento cruzado anterior (LCA) es una lesión frecuente en la actividad deportiva y recreativa, así como en accidentes laborales, afectando a una población joven y activa con una prevalencia alta. Tanto la reconstrucción quirúrgica, como la rehabilitación acelerada del LCA, son necesarias para que el paciente pueda volver a su actividad previa a la lesión además de evitar la aparición de osteoartrosis temprana. Objetivo: El objetivo básico es restaurar la función de la rodilla a nivel prelesional, respetando el proceso de “ligamentación” de la plastia. Metodología: El diseño del estudio es intrasujeto AB. Paciente de 34 años, varón, deportista recreacional. Intervenido quirúrgicamente de reconstrucción del LCA con plastia autóloga del tendón del semitendinoso. Se valora el edema, la limitación de movimiento, la fuerza muscular, la valoración funcional se registra mediante la Escala de Lysholm y test funcionales como el de cajón anterior y test de Lachman. El tratamiento fisioterapéutico consiste en un protocolo acelerado de rehabilitación, de seis meses de duración. Desarrollo: En la valoración post-tratamiento se evidencia una reducción muy importante del edema, la cicatriz es elástica e indolora, aumento del rango de movimiento de la rodilla, mejora del estado muscular y del control neuromuscular, recuperando notablemente la capacidad funcional de la rodilla. Persiste dolor leve en la zona del polo inferior de la rótula, solo con actividad severa. Conclusiones: El tratamiento fisioterapéutico se muestra eficaz mejorando notablemente la capacidad funcional, permitiendo así el retorno del paciente a su actividad habitual.</dc:description>
  <dc:format>pdf</dc:format>
  <dc:language>spa</dc:language>
  <dc:type>info:eu-repo/semantics/bachelorThesis</dc:type>
  <dc:rights>by-nc-sa</dc:rights>
  <dc:rights>http://creativecommons.org/licenses/by-nc-sa/3.0/</dc:rights>
</oai_dc:dc>