<?xml version="1.0" encoding="UTF-8"?><oai_dc:dc xmlns:oai_dc="http://www.openarchives.org/OAI/2.0/oai_dc/" xmlns:dc="http://purl.org/dc/elements/1.1/" xmlns:xsi="http://www.w3.org/2001/XMLSchema-instance" xsi:schemaLocation="http://www.openarchives.org/OAI/2.0/oai_dc/ http://www.openarchives.org/OAI/2.0/oai_dc.xsd">
  <dc:creator>Pardo Guajardo, María Mercedes</dc:creator>
  <dc:creator>Domínguez Oliván, María Pilar</dc:creator>
  <dc:title>Tratamiento fisioterápico en hipotonía global del lactante</dc:title>
  <dc:identifier>http://zaguan.unizar.es/record/10685</dc:identifier>
  <dc:subject>hipotonía global</dc:subject>
  <dc:subject>retraso motor</dc:subject>
  <dc:subject>estimulación motriz</dc:subject>
  <dc:subject>fisioterapia</dc:subject>
  <dc:publisher>Universidad de Zaragoza</dc:publisher>
  <dc:date>2013</dc:date>
  <dc:description>Introducción: La hipotonía se define como la disminución en la tensión de un músculo cuando este es movido de forma pasiva; puede ser de origen central, periférico o mixto y suele  estar presente  en numerosas patologías de origen neuromuscular. Por todo ello, se hace necesario un tratamiento fisioterápico precoz de la hipotonía que presenta el lactante,  basado en las secuelas observadas tras la valoración fisioterápica inicial. Objetivo: los objetivos de este trabajo son: normalizar el tono muscular, mejorar las habilidades motoras del lactante y conseguir la mayor funcionalidad posible en la realización de las actividades de la vida diaria. Metodología: se realiza un diseño de estudio intrasujeto N=1, AB, longitudinal prospectivo, siguiendo el método clínico. La paciente a estudio es una lactante de 8 meses de edad que presenta hipotonía generalizada con leve afectación motora y alteración de la función. Se realiza una valoración pre y post-tratamiento. El tratamiento fisioterápico consiste en un programa de ejercicios de estimulación motriz durante un periodo de 8 meses. El tratamiento irá paralelo al desarrollo psicomotor normal del lactante. Desarrollo: se valora la evolución del lactante, en las sesiones diarias de 30’, realizadas en el centro de Atención Temprana IASS Base I de Zaragoza. Conclusión: la fisioterapia con técnicas de estimulación motriz parece eficaz en el desarrollo psicomotor del  lactante.</dc:description>
  <dc:format>pdf</dc:format>
  <dc:language>spa</dc:language>
  <dc:type>info:eu-repo/semantics/bachelorThesis</dc:type>
  <dc:rights>by-nc-sa</dc:rights>
  <dc:rights>http://creativecommons.org/licenses/by-nc-sa/3.0/</dc:rights>
</oai_dc:dc>