<?xml version="1.0" encoding="UTF-8"?><oai_dc:dc xmlns:oai_dc="http://www.openarchives.org/OAI/2.0/oai_dc/" xmlns:dc="http://purl.org/dc/elements/1.1/" xmlns:xsi="http://www.w3.org/2001/XMLSchema-instance" xsi:schemaLocation="http://www.openarchives.org/OAI/2.0/oai_dc/ http://www.openarchives.org/OAI/2.0/oai_dc.xsd">
  <dc:creator>Navarro Torres, María</dc:creator>
  <dc:creator>Fleta Zaragozano, Jesús</dc:creator>
  <dc:title>Alivio del dolor agudo en el recién nacido sometido a procedimientos menores mediante analgesia no farmacológica</dc:title>
  <dc:identifier>http://zaguan.unizar.es/record/10720</dc:identifier>
  <dc:subject>recién nacido</dc:subject>
  <dc:subject>dolor</dc:subject>
  <dc:subject>cuidados</dc:subject>
  <dc:subject>enfermería</dc:subject>
  <dc:subject>medidas no-farmacológicas</dc:subject>
  <dc:publisher>Universidad de Zaragoza</dc:publisher>
  <dc:date>2013</dc:date>
  <dc:description>INTRODUCCIÓN: Durante años existió la falsa creencia de que el recién nacido no presentaba dolor por su inmadurez; estudios posteriores afirmaron que las estructuras que lo transmiten se encuentran desarrolladas antes del nacimiento. En la práctica diaria son sometidos a procedimientos agudos que pueden ocasionarles dolor, el cual puede causar efectos negativos y cuya gestión en la práctica clínica se ha visto insuficiente. OBJETIVOS: Conocer las intervenciones no farmacológicas eficaces para reducir el dolor durante procedimientos menores en el RN y elaborar una herramienta práctica para llevarlas a cabo de forma eficaz en las Unidades neonatales. METODOLOGÍA: Se elabora un protocolo de cuidados de enfermería basado en una búsqueda bibliográfica sobre la evidencia de la efectividad de las estrategias no farmacológicas. RESULTADOS: Estudios suficientes confirman que dichas intervenciones tienen un empleo clínico eficaz y seguro para controlar significativamente los comportamientos ante el dolor asociados a procedimientos agudos. Entre ellas encontramos la solución de sacarosa, la succión no nutritiva, el método canguro, la lactancia materna y medidas de distracción y posicionamiento. CONCLUSIONES: El protocolo de cuidados elaborado proporciona a los profesionales un acceso rápido a la evidencia en la prevención y el alivio del dolor leve-moderado del RN. Dada la efectividad de dichas medidas, su aplicación en los procedimientos menores supondría una mejora de la calidad de los cuidados neonatales.</dc:description>
  <dc:format>pdf</dc:format>
  <dc:language>spa</dc:language>
  <dc:type>info:eu-repo/semantics/bachelorThesis</dc:type>
  <dc:rights>by-nc-sa</dc:rights>
  <dc:rights>http://creativecommons.org/licenses/by-nc-sa/3.0/</dc:rights>
</oai_dc:dc>