<?xml version="1.0" encoding="UTF-8"?><oai_dc:dc xmlns:oai_dc="http://www.openarchives.org/OAI/2.0/oai_dc/" xmlns:dc="http://purl.org/dc/elements/1.1/" xmlns:xsi="http://www.w3.org/2001/XMLSchema-instance" xsi:schemaLocation="http://www.openarchives.org/OAI/2.0/oai_dc/ http://www.openarchives.org/OAI/2.0/oai_dc.xsd">
  <dc:creator>Blasco Pintor, María Pilar</dc:creator>
  <dc:creator>Boada Apilluelo, María Enriqueta</dc:creator>
  <dc:creator>Bernués Vázquez, Luis Máximo</dc:creator>
  <dc:title>Programa de educación sanitaria. Manejo de dispositivos de inhalación en pacientes con EPOC desde atención primaria</dc:title>
  <dc:identifier>http://zaguan.unizar.es/record/10691</dc:identifier>
  <dc:subject>EPOC</dc:subject>
  <dc:subject>dispositivos de inhalación</dc:subject>
  <dc:publisher>Universidad de Zaragoza</dc:publisher>
  <dc:date>2013</dc:date>
  <dc:description>La EPOC representa una de las causas más importantes de morbimortalidad en la mayoría de los países occidentales y tanto la prevalencia como sus consecuencias van en aumento. Actualmente constituye la cuarta causa de muerte en el mundo. Las guías clínicas nacionales e internacionales recomiendan la vía inhalatoria como la modalidad terapéutica fundamental para la EPOC. El éxito en el manejo de los inhaladores depende, en gran medida, de la revisión de la técnica en visitas posteriores y puede reducir las agudizaciones de EPOC hasta un 25-30%.  Objetivo general: elaborar un programa educativo desde consultas de enfermería de atención primaria para facilitar el control de la enfermedad, mejorar la adhesión al tratamiento y la calidad de vida en pacientes mayores de 40 años con EPOC. Objetivo específico: mejorar la destreza en el manejo de dispositivos de inhalación en pacientes mayores de 40 años con EPOC.  Metodología: se ha realizado una búsqueda bibliográfica de artículos científicos relacionados con la EPOC y la utilización de dispositivos de inhalación.  El análisis de una muestra de ellos confirmó que el uso incorrecto de los sistemas de inhalación sigue siendo muy elevado. Partiendo de esta idea se ha elaborado un programa educativo. Conclusiones: la puesta en marcha de programas educativos en atención primaria para enseñar a los pacientes con EPOC a utilizar dispositivos de inhalación mejora el cumplimiento y destreza en el manejo de éstos y por tanto el efecto terapéutico. El inicio de estos programas tiene un gran impacto en los pacientes, facilitándoles el control de la enfermedad y proporcionándoles una mayor calidad de vida.</dc:description>
  <dc:format>pdf</dc:format>
  <dc:language>spa</dc:language>
  <dc:type>info:eu-repo/semantics/bachelorThesis</dc:type>
  <dc:rights>by-nc-sa</dc:rights>
  <dc:rights>http://creativecommons.org/licenses/by-nc-sa/3.0/</dc:rights>
</oai_dc:dc>