<?xml version="1.0" encoding="UTF-8"?><oai_dc:dc xmlns:oai_dc="http://www.openarchives.org/OAI/2.0/oai_dc/" xmlns:dc="http://purl.org/dc/elements/1.1/" xmlns:xsi="http://www.w3.org/2001/XMLSchema-instance" xsi:schemaLocation="http://www.openarchives.org/OAI/2.0/oai_dc/ http://www.openarchives.org/OAI/2.0/oai_dc.xsd">
  <dc:creator>Castillo Lasierra, Amparo</dc:creator>
  <dc:creator>Lucha López, Ana Carmen</dc:creator>
  <dc:title>Beneficios y actuación de enfermería en la diálisis peritoneal</dc:title>
  <dc:identifier>http://zaguan.unizar.es/record/10700</dc:identifier>
  <dc:subject>diálisis peritoneal</dc:subject>
  <dc:subject>actuación de enfermería</dc:subject>
  <dc:subject>nuevas tecnologías</dc:subject>
  <dc:subject>costes</dc:subject>
  <dc:publisher>Universidad de Zaragoza</dc:publisher>
  <dc:date>2013</dc:date>
  <dc:description>El envejecimiento de la población es una evidencia que, lejos de disminuir, cada vez va en aumento. Este envejecimiento va unido a la pluripatología, y por consiguiente, a la necesidad que tienen gran cantidad de pacientes de comenzar un tratamiento sustitutivo renal. Al ser un problema actual y en aumento, es necesario buscar las mejores opciones para el paciente, ampliar conocimientos y barajar diversas posibilidades. El objetivo de este trabajo es demostrar los beneficios que tiene la diálisis domiciliaría peritoneal para el paciente, el papel de enfermería en la atención a domicilio de éstos, valorar las nuevas tecnologías en este ámbito y comparar los costes de la diálisis domiciliaria  frente a la hospitalaria. La diálisis domiciliaria tiene un presente y un futuro donde la enfermería juega un papel fundamental para conseguir un mayor bienestar del paciente. Mediante la formación y el uso de las nuevas tecnologías, la diálisis peritoneal podría convertirse en el tratamiento sustitutivo renal por excelencia de nuestro país.</dc:description>
  <dc:format>pdf</dc:format>
  <dc:language>spa</dc:language>
  <dc:type>info:eu-repo/semantics/bachelorThesis</dc:type>
  <dc:rights>by-nc-sa</dc:rights>
  <dc:rights/>
</oai_dc:dc>