<?xml version="1.0" encoding="UTF-8"?><oai_dc:dc xmlns:oai_dc="http://www.openarchives.org/OAI/2.0/oai_dc/" xmlns:dc="http://purl.org/dc/elements/1.1/" xmlns:xsi="http://www.w3.org/2001/XMLSchema-instance" xsi:schemaLocation="http://www.openarchives.org/OAI/2.0/oai_dc/ http://www.openarchives.org/OAI/2.0/oai_dc.xsd">
  <dc:creator>Martínez Andrés, Jorge</dc:creator>
  <dc:creator>Martínez Iturbe, Abelardo</dc:creator>
  <dc:title>Fuente de alimentación resonante para luminarias LED de alta potencia</dc:title>
  <dc:identifier>http://zaguan.unizar.es/record/10312</dc:identifier>
  <dc:subject>led en iluminación</dc:subject>
  <dc:subject>resonante</dc:subject>
  <dc:subject>fuente de alimentación</dc:subject>
  <dc:subject>fuente</dc:subject>
  <dc:publisher>Universidad de Zaragoza</dc:publisher>
  <dc:date>2013</dc:date>
  <dc:description>En este trabajo se evaluena las prestaciones que ofrece una fuente de alimentacion resonante LLC orientada a la aplicacion de la iluminacion de exteriores mediante LED.</dc:description>
  <dc:format>pdf</dc:format>
  <dc:language>spa</dc:language>
  <dc:type>info:eu-repo/semantics/masterThesis</dc:type>
  <dc:rights>by-nc-sa</dc:rights>
  <dc:rights>http://creativecommons.org/licenses/by-nc-sa/3.0/</dc:rights>
</oai_dc:dc>