<?xml version="1.0" encoding="UTF-8"?><oai_dc:dc xmlns:oai_dc="http://www.openarchives.org/OAI/2.0/oai_dc/" xmlns:dc="http://purl.org/dc/elements/1.1/" xmlns:xsi="http://www.w3.org/2001/XMLSchema-instance" xsi:schemaLocation="http://www.openarchives.org/OAI/2.0/oai_dc/ http://www.openarchives.org/OAI/2.0/oai_dc.xsd">
  <dc:creator>Morales Gómez, Fernando José</dc:creator>
  <dc:creator>Fleta Zaragozano, Jesús</dc:creator>
  <dc:title>Influencia de la educación sanitaria de atención primaria en la calidad de vida del niño asmático</dc:title>
  <dc:identifier>http://zaguan.unizar.es/record/10790</dc:identifier>
  <dc:publisher>Universidad de Zaragoza</dc:publisher>
  <dc:date>2013</dc:date>
  <dc:description>El asma es una enfermedad inflamatoria crónica de las vías respiratorias, en cuya patogenia intervienen mediadores de la inflamación, condicionada en parte por factores genéticos y que cursa con hiperrespuesta bronquial y una obstrucción variable al flujo aéreo, total o parcialmente reversible, ya sea por la acción medicamentosa o espontáneamente. En España, la prevalencia de síntomas asmáticos en niños varía entre un 7,1% y un 15,3%, dándose más casos de asma en las zonas costeras y del norte del país. Es un problema de salud importante que genera una cantidad importante de costes si no se trata adecuadamente. Por ello he decidido escoger este tema para mi estudio. El trabajo va dirigido a la importancia de la educación sanitaria en esta enfermedad y a conocer como se informa a las familias para tener controlada el asma y que el niño pueda llevar una vida normal como cualquier otro.</dc:description>
  <dc:format>pdf</dc:format>
  <dc:language>spa</dc:language>
  <dc:type>info:eu-repo/semantics/bachelorThesis</dc:type>
  <dc:rights>by-nc-sa</dc:rights>
  <dc:rights>http://creativecommons.org/licenses/by-nc-sa/3.0/</dc:rights>
</oai_dc:dc>