<?xml version="1.0" encoding="UTF-8"?><oai_dc:dc xmlns:oai_dc="http://www.openarchives.org/OAI/2.0/oai_dc/" xmlns:dc="http://purl.org/dc/elements/1.1/" xmlns:xsi="http://www.w3.org/2001/XMLSchema-instance" xsi:schemaLocation="http://www.openarchives.org/OAI/2.0/oai_dc/ http://www.openarchives.org/OAI/2.0/oai_dc.xsd">
  <dc:creator>Banti, Hélène</dc:creator>
  <dc:creator>Domínguez Oliván, María Pilar</dc:creator>
  <dc:title>La terapia de espejo en la rehabilitación del paciente amputado</dc:title>
  <dc:identifier>http://zaguan.unizar.es/record/10843</dc:identifier>
  <dc:subject>terapia de espejo</dc:subject>
  <dc:subject>dolor de miembro fantasma</dc:subject>
  <dc:subject>fisioterapia</dc:subject>
  <dc:subject>amputación</dc:subject>
  <dc:publisher>Universidad de Zaragoza</dc:publisher>
  <dc:date>2013</dc:date>
  <dc:description>Introducción. Entre el 50 y el 85% de los pacientes amputados experimentan dolor de miembro fantasma (DMF). Es un dolor que el paciente localiza en la parte del cuerpo que ha sido amputada. Tras la amputación, el área cortical correspondiendo a la parte amputada está desaferenciada, aunque sigue emitiendo eferencias nerviosas. En otras palabras, para el cerebro el miembro sigue existiendo pero los sentidos afirman lo contrario y esta incongruencia provocaría el DMF. La terapia de espejo consiste en ver el reflejo del miembro sano en un espejo como si fuese el amputado, lo que crea cierta congruencia entre eferencias e información visual y alivia el dolor. Metodología. En este trabajo se estudian dos casos clínicos con DMF tras una amputación de miembro inferior y en un tercer caso de amputación de miembro superior en el cual buscamos mantener la función del brazo para el uso posterior de una prótesis mioeléctrica. En todos los casos se aplica un tratamiento de 15 minutos de terapia de espejo diario. Resultados. Aplicada la terapia de espejo, en los dos primeros casos aumentó el umbral de DMF en un mes. En el tercer caso, la terapia de espejo permitió mantener un buen esquema neuromotor de la raíz del miembro amputado en espera de la prótesis.</dc:description>
  <dc:format>pdf</dc:format>
  <dc:language>spa</dc:language>
  <dc:type>info:eu-repo/semantics/bachelorThesis</dc:type>
  <dc:rights>by-nc-sa</dc:rights>
  <dc:rights>http://creativecommons.org/licenses/by-nc-sa/3.0/</dc:rights>
</oai_dc:dc>