<?xml version="1.0" encoding="UTF-8"?><oai_dc:dc xmlns:oai_dc="http://www.openarchives.org/OAI/2.0/oai_dc/" xmlns:dc="http://purl.org/dc/elements/1.1/" xmlns:xsi="http://www.w3.org/2001/XMLSchema-instance" xsi:schemaLocation="http://www.openarchives.org/OAI/2.0/oai_dc/ http://www.openarchives.org/OAI/2.0/oai_dc.xsd">
  <dc:creator>Omedes Domene, José Ignacio</dc:creator>
  <dc:creator>Monne Bailo, Carlos</dc:creator>
  <dc:title>Limitación de la demanda y certificación energética de un colegio en Madrid</dc:title>
  <dc:identifier>http://zaguan.unizar.es/record/10577</dc:identifier>
  <dc:subject>limitación de la demanda</dc:subject>
  <dc:subject>certificación energética</dc:subject>
  <dc:publisher>Universidad de Zaragoza</dc:publisher>
  <dc:date>2013</dc:date>
  <dc:description>INTRODUCCION: Debido al enorme consumo de energía no renovable y al conocimiento de su pronta desaparición, cada vez se plantean nuevas medidas, protocolos y normativas para fomentar el uso eficiente de la energía. Por ello el siguiente proyecto trata sobre el estudio de la limitación de la demanda y certificación energética de un colegio en Madrid. OBJETIVOS: El objetivo del siguiente proyecto consiste en realizar un estudio de la limitación de la demanda y certificación energética de un colegio situado en Madrid. Por ello, apoyándonos en las herramientas informáticas LIDER y CALENER GT, realizaremos el diseño de dicho edificio y comprobaremos que cumple con la normativa vigente en cuanto a envolvente arquitectónica. También realizaremos un cálculo para conocer que calificación energética le corresponde conforme al sistema climatológico instalado, además de estimar su consumo energético mensual y anual. Continuaremos realizando un estudio de las posibilidades que ofrece LÍDER y de qué manera repercuten en el edificio, para conocer cómo afecta el uso o la variación de elementos de los cerramientos a la demanda estimada por LÍDER. Análogamente, y respetando los subsistemas secundarios, se realiza un estudio similar para los equipos de producción en Calener GT, y con ello conoceremos que maquinas son más productivas y como afectan a nuestro edificio. Finalmente, gracias a la información obtenida, se proponen una serie de mejoras o alternativas en dicho colegio y se calcula su ahorro energético. También se tratara de conocer los costes de dichos cambios para plasmar la amortización de dichas mejoras. DESCRIPCION DEL EDIFICIO: El edificio que se describe a continuación es un centro de educación infantil y primaria situado en Madrid. Sobre este edificio se realizara la verificación de la limitación de la demanda según el método general mediante el programa LIDER, y para las instalaciones propuestas en los diferentes apartados se efectuará la certificación energética mediante el programa CALENER GT. El edificio se dispone en dos alturas y se deja preparado para en un futuro duplicar el número de aulas efectuando un cerramiento de fachada en el porche de infantil, aumentando la superficie de comedor y generando una nueva planta segunda. La distribución en planta es la siguiente: Planta Baja: 3 aulas de infantil, administración y Apas, gimnasio, usos múltiples, Psicomotricidad, Comedor, Oficio, Aseos y Salas Técnicas. Planta Primera:   6 aulas de primaria, varias aulas didácticas, biblioteca, tutorías y aseos. El sistema de climatización que se plantea es de producción de agua fría mediante enfriadora de accionamiento eléctrico y producción de agua caliente mediante caldera de condensación. Se prevé unas redes hidráulicas de transporte de energía entre los equipos generadores y una serie de subsistemas secundarios dispuestos por el edificio tanto a nivel de sistema como a nivel de zona. También se va acondicionar dos zonas con equipos autónomos bombas de calor, una con un sistema VRV y otra con un autónomo partido. Para climatización de los espacios del edificio se definen diferentes subsistemas secundarios y climatizadores de aire primario. HERRAMIENTAS INFORMATICAS: LIDER es la aplicación informática que permite cumplir con la opción general de verificación de la exigencia de Limitación de Demanda Energética establecida en el Documento Básico de la Habitabilidad y Energía del Código Técnico de la Edificación (CTE-HE1) y está patrocinada por el Ministerio de Vivienda y por el Instituto para la Diversificación y Ahorro de la Energía (IDAE). Esta herramienta está diseñada para realizar la descripción geométrica, constructiva y operacional de los edificios, así como para llevar a cabo la mayor parte de los cálculos recogidos en el CTE-HE1 y para la impresión de la documentación administrativa pertinente. El Programa informático CALENER es una herramienta promovida por el Ministerio de Industria, Turismo y Comercio, a través del IDAE, y por el Ministerio de Vivienda, que permite determinar el nivel de eficiencia energética correspondiente a un edificio. El programa consta de dos herramientas informáticas para una utilización más fácil por el usuarioNT. CONCLUSIONES: Gracias al estudio que hemos realizado podemos conocer mediante simulaciones como afecta al consumo energético de  un edificio las diferentes posibilidades arquitectónicas, asi como de los diferentes tipos de equipos y sistemas de producción. Estas simulaciones permiten estimar consumo de energías primarias y finales, además de valoras las emisiones de CO2 a la atmosfera. También se destaca la importancia del uso de medidas y técnicas de ahorro, que gracias a ellas se ha conseguido dar al edificio una certificación positiva reduciendo notablemente el consumo de energías y emisiones</dc:description>
  <dc:format>pdf</dc:format>
  <dc:language>spa</dc:language>
  <dc:type>info:eu-repo/semantics/masterThesis</dc:type>
  <dc:rights>by-nc-sa</dc:rights>
  <dc:rights>http://creativecommons.org/licenses/by-nc-sa/3.0/</dc:rights>
</oai_dc:dc>