<?xml version="1.0" encoding="UTF-8"?><oai_dc:dc xmlns:oai_dc="http://www.openarchives.org/OAI/2.0/oai_dc/" xmlns:dc="http://purl.org/dc/elements/1.1/" xmlns:xsi="http://www.w3.org/2001/XMLSchema-instance" xsi:schemaLocation="http://www.openarchives.org/OAI/2.0/oai_dc/ http://www.openarchives.org/OAI/2.0/oai_dc.xsd">
  <dc:creator>Monzón Barquero, Ana</dc:creator>
  <dc:creator>Morgades Morer, Judit</dc:creator>
  <dc:creator>Sánchez Sanz, María Elisa</dc:creator>
  <dc:title>Violencia de género: educar para prevenir</dc:title>
  <dc:identifier>http://zaguan.unizar.es/record/11101</dc:identifier>
  <dc:subject>jóvenes</dc:subject>
  <dc:subject>problemática social</dc:subject>
  <dc:subject>posmachismo</dc:subject>
  <dc:subject>violencia de género</dc:subject>
  <dc:publisher>Universidad de Zaragoza</dc:publisher>
  <dc:date>2013</dc:date>
  <dc:description>En la actualidad se está incrementando la violencia de género entre los jóvenes que en muchas ocasiones no superan la mayoría de edad. Por ello, el tema de estudio está enfocado hacia este colectivo, para que a través de esta investigación se vea la necesidad de actuar en esta problemática por parte de los diferentes agentes sociales, promoviendo la prevención que en ocasiones no es la suficiente, ya que no se trata únicamente de actuar sobre los casos conocidos para paliar las consecuencias, sino también de modificar creencias para así prevenir actitudes y conductas misóginas.</dc:description>
  <dc:format>pdf</dc:format>
  <dc:language>spa</dc:language>
  <dc:type>info:eu-repo/semantics/bachelorThesis</dc:type>
  <dc:rights>by-nc-sa</dc:rights>
  <dc:rights>http://creativecommons.org/licenses/by-nc-sa/3.0/</dc:rights>
</oai_dc:dc>