<?xml version="1.0" encoding="UTF-8"?><oai_dc:dc xmlns:oai_dc="http://www.openarchives.org/OAI/2.0/oai_dc/" xmlns:dc="http://purl.org/dc/elements/1.1/" xmlns:xsi="http://www.w3.org/2001/XMLSchema-instance" xsi:schemaLocation="http://www.openarchives.org/OAI/2.0/oai_dc/ http://www.openarchives.org/OAI/2.0/oai_dc.xsd">
  <dc:creator>Cisneros Rincón, Paula</dc:creator>
  <dc:creator>Lacalzada de Mateo, María José</dc:creator>
  <dc:title>Investigación de la Identidad Cultural, la Comunidad de Belén y el Programa Sociocultural desde la Perspectiva del Trabajo Social</dc:title>
  <dc:identifier>http://zaguan.unizar.es/record/11096</dc:identifier>
  <dc:subject>adulto mayor</dc:subject>
  <dc:subject>centro de día</dc:subject>
  <dc:subject>comunidad</dc:subject>
  <dc:subject>Comunidad de Belén</dc:subject>
  <dc:subject>conciencia crítica</dc:subject>
  <dc:subject>identidad cultural</dc:subject>
  <dc:subject>programa sociocultural</dc:subject>
  <dc:subject>trabajo social</dc:subject>
  <dc:publisher>Universidad de Zaragoza</dc:publisher>
  <dc:date>2013</dc:date>
  <dc:description>Este trabajo consiste en la sistematización de la experiencia profesional vivida durante la realización de las prácticas de cooperación en el Centro de Día, “Convento de Nuestra Señora de Belén” (La Habana, Cuba). Considerando que el nivel de desarrollo económico del país está bastante limitado, el modelo social cubano busca alternativas para su propio desarrollo. Para ello, trata de convertir a la comunidad en sujeto de superación de sus propias dificultades y contradicciones, mediante el desarrollo de una conciencia crítica en los miembros de la comunidad. Así pues, mi objetivo es dar a conocer el proceso a través del cual se lleva a cabo este modelo alternativo desde la perspectiva del Trabajo Social, así como las características específicas de la comunidad sobre la que actúa, la Comunidad de Belén.</dc:description>
  <dc:format>pdf</dc:format>
  <dc:language>spa</dc:language>
  <dc:type>info:eu-repo/semantics/bachelorThesis</dc:type>
  <dc:rights>by-nc-sa</dc:rights>
  <dc:rights>http://creativecommons.org/licenses/by-nc-sa/3.0/</dc:rights>
</oai_dc:dc>