<?xml version="1.0" encoding="UTF-8"?><oai_dc:dc xmlns:oai_dc="http://www.openarchives.org/OAI/2.0/oai_dc/" xmlns:dc="http://purl.org/dc/elements/1.1/" xmlns:xsi="http://www.w3.org/2001/XMLSchema-instance" xsi:schemaLocation="http://www.openarchives.org/OAI/2.0/oai_dc/ http://www.openarchives.org/OAI/2.0/oai_dc.xsd">
  <dc:creator>Oliván Aceituno, Cristina</dc:creator>
  <dc:creator>Tobajas Asensio, José Antonio</dc:creator>
  <dc:title>Cuidados de enfermería en el medio extrahospitalario en pacientes con amputación traumática de una extremidad</dc:title>
  <dc:identifier>http://zaguan.unizar.es/record/10776</dc:identifier>
  <dc:publisher>Universidad de Zaragoza</dc:publisher>
  <dc:date>2013</dc:date>
  <dc:description>INTRODUCCIÓN: Actualmente, por el creciente uso de maquinaria industrial, número de desplazamientos y práctica de deportes de riesgo, son cada día más numerosas las situaciones fortuitas de sufrir una amputación. En 2011, se produjeron 1.349 amputaciones traumáticas en España. El resultado final depende de: qué parte fue amputada, qué afección ha sufrido, el tiempo que tardó en recibir la atención médica y el estado general de salud de la persona. El pronóstico a largo plazo para las víctimas de amputaciones ha mejorado debido a la mejor comprensión del manejo de la amputación traumática. OBJETIVOS: Desarrollar un plan de cuidados que garantice la calidad de la asistencia sanitaria en pacientes víctimas de amputaciones. METODOLOGÍA: Diseño de carácter descriptivo basado en una búsqueda bibliográfica y en la aplicación de las competencias del Plan de Estudios del Grado de Enfermería de la Universidad de Zaragoza. DESARROLLO: Tras conocer datos y características sobre pacientes que han sufrido amputaciones traumáticas y realizar una valoración de sus patrones funcionales según Gordon, se pueden establecer como más frecuentes los diagnósticos analizados en este estudio. CONCLUSIÓN: La calidad de la asistencia sanitaria en pacientes víctimas de amputaciones puede ser garantizada al desarrollar un plan de cuidados de enfermería elaborado, exhaustivo y eficaz, mediante el uso sistemático de la taxonomía NANDA-NIC-NOC.</dc:description>
  <dc:format>pdf</dc:format>
  <dc:language>spa</dc:language>
  <dc:type>info:eu-repo/semantics/bachelorThesis</dc:type>
  <dc:rights>by-nc-sa</dc:rights>
  <dc:rights>http://creativecommons.org/licenses/by-nc-sa/3.0/</dc:rights>
</oai_dc:dc>