<?xml version="1.0" encoding="UTF-8"?><oai_dc:dc xmlns:oai_dc="http://www.openarchives.org/OAI/2.0/oai_dc/" xmlns:dc="http://purl.org/dc/elements/1.1/" xmlns:xsi="http://www.w3.org/2001/XMLSchema-instance" xsi:schemaLocation="http://www.openarchives.org/OAI/2.0/oai_dc/ http://www.openarchives.org/OAI/2.0/oai_dc.xsd">
  <dc:creator>Carbonell García, Ana Isabel</dc:creator>
  <dc:creator>López de la Fuente, María José</dc:creator>
  <dc:title>Intervención de terapia ocupacional en un caso de artritis reumatoide</dc:title>
  <dc:identifier>http://zaguan.unizar.es/record/10853</dc:identifier>
  <dc:subject>terapia ocupacional</dc:subject>
  <dc:subject>actividades de la vida diaria</dc:subject>
  <dc:subject>artritis reumatoide</dc:subject>
  <dc:subject>funcionalidad</dc:subject>
  <dc:subject>educación articular</dc:subject>
  <dc:publisher>Universidad de Zaragoza</dc:publisher>
  <dc:date>2013</dc:date>
  <dc:description>El siguiente trabajo consiste en una intervención desde terapia ocupacional (TO) en un  caso de artritis reumatoide en un paciente con 5 años de evolución con la enfermedad. Se trabajan las actividades básicas de la vida diaria (AVD) y la funcionalidad, teniendo como propósito general proporcionarle herramientas útiles para afrontar, en un futuro, un brote de la mejor manera posible, a la vez que se pretende mejorar el rango articular, disminuir el dolor mediante técnicas de protección y educación gestual y adiestramiento de AVD. El recurso en el que se trabaja es el domicilio propio del paciente. La evaluación se ha realizado mediante observación directa de AVD, medición de rango articular activo, Escala Analógica Visual (EVA) y la versión española del Health Assessment Questionnarie (HAQ). Después de realizar el tratamiento mediante actividades y proceso de asesoría se consiguieron mejorar las puntuaciones de las escalas, el rango y una realización eficaz de las AVD. En conclusión, la intervención desde TO, basada en la evidencia encontrada, puede ser beneficiosa para este tipo de pacientes.</dc:description>
  <dc:format>pdf</dc:format>
  <dc:language>spa</dc:language>
  <dc:type>info:eu-repo/semantics/bachelorThesis</dc:type>
  <dc:rights>by-nc-sa</dc:rights>
  <dc:rights>http://creativecommons.org/licenses/by-nc-sa/3.0/</dc:rights>
</oai_dc:dc>