<?xml version="1.0" encoding="UTF-8"?><oai_dc:dc xmlns:oai_dc="http://www.openarchives.org/OAI/2.0/oai_dc/" xmlns:dc="http://purl.org/dc/elements/1.1/" xmlns:xsi="http://www.w3.org/2001/XMLSchema-instance" xsi:schemaLocation="http://www.openarchives.org/OAI/2.0/oai_dc/ http://www.openarchives.org/OAI/2.0/oai_dc.xsd">
  <dc:creator>Lázaro Gastón, Roberto</dc:creator>
  <dc:creator>Melero Estela, Julio J.</dc:creator>
  <dc:title>Modelos para estimación de curvas de potencia de referencia aplicadas al análisis del rendimiento de aerogeneradores</dc:title>
  <dc:identifier>http://zaguan.unizar.es/record/10232</dc:identifier>
  <dc:subject>rendimiento aerogeneradores</dc:subject>
  <dc:subject>curvas de potencia</dc:subject>
  <dc:subject>filtrado curva aerogenerador</dc:subject>
  <dc:subject>caracterizar curva aerogenerador</dc:subject>
  <dc:publisher>Universidad de Zaragoza</dc:publisher>
  <dc:date>2013</dc:date>
  <dc:description>El análisis del rendimiento de las curvas de potencia de aerogeneradores requiere un filtrado y caracterización de las mismas. Este filtrado identifica aquellos valores de la curva de potencia en los que la producción es inferior a la esperada, permitiendo analizar el rendimiento y la definición de una curva media que la caracteriza. Los métodos estáticos de filtrado y caracterización actuales presentan, en general, limitaciones en cuanto a su adaptación al comportamiento real del aerogenerador analizado para las condiciones de trabajo existentes. Requieren de la intervención de un técnico cualificado que los supervise, lo que incluye un factor de subjetividad importante y además imposibilita la aplicación de dichos métodos de trabajo en una aplicación informática autónoma. El análisis de los métodos de trabajo actuales, de sus carencias y de los requisitos necesarios para su automatización, dan lugar a nuevos métodos dinámicos de filtrado. Estos nuevos métodos de filtrado deben ser eficientes y permitir un compromiso razonable entre los resultados obtenidos manualmente y los de los algoritmos que puedan automatizar el proceso de cálculo. Los métodos dinámicos de filtrado y caracterización de curvas de potencia permiten su adaptación al comportamiento real del aerogenerador para las condiciones de trabajo existentes. En ellos previamente se analiza un modelo que morfológicamente permite caracterizar a una curva de potencia de un aerogenerador (En este caso, Distribución Normal Acumulada de Gauss). A continuación se define la ecuación correspondiente a dicho modelo y se optimizan los parámetros que la definen con el fin de ajustar el modelo al comportamiento concreto de la máquina y periodo analizados. A continuación se definen los umbrales de filtrado de la curva de referencia y se estima el Rendimiento de la máquina, (función de mérito utilizada, muy sensible a la calidad del filtrado). Se comparan las estimaciones de la función de mérito para cada método comparándolo con un óptimo, el tratamiento manual de los datos por un técnico cualificado. Finalmente, se evalúan las desviaciones de cada método respecto al óptimo y analizan las ventajas e inconvenientes de cada uno. Con esto, se define un método de estimación del rendimiento de aerogeneradores que alcanza un equilibrio entre calidad, recursos necesarios y posibilidades de automatización del proceso</dc:description>
  <dc:format>pdf</dc:format>
  <dc:language>spa</dc:language>
  <dc:type>info:eu-repo/semantics/masterThesis</dc:type>
  <dc:rights>by-nc-sa</dc:rights>
  <dc:rights>http://creativecommons.org/licenses/by-nc-sa/3.0/</dc:rights>
</oai_dc:dc>