<?xml version="1.0" encoding="UTF-8"?><oai_dc:dc xmlns:oai_dc="http://www.openarchives.org/OAI/2.0/oai_dc/" xmlns:dc="http://purl.org/dc/elements/1.1/" xmlns:xsi="http://www.w3.org/2001/XMLSchema-instance" xsi:schemaLocation="http://www.openarchives.org/OAI/2.0/oai_dc/ http://www.openarchives.org/OAI/2.0/oai_dc.xsd">
  <dc:creator>Loras Domingo, Ángel Joaquín</dc:creator>
  <dc:creator>Rodilla Calvelo, Francisco</dc:creator>
  <dc:title>¿Es útil la administración de vitamina C para la prevención y tratamiento del resfriado común?. Revisión bibliográfica</dc:title>
  <dc:identifier>http://zaguan.unizar.es/record/10604</dc:identifier>
  <dc:subject>vitamina C</dc:subject>
  <dc:subject>resfriado común</dc:subject>
  <dc:subject>catarro</dc:subject>
  <dc:publisher>Universidad de Zaragoza</dc:publisher>
  <dc:date>2013</dc:date>
  <dc:description>El uso de la vitamina C en nuestra civilización está ampliamente extendido como tratamiento del resfriado común, pero diversos estudios ponen en entredicho tal fin. Ante el desconocimiento de qué acción principal y más destacada de la vitamina C es la verdadera, pretendiendo conocer la utilidad más factible de la misma. 	Para ello se realiza una revisión bibliográfica de aquellos artículos que referencian estudios sobre la vitamina C y sus efectos sobre el resfriado común, obteniendo los mismos de bases de datos como “Pubmed”, y utilizando “términos Mesh” (palabras clave). También se ha utilizado el sistema “PICO”. En atención al estudio de 240 artículos de los que se han elegido 5 por su mayor interés y relevancia, podemos decir que el uso de la vitamina C es, más bien, un método de profilaxis que de tratamiento en sí, al favorecer los efectos en el sistema inmunológico, lo cual es bueno que la población sea conocedora para hacer un buen uso de la misma.</dc:description>
  <dc:format>pdf</dc:format>
  <dc:language>spa</dc:language>
  <dc:type>info:eu-repo/semantics/bachelorThesis</dc:type>
  <dc:rights>by-nc-sa</dc:rights>
  <dc:rights>http://creativecommons.org/licenses/by-nc-sa/3.0/</dc:rights>
</oai_dc:dc>