<?xml version="1.0" encoding="UTF-8"?><oai_dc:dc xmlns:oai_dc="http://www.openarchives.org/OAI/2.0/oai_dc/" xmlns:dc="http://purl.org/dc/elements/1.1/" xmlns:xsi="http://www.w3.org/2001/XMLSchema-instance" xsi:schemaLocation="http://www.openarchives.org/OAI/2.0/oai_dc/ http://www.openarchives.org/OAI/2.0/oai_dc.xsd">
  <dc:creator>Gastón Musgo, Iñaki</dc:creator>
  <dc:creator>Montañés Espinosa, Antonio</dc:creator>
  <dc:title>Renovación de la instalación eléctrica del edificio Torres Quevedo, de la Universidad de Zaragoza</dc:title>
  <dc:identifier>http://zaguan.unizar.es/record/10630</dc:identifier>
  <dc:publisher>Universidad de Zaragoza</dc:publisher>
  <dc:date>2013</dc:date>
  <dc:description>Renovación de la instalación eléctrica del edificio Torres Quevedo: El proyecto consiste en la instalación en baja tensión del edificio Torres Quevedo, de la Universidad de Zaragoza, Campus Río Ebro. El proyecto consta de: Memoria, planos, pliego de condiciones técnicas, presupuesto.</dc:description>
  <dc:format>pdf</dc:format>
  <dc:language>spa</dc:language>
  <dc:type>info:eu-repo/semantics/masterThesis</dc:type>
  <dc:rights>by-nc-sa</dc:rights>
  <dc:rights>http://creativecommons.org/licenses/by-nc-sa/3.0/</dc:rights>
</oai_dc:dc>