<?xml version="1.0" encoding="UTF-8"?><oai_dc:dc xmlns:oai_dc="http://www.openarchives.org/OAI/2.0/oai_dc/" xmlns:dc="http://purl.org/dc/elements/1.1/" xmlns:xsi="http://www.w3.org/2001/XMLSchema-instance" xsi:schemaLocation="http://www.openarchives.org/OAI/2.0/oai_dc/ http://www.openarchives.org/OAI/2.0/oai_dc.xsd">
  <dc:creator>Sánchez Cáceres, Roberto Juan</dc:creator>
  <dc:creator>Germán Bes, Concha</dc:creator>
  <dc:title>La realidad del agua: Educando a nuestros jóvenes hacia el paradigma de la sostenibilidad</dc:title>
  <dc:identifier>http://zaguan.unizar.es/record/10812</dc:identifier>
  <dc:subject>agua</dc:subject>
  <dc:subject>sostenibilidad</dc:subject>
  <dc:subject>educación</dc:subject>
  <dc:publisher>Universidad de Zaragoza</dc:publisher>
  <dc:date>2013</dc:date>
  <dc:description>El agua es esencial para la vida, para la producción de alimentos y para las actividades económicas. Pero no es un bien ilimitado, ni su disponibilidad en cuantía y calidad adecuadas es gratuita. 780 millones de personas en el mundo carecen de acceso a una fuente de agua saludable y más de 2500 millones todavía carecen de un saneamiento adecuado. La repercusión social de la problemática del agua ahonda en lo más profundo de las civilizaciones, privando a los pueblos de derechos y necesidades básicos para la vida y el desarrollo. Los problemas hídricos no sólo se limitan a los países en vías de desarrollo, si bien son diferentes, el crecimiento demográfico y el desarrollo industrial y agrícola han aumentado la presión sobre los recursos hídricos en nuestro medio.  Frente a esta realidad, se hace imperante la implementación de programas de educación para la salud (EPS) dirigidos a las nuevas generaciones para que así, mediante la información y motivación adecuadas, adopten estilos de vida que sigan la línea de la sostenibilidad. En el presente trabajo, se propone un programa sobre la problemática del agua a un grupo de 4º de la ESO en un instituto de Zaragoza, teniendo en cuenta el marco conceptual que les rodea; se ha dividido en cuatro sesiones de información, motivación, aporte de ideas y contacto con el río. Tras la experiencia se concluye que la juventud está abierta a la escucha activa y al cambio, a la empatía y a la acción.</dc:description>
  <dc:format>pdf</dc:format>
  <dc:language>spa</dc:language>
  <dc:type>info:eu-repo/semantics/bachelorThesis</dc:type>
  <dc:rights>by-nc-sa</dc:rights>
  <dc:rights>http://creativecommons.org/licenses/by-nc-sa/3.0/</dc:rights>
</oai_dc:dc>