<?xml version="1.0" encoding="UTF-8"?><oai_dc:dc xmlns:oai_dc="http://www.openarchives.org/OAI/2.0/oai_dc/" xmlns:dc="http://purl.org/dc/elements/1.1/" xmlns:xsi="http://www.w3.org/2001/XMLSchema-instance" xsi:schemaLocation="http://www.openarchives.org/OAI/2.0/oai_dc/ http://www.openarchives.org/OAI/2.0/oai_dc.xsd">
  <dc:creator>Goñi Puerta, Noel</dc:creator>
  <dc:creator>Guajardo Cuervo, Tomás</dc:creator>
  <dc:title>No defraudes tu Educación</dc:title>
  <dc:identifier>http://zaguan.unizar.es/record/10991</dc:identifier>
  <dc:subject>economía</dc:subject>
  <dc:subject>economía y empresa</dc:subject>
  <dc:subject>proyecto innovación docente</dc:subject>
  <dc:publisher>Universidad de Zaragoza</dc:publisher>
  <dc:date>2013</dc:date>
  <dc:description>Trabajo final del Máster en Profesorado en Educación Secundaría especialidad Economía y Empresa.</dc:description>
  <dc:format>pdf</dc:format>
  <dc:language>spa</dc:language>
  <dc:type>info:eu-repo/semantics/masterThesis</dc:type>
  <dc:rights>by-nc-sa</dc:rights>
  <dc:rights>http://creativecommons.org/licenses/by-nc-sa/3.0/</dc:rights>
</oai_dc:dc>