<?xml version="1.0" encoding="UTF-8"?><oai_dc:dc xmlns:oai_dc="http://www.openarchives.org/OAI/2.0/oai_dc/" xmlns:dc="http://purl.org/dc/elements/1.1/" xmlns:xsi="http://www.w3.org/2001/XMLSchema-instance" xsi:schemaLocation="http://www.openarchives.org/OAI/2.0/oai_dc/ http://www.openarchives.org/OAI/2.0/oai_dc.xsd">
  <dc:creator>Bachiller Calvo, Laura</dc:creator>
  <dc:creator>Calatayud Sanz, Estela</dc:creator>
  <dc:title>Programa de psicomotricidad para la prevención de deterioro cognitivo en la 3ª edad: "Muévete con Nosotros"</dc:title>
  <dc:identifier>http://zaguan.unizar.es/record/11012</dc:identifier>
  <dc:subject>psicomotricidad</dc:subject>
  <dc:subject>terapia ocupacional</dc:subject>
  <dc:subject>personas mayores válidas</dc:subject>
  <dc:subject>ejercicio físico</dc:subject>
  <dc:subject>estimulación cognitiva</dc:subject>
  <dc:subject>envejecimiento</dc:subject>
  <dc:publisher>Universidad de Zaragoza</dc:publisher>
  <dc:date>2013</dc:date>
  <dc:description>Tanto en el envejecimiento normal, como en el patológico, los fallos de memoria son la alteración cognitiva más común, con disminución de la calidad de vida y dificulta la capacidad de adquirir nuevos aprendizajes. Se dice que es un fenómeno normal en los ancianos y que no tiene por qué ser el comienzo de una demencia u otra enfermedad. Por eso es tan importante la detección precoz de estos fallos cognitivos, para tratarlos y así evitar que vayan a más. Cuando una persona mayor va perdiendo habilidad para la realización de las actividades de la vida diaria por sí mismo, no siempre se debe tan solo al envejecimiento, muchas veces tiene relación directa con la inactividad. Realizando ejercicio físico, llevando una alimentación equilibrada y teniendo buenas relaciones sociales podemos retardar la aparición del envejecimiento. Por ello, la psicomotricidad tiene un papel muy importante dentro de la población anciana. La psicomotricidad es la disciplina que se basa en la concepción integral del sujeto, se ocupa de la interacción entre el conocimiento, el cuerpo, la emoción y el movimiento, y de su importancia para el desarrollo de la persona, su capacidad para expresarse y para desenvolverse. Para conseguir todo esto, se propone un programa de promoción de la salud para la población mayor para evitar o ralentizar la aparición de deterioro cognitivo y mejorar las funciones físicas y la calidad de vida proponiendo actividades físicas, cognitivas y de habilidades sociales.</dc:description>
  <dc:format>pdf</dc:format>
  <dc:language>spa</dc:language>
  <dc:type>info:eu-repo/semantics/bachelorThesis</dc:type>
  <dc:rights>by-nc-sa</dc:rights>
  <dc:rights>http://creativecommons.org/licenses/by-nc-sa/3.0/</dc:rights>
</oai_dc:dc>