<?xml version="1.0" encoding="UTF-8"?><oai_dc:dc xmlns:oai_dc="http://www.openarchives.org/OAI/2.0/oai_dc/" xmlns:dc="http://purl.org/dc/elements/1.1/" xmlns:xsi="http://www.w3.org/2001/XMLSchema-instance" xsi:schemaLocation="http://www.openarchives.org/OAI/2.0/oai_dc/ http://www.openarchives.org/OAI/2.0/oai_dc.xsd">
  <dc:creator>Sango Martínez, María</dc:creator>
  <dc:creator>Pellejero Álvarez, Santiago Ángel</dc:creator>
  <dc:creator>Martínez Castellar, María Dolores</dc:creator>
  <dc:title>Plan de intervención en fisioterapia en una capsulitis adhesiva. A propósito de un caso</dc:title>
  <dc:identifier>http://zaguan.unizar.es/record/10686</dc:identifier>
  <dc:subject>capsulitis adhesiva</dc:subject>
  <dc:subject>dolor en el hombro</dc:subject>
  <dc:subject>limitación de la amplitud articular</dc:subject>
  <dc:publisher>Universidad de Zaragoza</dc:publisher>
  <dc:date>2013</dc:date>
  <dc:description>Se realiza el estudio de un caso clínico (AB) de una mujer de 56 años, que presenta un cuadro de dolor y con limitación de la movilidad en el hombro derecho, siendo diagnosticado como capsulitis adhesiva. Se le aplicó un tratamiento de fisioterapia en las diferentes fases de la evolución de la patología. En la fase I el objetivo principal del tratamiento era conseguir disminuir el dolor que producía incapacidad para mover la extremidad. En la fase II, una vez eliminado el síntoma, se pretende conseguir recuperar la movilidad total de la articulación, y finalmente, en la última fase enseñar ejercicios de prevención.</dc:description>
  <dc:format>pdf</dc:format>
  <dc:language>spa</dc:language>
  <dc:type>info:eu-repo/semantics/bachelorThesis</dc:type>
  <dc:rights>by-nc-sa</dc:rights>
  <dc:rights>http://creativecommons.org/licenses/by-nc-sa/3.0/</dc:rights>
</oai_dc:dc>