<?xml version="1.0" encoding="UTF-8"?><oai_dc:dc xmlns:oai_dc="http://www.openarchives.org/OAI/2.0/oai_dc/" xmlns:dc="http://purl.org/dc/elements/1.1/" xmlns:xsi="http://www.w3.org/2001/XMLSchema-instance" xsi:schemaLocation="http://www.openarchives.org/OAI/2.0/oai_dc/ http://www.openarchives.org/OAI/2.0/oai_dc.xsd">
  <dc:creator>Belzunces Lacueva, Cristina</dc:creator>
  <dc:creator>Villarroya Lacilla, María Milagros </dc:creator>
  <dc:title>Análisis del conocimiento sobre violencia de género en las enfermeras de atención primaria del Sector Sanitario Zaragoza II</dc:title>
  <dc:identifier>http://zaguan.unizar.es/record/10739</dc:identifier>
  <dc:publisher>Universidad de Zaragoza</dc:publisher>
  <dc:date>2013</dc:date>
  <dc:description>El propósito de este trabajo ha sido conocer las actitudes, conocimientos y práctica de los/as enfermeros/as de atención primaria ante la violencia de género sobre las mujeres, debido al gran número de casos de maltratos ejercidos por sus parejas o ex parejas existentes en nuestra comunidad. Se diseñó un análisis descriptivo cualitativo basado en un cuestionario, participando en el mismo 35 enfermeros/as de cuatro centros de salud del Sector 2 de la ciudad de Zaragoza. Se concluyó que la gran mayoría de estos profesionales no conoce la existencia de protocolos específicos de violencia de género, así como la necesidad de mayor formación para la detección precoz en casos de malos tratos.</dc:description>
  <dc:format>pdf</dc:format>
  <dc:language>spa</dc:language>
  <dc:type>info:eu-repo/semantics/bachelorThesis</dc:type>
  <dc:rights>by-nc-sa</dc:rights>
  <dc:rights/>
</oai_dc:dc>