<?xml version="1.0" encoding="UTF-8"?><oai_dc:dc xmlns:oai_dc="http://www.openarchives.org/OAI/2.0/oai_dc/" xmlns:dc="http://purl.org/dc/elements/1.1/" xmlns:xsi="http://www.w3.org/2001/XMLSchema-instance" xsi:schemaLocation="http://www.openarchives.org/OAI/2.0/oai_dc/ http://www.openarchives.org/OAI/2.0/oai_dc.xsd">
  <dc:creator>Bosque Bañares, Eduardo</dc:creator>
  <dc:creator>Hijós Larraz, Luis Alfonso</dc:creator>
  <dc:title>Influencia del acompañamiento familiar en la actuación de enfermería en urgencias pediátricas</dc:title>
  <dc:identifier>http://zaguan.unizar.es/record/10441</dc:identifier>
  <dc:subject>urgencias pediátricas </dc:subject>
  <dc:subject>presencia familiar</dc:subject>
  <dc:subject>enfermería</dc:subject>
  <dc:subject>intervenciones</dc:subject>
  <dc:publisher>Universidad de Zaragoza</dc:publisher>
  <dc:date>2013</dc:date>
  <dc:description>Introducción: En nuestro medio, tradicionalmente, no se ha permitido a la familia permanecer junto al niño mientras se realizaban procedimientos invasivos. Esto ha ido cambiando hasta llegar a un modelo de atención centrado en el sujeto y la familia. Hay que recalcar que cualquier procedimiento que tenga carácter de urgencia es una situación que conlleva una carga de estrés superior a cualquier otra intervención. Por ello, se considera de importancia todo aquello destinado a mejorar la experiencia del paciente, familia y profesional de enfermería implicado. Metodología: Se realizó un estudio sobre el personal de enfermería de urgencias general y urgencias pediátricas; con el fin de conocer la opinión de estos profesionales sobre cómo influye la presencia familiar en las intervenciones invasivas y de comprobar si hay diferencias entre un centro especializado en la atención pediátrica de otro que no lo es. Resultados: Respecto a la presencia familiar se ha encontrado que en las técnicas de punción venosa, sutura de herida, sondaje vesical y punción lumbar se muestran de descontento (42,31%, 50,00%, 44,90% y 44,00% respectivamente); alcanzando en la RCP  el muy descontento (50,00%); a su vez se observa que los profesionales de enfermería no darían la opción a la familia a estar presentes, desde el 60,87% en la sutura de heridas hasta 92,00% de la RCP. Discusión/Conclusión: Según la opinión de los profesionales de enfermería, la presencia familiar no es beneficiosa para el niño ni facilita la labor del personal de enfermería. Se encontraron diferencias de opinión entre los distintos centros.</dc:description>
  <dc:format>pdf</dc:format>
  <dc:language>spa</dc:language>
  <dc:type>info:eu-repo/semantics/bachelorThesis</dc:type>
  <dc:rights>by-nc-sa</dc:rights>
  <dc:rights>http://creativecommons.org/licenses/by-nc-sa/3.0/</dc:rights>
</oai_dc:dc>