<?xml version="1.0" encoding="UTF-8"?><oai_dc:dc xmlns:oai_dc="http://www.openarchives.org/OAI/2.0/oai_dc/" xmlns:dc="http://purl.org/dc/elements/1.1/" xmlns:xsi="http://www.w3.org/2001/XMLSchema-instance" xsi:schemaLocation="http://www.openarchives.org/OAI/2.0/oai_dc/ http://www.openarchives.org/OAI/2.0/oai_dc.xsd">
  <dc:creator>Lanao Sisó, Eloy</dc:creator>
  <dc:creator>Gil Martínez, Antonia</dc:creator>
  <dc:title>Evaluación de las tecnologías de purificación de biogás</dc:title>
  <dc:identifier>http://zaguan.unizar.es/record/10313</dc:identifier>
  <dc:subject>separación de gases</dc:subject>
  <dc:subject>digestión anaerobia</dc:subject>
  <dc:subject>biometano</dc:subject>
  <dc:subject>upgrading</dc:subject>
  <dc:publisher>Universidad de Zaragoza</dc:publisher>
  <dc:date>2013</dc:date>
  <dc:description>El biogás es un combustible de origen renovable que proporciona grandes beneficios medioambientales y socioeconómicos reduciendo las emisiones de gases de efecto invernadero y el volumen de los residuos orgánicos, al tiempo que se les da un uso y se crea empleo en las zonas rurales. Además es un excelente combustible para un gran número de aplicaciones, sin embargo, para algunas de ellas se debe purificar previamente.  En el presente trabajo se ha realizado la evaluación y comparación de las tecnologías disponibles comercialmente para la limpieza y purificación del biogás, siendo el objetivo de dicha purificación la obtención de biometano para su posterior inyección en la red de gas natural. Tras repasar la composición típica y los contaminantes que están presentes en el biogás se han descrito detalladamente las diferentes tecnologías de limpieza y purificación. A continuación se ha realizado la comparación de las tecnologías descritas entre sí desde múltiples puntos de vista, como el consumo energético, las condiciones de operación, las pérdidas de metano durante el proceso de purificación y los costes de operación e inversión.  Paralelamente se ha realizado una recopilación de información de las instalaciones de purificación existentes a nivel mundial, prestando especial atención a las que se encuentran en Europa. El objetivo de dicha recopilación es intentar establecer la relación existente entre una determinada tecnología con distintos aspectos como el tamaño de la instalación o el origen del biogás.</dc:description>
  <dc:format>pdf</dc:format>
  <dc:language>spa</dc:language>
  <dc:type>info:eu-repo/semantics/masterThesis</dc:type>
  <dc:rights>by-nc-sa</dc:rights>
  <dc:rights>http://creativecommons.org/licenses/by-nc-sa/3.0/</dc:rights>
</oai_dc:dc>