<?xml version="1.0" encoding="UTF-8"?><oai_dc:dc xmlns:oai_dc="http://www.openarchives.org/OAI/2.0/oai_dc/" xmlns:dc="http://purl.org/dc/elements/1.1/" xmlns:xsi="http://www.w3.org/2001/XMLSchema-instance" xsi:schemaLocation="http://www.openarchives.org/OAI/2.0/oai_dc/ http://www.openarchives.org/OAI/2.0/oai_dc.xsd">
  <dc:creator>Miranda Roy, Patricia</dc:creator>
  <dc:creator>Fernández Rodrigo, María Teresa</dc:creator>
  <dc:title>Programa de educación para la salud en futbolistas de 15 a 30 años federados en Aragón para la prevención de la muerte súbita en el deporte</dc:title>
  <dc:identifier>http://zaguan.unizar.es/record/10828</dc:identifier>
  <dc:subject>muerte súbita</dc:subject>
  <dc:subject>prevención</dc:subject>
  <dc:subject>deporte</dc:subject>
  <dc:publisher>Universidad de Zaragoza</dc:publisher>
  <dc:date>2013</dc:date>
  <dc:description>La muerte súbita es el fallecimiento de una persona de manera inesperada e instantáneamente, dentro de la hora siguiente al comienzo de los síntomas, sin una cardiopatía conocida. Entre un 15% y un 30% de éstas se desencadenan durante la práctica deportiva, principalmente de origen cardiaco, siendo la miocardiopatía hipertrófica y la arritmogénica las más frecuentes entre los 15 y los 30 años.   La muerte súbita del deportista tiene una gran repercusión social por ser individuos jóvenes de máximo estado de salud. En la mayoría se desconocía la existencia de una cardiopatía. Los deportistas tienen un riesgo tres veces mayor de muerte súbita. El Grupo de Cardiología del Deporte de la Sociedad Europea de Cardiología promueve la implantación de reconocimientos cardiológicos preparticipación competitiva con el fin de realizar un screening al diagnosticar las cardiopatías que aumentan el riesgo de muerte súbita, lo que permitiría prevenirla. Sin embargo, en España no es obligatoria la realización del mismo. Por otra parte, una vez sucedido el accidente, aumenta las probabilidades de revertir una parada cardiorrespiratoria si se aplica y se optimizan los eslabones de la cadena de supervivencia: rápido reconocimiento de la PCR y alerta al servicio de emergencias, una reanimación cardiopulmonar (RCP) sin demora y una desfibrilación precoz. Se revierte hasta un 90% de las paradas si se realizan en el primer minuto, disminuyendo la supervivencia hasta un 10% por cada minuto de retraso en su aplicación. En el Programa de educación para la salud se tratan especialmente estos dos últimos puntos: el reconocimiento cardiológico preparticipación deportiva y el soporte vital básico, con el fin de prevenir la muerte súbita en el deporte.</dc:description>
  <dc:format>pdf</dc:format>
  <dc:language>spa</dc:language>
  <dc:type>info:eu-repo/semantics/bachelorThesis</dc:type>
  <dc:rights>by-nc-sa</dc:rights>
  <dc:rights>http://creativecommons.org/licenses/by-nc-sa/3.0/</dc:rights>
</oai_dc:dc>