<?xml version="1.0" encoding="UTF-8"?><oai_dc:dc xmlns:oai_dc="http://www.openarchives.org/OAI/2.0/oai_dc/" xmlns:dc="http://purl.org/dc/elements/1.1/" xmlns:xsi="http://www.w3.org/2001/XMLSchema-instance" xsi:schemaLocation="http://www.openarchives.org/OAI/2.0/oai_dc/ http://www.openarchives.org/OAI/2.0/oai_dc.xsd">
  <dc:creator>Abad Ruiz, Alodia</dc:creator>
  <dc:creator>Miranda Aranda, Miguel</dc:creator>
  <dc:creator>Abad Alegría, Francisco</dc:creator>
  <dc:title>Epilepsia, ¿otra enfermedad con estigma?</dc:title>
  <dc:identifier>http://zaguan.unizar.es/record/10976</dc:identifier>
  <dc:subject>epilepsia</dc:subject>
  <dc:subject>estigma</dc:subject>
  <dc:publisher>Universidad de Zaragoza</dc:publisher>
  <dc:date>2013</dc:date>
  <dc:description>La patologías crónicas, que conllevan una carga de incurabilidad y degeneración, implican actitudes sociales muy negativas para quienes las sufren, que se añaden a los efectos negativos y objetivos. La epilepsia es un caso paradigmático que aún supone una carga de estigmatización, especialmente en el área sociolaboral en quienes la padecen. Los trabajos pioneros en España, de los años ochenta (Abad y colaboradores) y aportaciones más recientes, hacen pensar que el proceso estigmatizador social persiste. Me propongo valorar mediante encuestas algunos aspectos relacionados con la concepción social del paciente epiléptico así como de actitudes hacia éste, que pueden verse reflejadas en comportamientos sociales (como el rechazo o la autoprotección) y que a la vez generan estigma. De estas respuestas podremos deducir en que medida se pueden ver afectadas las relaciones sociales, familiares y laborales de los enfermos que la padecen y en qué medida ello ha variado desde los años ochenta.</dc:description>
  <dc:format>pdf</dc:format>
  <dc:language>spa</dc:language>
  <dc:type>info:eu-repo/semantics/bachelorThesis</dc:type>
  <dc:rights>by-nc-sa</dc:rights>
  <dc:rights>http://creativecommons.org/licenses/by-nc-sa/3.0/</dc:rights>
</oai_dc:dc>