<?xml version="1.0" encoding="UTF-8"?><oai_dc:dc xmlns:oai_dc="http://www.openarchives.org/OAI/2.0/oai_dc/" xmlns:dc="http://purl.org/dc/elements/1.1/" xmlns:xsi="http://www.w3.org/2001/XMLSchema-instance" xsi:schemaLocation="http://www.openarchives.org/OAI/2.0/oai_dc/ http://www.openarchives.org/OAI/2.0/oai_dc.xsd">
  <dc:creator>Martín Fuertes, Josué</dc:creator>
  <dc:creator>Villarroya Lacilla, María Milagros</dc:creator>
  <dc:title>El enfermero cuidando al anciano con depresión</dc:title>
  <dc:identifier>http://zaguan.unizar.es/record/10808</dc:identifier>
  <dc:subject>depresión</dc:subject>
  <dc:subject>anciano</dc:subject>
  <dc:subject>institucionalización</dc:subject>
  <dc:publisher>Universidad de Zaragoza</dc:publisher>
  <dc:date>2013</dc:date>
  <dc:description>La depresión en las personas mayores es una problema de salud importante a tener en cuenta en esta etapa vital.Tiene una prevalencia a nivel mundial del 10-15%. Su diagnóstico, en muchas ocasiones, se ve dificultado por diversas características propias de esta edad: síntomas enmascarados por otras enfermedades, pensar que es una situación normal del propio envejecimiento, etc. Para enfermería es muy importante realizar en los planes de cuidados una valoración enfermera en el anciano con este problema de salud, apoyada sobre una buena observación y escucha activa al paciente; para poder así diagnosticar correctamente problemas de salud relacionados con el diagnóstico médico de la depresión y poder actuar correctamente sobre ellos.</dc:description>
  <dc:format>pdf</dc:format>
  <dc:language>spa</dc:language>
  <dc:type>info:eu-repo/semantics/bachelorThesis</dc:type>
  <dc:rights>by-nc-sa</dc:rights>
  <dc:rights>http://creativecommons.org/licenses/by-nc-sa/3.0/</dc:rights>
</oai_dc:dc>