<?xml version="1.0" encoding="UTF-8"?><oai_dc:dc xmlns:oai_dc="http://www.openarchives.org/OAI/2.0/oai_dc/" xmlns:dc="http://purl.org/dc/elements/1.1/" xmlns:xsi="http://www.w3.org/2001/XMLSchema-instance" xsi:schemaLocation="http://www.openarchives.org/OAI/2.0/oai_dc/ http://www.openarchives.org/OAI/2.0/oai_dc.xsd">
  <dc:creator>Domínguez Sanz, Jesús</dc:creator>
  <dc:creator>Martínez Molina, Mari Carmen</dc:creator>
  <dc:creator>Gómez Quintero, Juan David</dc:creator>
  <dc:title>Análisis de experiencias de Trabajo Social Comunitario en zonas urbanas vulnerables</dc:title>
  <dc:identifier>http://zaguan.unizar.es/record/11024</dc:identifier>
  <dc:subject>barrios vulnerables</dc:subject>
  <dc:subject>desarrollo comunitario </dc:subject>
  <dc:subject>indicadores de vulnerabilidad urbana</dc:subject>
  <dc:subject>mecanismos de participación</dc:subject>
  <dc:subject>participación ciudadana</dc:subject>
  <dc:subject>plan de desarrollo</dc:subject>
  <dc:subject>plan integral </dc:subject>
  <dc:subject>revitalización urbana</dc:subject>
  <dc:subject>trabajo social comunitario</dc:subject>
  <dc:publisher>Universidad de Zaragoza</dc:publisher>
  <dc:date>2013</dc:date>
  <dc:description>El trabajo consiste en el análisis documental de experiencias de Trabajo Social Comunitario puestas en marcha durante las últimas décadas en zonas urbanas degradadas de diferentes ciudades españolas. Estas experiencias van dirigidas a combatir los procesos de degradación urbana y social, por lo que combinan intervenciones de tipo urbanístico con otras dirigidas a fomentar la cohesión social, la participación y el desarrollo comunitario. Nuestro trabajo se centra en conocer las características de dichas zonas vulnerables y en analizar las diferentes estrategias implementadas, especialmente en lo referente a los procesos de participación llevados a cabo.</dc:description>
  <dc:format>pdf</dc:format>
  <dc:language>spa</dc:language>
  <dc:type>info:eu-repo/semantics/bachelorThesis</dc:type>
  <dc:rights>by-nc-sa</dc:rights>
  <dc:rights>http://creativecommons.org/licenses/by-nc-sa/3.0/</dc:rights>
</oai_dc:dc>