<?xml version="1.0" encoding="UTF-8"?><oai_dc:dc xmlns:oai_dc="http://www.openarchives.org/OAI/2.0/oai_dc/" xmlns:dc="http://purl.org/dc/elements/1.1/" xmlns:xsi="http://www.w3.org/2001/XMLSchema-instance" xsi:schemaLocation="http://www.openarchives.org/OAI/2.0/oai_dc/ http://www.openarchives.org/OAI/2.0/oai_dc.xsd">
  <dc:creator>López Grasa, Lucía</dc:creator>
  <dc:creator>Rodilla Calvelo, Francisco</dc:creator>
  <dc:title>Adherencia al tratamiento en pacientes con hipertensión arterial adscritos al Centro de Salud Centro de Teruel. Estudio descriptivo transversal</dc:title>
  <dc:identifier>http://zaguan.unizar.es/record/10605</dc:identifier>
  <dc:publisher>Universidad de Zaragoza</dc:publisher>
  <dc:date>2013</dc:date>
  <dc:description>Introducción: El control de la hipertensión arterial es fundamental teniendo en cuenta el riesgo cardiovascular que supone y su alta prevalencia y morbimortalidad. La adherencia al tratamiento tanto farmacológico como conductual es uno de los aspectos sobre los que hay que actuar. Objetivo: Valorar la situación actual, las áreas que presentan más carencias y el sistema informático de recogida de datos. Metodología: Se trata de un estudio descriptivo transversal. La población diana la constituyen 1693 pacientes adscritos al CS Centro de Teruel con hipertensión arterial. Se asumió una muestra significativa de 181 pacientes elegidos de forma aleatoria. Se mide, fundamentalmente, la adherencia al tratamiento farmacológico, ejercicio físico, dieta y abandono de hábitos tóxicos. Resultados: La edad media de la muestra es de 74,8 años y un 53% de ésta eran varones. La tasa de control de la enfermedad se sitúa en el 43,6% de los pacientes.  El 86% de la muestra afirmó tomar adecuadamente la medicación, un 80,51% afirmó tomar una dieta adecuada (mayor adherencia en mujeres) y el 60,38%  de los pacientes afirmaba realizar suficiente ejercicio físico (más adherencia en varones). Un 6,62% de los pacientes fumaba y un 10,52% afirmaba beber alcohol.  Conclusión: Las tasas de incumplimiento son por lo general inferiores a lo que estima la bibliografía existente pero no se pueden extraer conclusiones válidas ya que el sistema de registro es deficiente tanto en cantidad como en calidad.</dc:description>
  <dc:format>pdf</dc:format>
  <dc:language>spa</dc:language>
  <dc:type>info:eu-repo/semantics/bachelorThesis</dc:type>
  <dc:rights>by-nc-sa</dc:rights>
  <dc:rights>http://creativecommons.org/licenses/by-nc-sa/3.0/</dc:rights>
</oai_dc:dc>