<?xml version="1.0" encoding="UTF-8"?><oai_dc:dc xmlns:oai_dc="http://www.openarchives.org/OAI/2.0/oai_dc/" xmlns:dc="http://purl.org/dc/elements/1.1/" xmlns:xsi="http://www.w3.org/2001/XMLSchema-instance" xsi:schemaLocation="http://www.openarchives.org/OAI/2.0/oai_dc/ http://www.openarchives.org/OAI/2.0/oai_dc.xsd">
  <dc:creator>Sánchez Pérez, Marina</dc:creator>
  <dc:creator>Villarroya Lacilla, María Milagros</dc:creator>
  <dc:creator>Gracia Federio, Fernando Luis</dc:creator>
  <dc:title>Administración segura de medicación de alto riesgo en el servicio de urgencias</dc:title>
  <dc:identifier>http://zaguan.unizar.es/record/10751</dc:identifier>
  <dc:publisher>Universidad de Zaragoza</dc:publisher>
  <dc:date>2013</dc:date>
  <dc:description>Las intervenciones para el cuidado de la salud del ser humano implican riesgos. Aunque la complejidad de procesos, tecnologías e interacciones humanas en el ámbito sanitario contribuyen a la mejoría del paciente, también incluyen la posibilidad de que se den prácticas inseguras produciendo daños accidentales. La seguridad del paciente es un factor esencial de la calidad asistencial e imprescindible en los servicios de urgencias, donde el estrés, las interrupciones y distracciones dificultan la asistencia. Las estrategias para conseguir una práctica clínica segura en estos servicios tienen por objetivo evitar efectos adversos al paciente en cualquier interacción con el sistema de salud, siendo los más comunes los relacionados con el uso de medicamentos, con frecuencia evitables. Organizaciones, como el Instituto para el Uso Seguro del Medicamento, insisten, además, en la necesidad de establecer procedimientos concretos de seguridad para reducir el riesgo de errores cuando se manejan medicamentos de alto riesgo, cuyas consecuencias para los pacientes suelen ser más graves llegando a producir incluso la muerte. La administración de medicación es una práctica habitual llevada a cabo por el personal de enfermería. La responsabilidad de estos profesionales no solo radica en la producción de errores de medicación en sí mismos, sino en la oportunidad de prevenirlos en la última etapa del sistema de utilización de la medicación. La formación y las propuestas de mejora en esta fase del sistema permitirían reducir los errores con medicación de alto riesgo, aumentar la seguridad en el paciente y una calidad asistencial óptima.</dc:description>
  <dc:format>pdf</dc:format>
  <dc:language>spa</dc:language>
  <dc:type>info:eu-repo/semantics/bachelorThesis</dc:type>
  <dc:rights>by-nc-sa</dc:rights>
  <dc:rights>http://creativecommons.org/licenses/by-nc-sa/3.0/</dc:rights>
</oai_dc:dc>