<?xml version="1.0" encoding="UTF-8"?><oai_dc:dc xmlns:oai_dc="http://www.openarchives.org/OAI/2.0/oai_dc/" xmlns:dc="http://purl.org/dc/elements/1.1/" xmlns:xsi="http://www.w3.org/2001/XMLSchema-instance" xsi:schemaLocation="http://www.openarchives.org/OAI/2.0/oai_dc/ http://www.openarchives.org/OAI/2.0/oai_dc.xsd">
  <dc:creator>Iñigo Soto, Guillermo</dc:creator>
  <dc:creator>Guajardo Cuervo, Tomás</dc:creator>
  <dc:title>Participando en Economía</dc:title>
  <dc:identifier>http://zaguan.unizar.es/record/11061</dc:identifier>
  <dc:publisher>Universidad de Zaragoza</dc:publisher>
  <dc:date>2013</dc:date>
  <dc:description>En este trabajo he desarrollado una reflexión sobre todo el curso académico, comentando los objetivos que he cumplido y las competencias básicas que he adquirido. Además destaco dos de los proyectos que he llevado a cabo y para finalizar propongo posibles mejoras que se pueden dar en el futuro en el Máster en Profesorado.</dc:description>
  <dc:format>pdf</dc:format>
  <dc:language>spa</dc:language>
  <dc:type>info:eu-repo/semantics/masterThesis</dc:type>
  <dc:rights>by-nc-sa</dc:rights>
  <dc:rights>http://creativecommons.org/licenses/by-nc-sa/3.0/</dc:rights>
</oai_dc:dc>