<?xml version="1.0" encoding="UTF-8"?><oai_dc:dc xmlns:oai_dc="http://www.openarchives.org/OAI/2.0/oai_dc/" xmlns:dc="http://purl.org/dc/elements/1.1/" xmlns:xsi="http://www.w3.org/2001/XMLSchema-instance" xsi:schemaLocation="http://www.openarchives.org/OAI/2.0/oai_dc/ http://www.openarchives.org/OAI/2.0/oai_dc.xsd">
  <dc:creator>García Lázaro, Rut</dc:creator>
  <dc:creator>Bardina Tremps, Enrique</dc:creator>
  <dc:title>Evaluación ergonómica de puestos de trabajo que incluyen pantallas de visualización de datos (PVDs)</dc:title>
  <dc:identifier>http://zaguan.unizar.es/record/10816</dc:identifier>
  <dc:publisher>Universidad de Zaragoza</dc:publisher>
  <dc:date>2013</dc:date>
  <dc:description>Debido al aumento alarmante de patología osteomuscular en el ámbito laboral, en este trabajo realizamos una evaluación de riesgos laborales a trabajadores pertenecientes a un colegio de educación especial de Zaragoza. Se realiza un análisis ergonómico de puestos de trabajo con pantallas de visualización de datos (PVDs) de todos los trabajadores del centro ya que todos ellos tienen acceso a dichas pantallas. El objetivo es estudiar los factores de influencia y cuáles son sus valores para corregir los que no sean saludables ergonómicamente y, así, conseguir el confort y, por lo tanto, la eficacia en el trabajo.</dc:description>
  <dc:format>pdf</dc:format>
  <dc:language>spa</dc:language>
  <dc:type>info:eu-repo/semantics/bachelorThesis</dc:type>
  <dc:rights>by-nc-sa</dc:rights>
  <dc:rights>http://creativecommons.org/licenses/by-nc-sa/3.0/</dc:rights>
</oai_dc:dc>