<?xml version="1.0" encoding="UTF-8"?><oai_dc:dc xmlns:oai_dc="http://www.openarchives.org/OAI/2.0/oai_dc/" xmlns:dc="http://purl.org/dc/elements/1.1/" xmlns:xsi="http://www.w3.org/2001/XMLSchema-instance" xsi:schemaLocation="http://www.openarchives.org/OAI/2.0/oai_dc/ http://www.openarchives.org/OAI/2.0/oai_dc.xsd">
  <dc:creator>Villarroya Sender, Sara</dc:creator>
  <dc:creator>Gascón Catalán, Ana María</dc:creator>
  <dc:creator>Mozota Rubio, José Pedro</dc:creator>
  <dc:title>Protocolo de prevención de pie diabético en atención primaria</dc:title>
  <dc:identifier>http://zaguan.unizar.es/record/10753</dc:identifier>
  <dc:publisher>Universidad de Zaragoza</dc:publisher>
  <dc:date>2013</dc:date>
  <dc:description>El pie diabético es una complicación de la diabetes que aparece en un 15 a 20% de los pacientes diabéticos. Es la principal causa de amputación no traumática en países industrializados, una de las principales causas de discapacidad y mortalidad y tiene una importante repercusión en la calidad de vida de los pacientes. Además requiere mucho tiempo y recursos tanto humanos como materiales. El objetivo de este trabajo es elaborar un protocolo estructurado para prevenir el pie diabético basándonos en el conocimiento, valoración y actuación sobre los factores de riesgo. Para ello se ha revisado bibliografía existente sobre el tema. La aplicación del protocolo propuesto es sencilla y costo-efectiva y disminuiría notablemente los casos de pie diabético, disminuyendo de este modo sus repercusiones biológicas, psicológicas y sociales incluyéndose en éstas los costes en recursos humanos y materiales.</dc:description>
  <dc:format>pdf</dc:format>
  <dc:language>spa</dc:language>
  <dc:type>info:eu-repo/semantics/bachelorThesis</dc:type>
  <dc:rights>by-nc-sa</dc:rights>
  <dc:rights>http://creativecommons.org/licenses/by-nc-sa/3.0/</dc:rights>
</oai_dc:dc>