<?xml version="1.0" encoding="UTF-8"?><oai_dc:dc xmlns:oai_dc="http://www.openarchives.org/OAI/2.0/oai_dc/" xmlns:dc="http://purl.org/dc/elements/1.1/" xmlns:xsi="http://www.w3.org/2001/XMLSchema-instance" xsi:schemaLocation="http://www.openarchives.org/OAI/2.0/oai_dc/ http://www.openarchives.org/OAI/2.0/oai_dc.xsd">
  <dc:creator>Aznar Serrano, Patricia</dc:creator>
  <dc:creator>Bardina Tremps, Enrique</dc:creator>
  <dc:title>Programa de educación para la salud. Nociones básicas para la prevención de disfonías en docentes</dc:title>
  <dc:identifier>http://zaguan.unizar.es/record/10761</dc:identifier>
  <dc:publisher>Universidad de Zaragoza</dc:publisher>
  <dc:date>2013</dc:date>
  <dc:description>Introducción: la práctica docente requiere la voz como elemento fundamental de trabajo. Sin embargo, debido generalmente al desconocimiento de nociones sobre su cuidado y uso correcto, los profesores realizan un abuso o mal uso vocal, que junto con diversos factores de riesgo, pueden producir disfonía. Por tanto, es necesario el desarrollo de acciones educativas que permitan disminuir la frecuencia y consecuencias de este problema. Objetivos: diseñar un programa sobre nociones básicas para la prevención de disfonías dirigido a profesores de primaria e infantil y señalar la importancia de la función de enfermería en cuanto a su prevención. Método: estudio descriptivo transversal realizado mediante una búsqueda bibliográfica en las bases de datos Cuiden Plus, Lilacs, Scielo, IME, Dialnet, Pubmed y revistas en Internet. Se seleccionaron los artículos publicados en los diez últimos años, en castellano e inglés. Esta información se completó con páginas web y libros relacionados con el tema propuesto. Se elaboró un cuestionario para valorar el estado de salud en docentes de un colegio público de Zaragoza. Conclusiones: las disfonías son muy frecuentes en los docentes, constituyendo un significativo problema de salud. La enfermería puede tener un rol importante en su prevención. La higiene y uso correcto vocal pueden mejorar la salud laríngea. Un programa de nociones básicas para la prevención de disfonías contribuiría a disminuir su prevalencia e incidencia.</dc:description>
  <dc:format>pdf</dc:format>
  <dc:language>spa</dc:language>
  <dc:type>info:eu-repo/semantics/bachelorThesis</dc:type>
  <dc:rights>by-nc-sa</dc:rights>
  <dc:rights>http://creativecommons.org/licenses/by-nc-sa/3.0/</dc:rights>
</oai_dc:dc>