<?xml version="1.0" encoding="UTF-8"?><oai_dc:dc xmlns:oai_dc="http://www.openarchives.org/OAI/2.0/oai_dc/" xmlns:dc="http://purl.org/dc/elements/1.1/" xmlns:xsi="http://www.w3.org/2001/XMLSchema-instance" xsi:schemaLocation="http://www.openarchives.org/OAI/2.0/oai_dc/ http://www.openarchives.org/OAI/2.0/oai_dc.xsd">
  <dc:creator>Serón Dieste, Raquel</dc:creator>
  <dc:creator>Bernal Cuenca, Estrella</dc:creator>
  <dc:creator>Scarpellini, Sabina</dc:creator>
  <dc:title>Estrategia de RRHH como fuente de ventaja competitiva</dc:title>
  <dc:identifier>http://zaguan.unizar.es/record/10037</dc:identifier>
  <dc:subject>recursos humanos</dc:subject>
  <dc:subject>rrhh</dc:subject>
  <dc:subject>ventaja competitiva</dc:subject>
  <dc:publisher>Universidad de Zaragoza</dc:publisher>
  <dc:date>2013</dc:date>
  <dc:description>El principal objetivo de este trabajo es ver si la estrategia de Recursos Humanos (RRHH) en términos generales, seguida por la organización puede considerarse una fuente de ventaja competitiva. Para que exista ventaja competitiva tiene que existir alineamiento entre las políticas de recursos humanos y los 5 factores de contingencia del modelo de Baron y Kreps (1999), entre ellos la estrategia de negocio. Por otro lado, también se tiene que dar un alineamiento entre todas las políticas de recursos humanos acercándose más o menos a un modelo de mercado o de alto rendimiento. El trabajo se ha estructurado en tres capítulos en los que de forma sucesiva se van realizando análisis específicos. En el primer capítulo se plantea un análisis general del contexto actual. Posteriormente, en el segundo capítulo, se profundiza en los factores de contingencia y las políticas de RRHH llevadas a cabo por la organización. Finalmente, en el capítulo tercero, el análisis se centra en las Áreas que componen la organización.</dc:description>
  <dc:format>pdf</dc:format>
  <dc:language>spa</dc:language>
  <dc:type>info:eu-repo/semantics/bachelorThesis</dc:type>
  <dc:rights>by-nc-sa</dc:rights>
  <dc:rights>http://creativecommons.org/licenses/by-nc-sa/3.0/</dc:rights>
</oai_dc:dc>