<?xml version="1.0" encoding="UTF-8"?><oai_dc:dc xmlns:oai_dc="http://www.openarchives.org/OAI/2.0/oai_dc/" xmlns:dc="http://purl.org/dc/elements/1.1/" xmlns:xsi="http://www.w3.org/2001/XMLSchema-instance" xsi:schemaLocation="http://www.openarchives.org/OAI/2.0/oai_dc/ http://www.openarchives.org/OAI/2.0/oai_dc.xsd">
  <dc:creator>Valero Errazu, Diana</dc:creator>
  <dc:creator>Gómez Bahillo, Carlos</dc:creator>
  <dc:creator>Olmo Vicén, Nuria del</dc:creator>
  <dc:title>Prácticas educativas de éxito en la inclusión del alumnado inmigrante y de minorías étnicas: la participación de la familia y la comunidad</dc:title>
  <dc:identifier>http://zaguan.unizar.es/record/11082</dc:identifier>
  <dc:subject>alumnos inmigrantes y de minorías étnicas</dc:subject>
  <dc:subject>estrategia de éxito</dc:subject>
  <dc:subject>familia y comunidad</dc:subject>
  <dc:subject>inclusión</dc:subject>
  <dc:subject>participación</dc:subject>
  <dc:publisher>Universidad de Zaragoza</dc:publisher>
  <dc:date>2013</dc:date>
  <dc:description>Se ha demostrado que la participación de la familia y la comunidad es una estrategia éxito en la inclusión de alumnado inmigrante y de minorías étnicas. Sin embargo, aunque se constata que las familias tienen una baja participación en la educación formal, se observa que esto es debido a la existencia de unas barreras en la educación formal (lingüísticas, horarios, socioculturales etc.)  que dificultan dicha participación  y no a la falta de interés, ya que estas familias buscan modelos alternativos de participación e implicación en la formación de sus hijos. A través del trabajo realizado se ha profundizado en estos aspectos identificando las claves de éxito que permiten la transformación siguiendo una metodología comunicativa crítica y se han propuesto estrategias que pueden ayudar a mejorar la participación de la familia y la comunidad.</dc:description>
  <dc:format>pdf</dc:format>
  <dc:language>spa</dc:language>
  <dc:type>info:eu-repo/semantics/bachelorThesis</dc:type>
  <dc:rights>by-nc-sa</dc:rights>
  <dc:rights>http://creativecommons.org/licenses/by-nc-sa/3.0/</dc:rights>
</oai_dc:dc>