<?xml version="1.0" encoding="UTF-8"?><oai_dc:dc xmlns:oai_dc="http://www.openarchives.org/OAI/2.0/oai_dc/" xmlns:dc="http://purl.org/dc/elements/1.1/" xmlns:xsi="http://www.w3.org/2001/XMLSchema-instance" xsi:schemaLocation="http://www.openarchives.org/OAI/2.0/oai_dc/ http://www.openarchives.org/OAI/2.0/oai_dc.xsd">
  <dc:creator>Sanjuan Estallo, Laura</dc:creator>
  <dc:creator>Orduna Onco, Ángel</dc:creator>
  <dc:title>Prevalencia del síndrome del burnout en el personal de enfermería de la 6ª planta del Hospital San Jorge de Huesca</dc:title>
  <dc:identifier>http://zaguan.unizar.es/record/10466</dc:identifier>
  <dc:subject>síndrome de burnout</dc:subject>
  <dc:subject>enfermería</dc:subject>
  <dc:subject>Maslach burnout inventory</dc:subject>
  <dc:subject>área de ictus</dc:subject>
  <dc:publisher>Universidad de Zaragoza</dc:publisher>
  <dc:date>2013</dc:date>
  <dc:description>OBJETIVO: Determinar la prevalencia del síndrome del burnout en el personal de enfermería de la 6ª planta del Hospital San Jorge de Huesca. METODOLOGÍA: Se realizó un estudio descriptivo transversal entre los profesionales adscritos al área de enfermería del mencionado hospital. Las variables implicadas se recogieron mediante un cuestionario de elaboración propia. En cuanto al síndrome de burnout se midió mediante el Maslach burnout inventory, en su versión validada en español. El análisis de los datos se realizó con ayuda del paquete estadístico SPSS 19.0. RESULTADOS: El total de los participantes fue de N=22 (95.5% del sexo femenino y 4,5% masculino). La edad media fue de 40,8 años. El 36,4 % trabaja en el Servicio de Cardiología, el 31,8% en Neumología y el 31,8% en Neurología (Área de Ictus). La prevalencia del síndrome de burnout fue del 31,81% del total de participantes. No se encontraron diferencias estadísticamente significativas según la edad y el padecimiento del síndrome de burnout, comparando menores de 38 años (mediana de edad) y  mayores de 38 años (p=0,067). Tampoco se encontraron diferencias estadísticamente significativas de padecimiento del síndrome de burnout entre el personal de enfermería dedicado al Servicio de Neurología (Área de Ictus) y resto de unidades (p=0,630). CONCLUSIÓN: La prevalencia del síndrome de burnout en las enfermeras de la 6ª planta del Hospital San Jorge de Huesca fue del 31,81 %. No se encontraron diferencias estadísticamente significativas en relación a la edad y la especialidad en la que trabajan.</dc:description>
  <dc:format>pdf</dc:format>
  <dc:language>spa</dc:language>
  <dc:type>info:eu-repo/semantics/bachelorThesis</dc:type>
  <dc:rights>by-nc-sa</dc:rights>
  <dc:rights>http://creativecommons.org/licenses/by-nc-sa/3.0/</dc:rights>
</oai_dc:dc>