<?xml version="1.0" encoding="UTF-8"?><oai_dc:dc xmlns:oai_dc="http://www.openarchives.org/OAI/2.0/oai_dc/" xmlns:dc="http://purl.org/dc/elements/1.1/" xmlns:xsi="http://www.w3.org/2001/XMLSchema-instance" xsi:schemaLocation="http://www.openarchives.org/OAI/2.0/oai_dc/ http://www.openarchives.org/OAI/2.0/oai_dc.xsd">
  <dc:creator>Kudasheva, Alina</dc:creator>
  <dc:creator>Coronas Ceresuela, Joaquín</dc:creator>
  <dc:title>Mixed Matrix Membranes (MOFs based) for separation applications</dc:title>
  <dc:identifier>http://zaguan.unizar.es/record/11136</dc:identifier>
  <dc:subject>pervaporation</dc:subject>
  <dc:subject>mixed matrix membrane</dc:subject>
  <dc:subject>metal - organic frameworks</dc:subject>
  <dc:publisher>Universidad de Zaragoza</dc:publisher>
  <dc:date>2013</dc:date>
  <dc:description>This work explores the use of molecular sieves such as Metal Organic Frameworks (MOFs) and ordered mesoporous silica spheres in the fabrication of Mixed Matrix Membranes (MMMs). Since application of MMMs in liquid separation is not well discovered yet, the prepared MMMs were applied in dehydration of alcohol via pervaporation. In particular, the mixture of interest was water/ethanol solution due to its azeotropic composition and therefore difficulties in separation. Ordered mesoporous silica spheres of different sizes and various types of MOFs were introduced into a polymer matrix at different loadings in order to study the effect of the fillers on membrane performance.</dc:description>
  <dc:format>pdf</dc:format>
  <dc:language>eng</dc:language>
  <dc:type>info:eu-repo/semantics/masterThesis</dc:type>
  <dc:rights>by-nc-sa</dc:rights>
  <dc:rights>http://creativecommons.org/licenses/by-nc-sa/3.0/</dc:rights>
</oai_dc:dc>