<?xml version="1.0" encoding="UTF-8"?><oai_dc:dc xmlns:oai_dc="http://www.openarchives.org/OAI/2.0/oai_dc/" xmlns:dc="http://purl.org/dc/elements/1.1/" xmlns:xsi="http://www.w3.org/2001/XMLSchema-instance" xsi:schemaLocation="http://www.openarchives.org/OAI/2.0/oai_dc/ http://www.openarchives.org/OAI/2.0/oai_dc.xsd">
  <dc:creator>Navarro Rero, Mario</dc:creator>
  <dc:creator>Ibáñez Carabantes, Pedro</dc:creator>
  <dc:title>Ampliación y renovación de líneas naves ensacado-paletizado</dc:title>
  <dc:identifier>http://zaguan.unizar.es/record/10664</dc:identifier>
  <dc:subject>instalación eléctrica en baja tensión nave industrial</dc:subject>
  <dc:publisher>Universidad de Zaragoza</dc:publisher>
  <dc:date>2013</dc:date>
  <dc:description>El objeto del presente estudio es la descripción y justificación técnica de las instalaciones eléctricas en B.T. para el suministro, montaje, pruebas y puesta en marcha de la instalación eléctrica de fuerza, alumbrado y toma de tierra de los procesos ensacado, paletizado y enfardado.</dc:description>
  <dc:format>pdf</dc:format>
  <dc:language>spa</dc:language>
  <dc:type>info:eu-repo/semantics/masterThesis</dc:type>
  <dc:rights>by-nc-sa</dc:rights>
  <dc:rights>http://creativecommons.org/licenses/by-nc-sa/3.0/</dc:rights>
</oai_dc:dc>