<?xml version="1.0" encoding="UTF-8"?><oai_dc:dc xmlns:oai_dc="http://www.openarchives.org/OAI/2.0/oai_dc/" xmlns:dc="http://purl.org/dc/elements/1.1/" xmlns:xsi="http://www.w3.org/2001/XMLSchema-instance" xsi:schemaLocation="http://www.openarchives.org/OAI/2.0/oai_dc/ http://www.openarchives.org/OAI/2.0/oai_dc.xsd">
  <dc:creator>Tris Lorés, Eduardo</dc:creator>
  <dc:creator>González de la Cuesta, Delia María</dc:creator>
  <dc:title>Protocolo de actuación de enfermería en los pacientes con IAMSEST en UCI de coronarias</dc:title>
  <dc:identifier>http://zaguan.unizar.es/record/10780</dc:identifier>
  <dc:subject>IAMSEST</dc:subject>
  <dc:subject>protocolo de actuación</dc:subject>
  <dc:subject>enfermería</dc:subject>
  <dc:publisher>Universidad de Zaragoza</dc:publisher>
  <dc:date>2013</dc:date>
  <dc:description>La repercusión social de las enfermedades cardiovasculares, por su incidencia y prevalencia, desemboca en una intervención planificada sobre éstas basada en la prevención primaria y secundaria. La cardiopatía isquémica es la principal causante de este tipo de enfermedades, que suponen un consumo elevado de recursos humanos y materiales a corto y largo plazo. En cabeza de la cardiopatía isquémica se encuentra el síndrome coronario agudo sin elevación del ST (SCASEST), con una frecuencia superior a otros eventos, cuyo representante de mayor gravedad clínica es el infarto agudo de miocardio sin elevación del ST (IAMSEST). Cuando la prevención primaria es insuficiente, surgen eventos cardíacos que requieren cuidados de enfermería precisos y una serie de actividades que se llevarán a cabo en colaboración con otros profesionales sanitarios.  Ante un episodio de IAMSEST el profesional de enfermería colabora durante el proceso diagnóstico y terapéutico, ambos en ámbito intrahospitalario.  La unidad de cuidados intensivos (UCI) acoge a este tipo de pacientes que necesitan cuidados que aborden, de forma holística, la esfera biopsicosocial que se genera en torno a éstos. Además, dada la alta morbimortalidad, el número de reingresos generados por la cardiopatía isquémica y la repercusión familiar o laboral, la educación sanitaria es una  herramienta de trabajo sobre los factores de riesgo que puede mejorar los resultados de muerte, reinfarto, etc. Por ello, la introducción precoz de una estrategia planificada de educación puede resolver la aparición de nuevos eventos isquémicos y mejorar las cifras de reingresos hospitalarios.</dc:description>
  <dc:format>pdf</dc:format>
  <dc:language>spa</dc:language>
  <dc:type>info:eu-repo/semantics/bachelorThesis</dc:type>
  <dc:rights>by-nc-sa</dc:rights>
  <dc:rights>http://creativecommons.org/licenses/by-nc-sa/3.0/</dc:rights>
</oai_dc:dc>