<?xml version="1.0" encoding="UTF-8"?><oai_dc:dc xmlns:oai_dc="http://www.openarchives.org/OAI/2.0/oai_dc/" xmlns:dc="http://purl.org/dc/elements/1.1/" xmlns:xsi="http://www.w3.org/2001/XMLSchema-instance" xsi:schemaLocation="http://www.openarchives.org/OAI/2.0/oai_dc/ http://www.openarchives.org/OAI/2.0/oai_dc.xsd">
  <dc:creator>Fernández Vázquez, Amaya</dc:creator>
  <dc:creator>Lekuona Amiano, Alberto</dc:creator>
  <dc:title>La reeducación postural como tratamiento fisioterapéutico complementario a la fisioterapia tradicional en la patología dolorosa de hombro</dc:title>
  <dc:identifier>http://zaguan.unizar.es/record/10931</dc:identifier>
  <dc:subject>hombro doloroso</dc:subject>
  <dc:subject>tratamiento</dc:subject>
  <dc:subject>fisioterapia</dc:subject>
  <dc:subject>RPG</dc:subject>
  <dc:subject>postura</dc:subject>
  <dc:publisher>Universidad de Zaragoza</dc:publisher>
  <dc:date>2013</dc:date>
  <dc:description>Introducción: La patología dolorosa de hombro es un problema muy frecuente en las personas en edad laboral y su correcto tratamiento facilitará la vuelta a la vida activa y disminuirá las posibles recidivas. Este tipo de patología lleva asociada una alteración de la postura con un patrón antiálgico concreto. El objetivo de este estudio es evaluar los efectos de complementar el tratamiento fisioterapéutico con RPG en sujetos con patología dolorosa de hombro.  Material y método: Ensayo clínico controlado prospectivo aleatorizado de 8 pacientes con patología dolorosa de hombro del Servicio de Rehabilitación del H.C.U. “Lozano Blesa” derivados a la Unidad de Fisioterapia en los meses de noviembre y diciembre de 2012. Resultados: Las variables cualitativas de dolor, ansiedad y depresión presentaron valores medianos mejores en el grupo intervención que en el grupo control. En ambos grupos se observó un aumento del rango articular en los movimientos tanto activos como pasivos. La postura mejoró en gran medida en el grupo intervención mientras que en el grupo control empeoró. Conclusiones: Los pacientes sometidos a sesiones individuales de RPG como complemento a la fisioterapia mejoraron sensiblemente en parámetros de dolor, ansiedad, depresión y postura con respecto al grupo control. No se encontraron mejoras significativas en los valores de rango articular. El reducido tamaño muestral y la escasa evidencia científica exigen futuros estudios.</dc:description>
  <dc:format>pdf</dc:format>
  <dc:language>spa</dc:language>
  <dc:type>info:eu-repo/semantics/bachelorThesis</dc:type>
  <dc:rights>by-nc-sa</dc:rights>
  <dc:rights>http://creativecommons.org/licenses/by-nc-sa/3.0/</dc:rights>
</oai_dc:dc>