<?xml version="1.0" encoding="UTF-8"?><oai_dc:dc xmlns:oai_dc="http://www.openarchives.org/OAI/2.0/oai_dc/" xmlns:dc="http://purl.org/dc/elements/1.1/" xmlns:xsi="http://www.w3.org/2001/XMLSchema-instance" xsi:schemaLocation="http://www.openarchives.org/OAI/2.0/oai_dc/ http://www.openarchives.org/OAI/2.0/oai_dc.xsd">
  <dc:creator>Sánchez Peña, Marta</dc:creator>
  <dc:creator>Gómez Soria, Isabel</dc:creator>
  <dc:title>La depresión en la cuarta edad desde el punto de vista de la terapia ocupacional</dc:title>
  <dc:identifier>http://zaguan.unizar.es/record/10964</dc:identifier>
  <dc:subject>cuarta edad</dc:subject>
  <dc:subject>depresión</dc:subject>
  <dc:subject>terapia ocupacional</dc:subject>
  <dc:publisher>Universidad de Zaragoza</dc:publisher>
  <dc:date>2013</dc:date>
  <dc:description>El aumento progresivo de la esperanza de vida en nuestro país ha dado lugar a que cada vez exista un mayor número de personas mayores de 65 años y un mayor número de “octogenarios”. A este grupo, de predominio claramente femenino cada vez más longevo y dependiente, se le denomina “cuarta edad” y tiene en común, en muchos casos, pluripatología asociada: enfermedades como las neurodegenerativas o trastornos emocionales como depresión y/o ansiedad; estar institucionalizados y haber sufrido importantes pérdidas y duelos (de familiares, hogar, hábitos, roles, entorno,…). El caso clínico que protagoniza este trabajo es reflejo de dicha situación: señora de 83 años, que lleva 9 en una residencia a la que ya llegó con un proceso degenerativo en curso y una depresión establecida. A continuación se pretende dejar constancia de la relevancia de la evaluación y reevaluaciones pertinentes y del tratamiento continuado de terapia ocupacional para tratar de conseguir un mantenimiento de la funcionalidad, de las funciones cognitivas, de las habilidades y destrezas y del estado emocional, en el día a día del paciente; y de la relevancia de la intervención de terapia ocupacional en procesos agudos de empeoramiento.</dc:description>
  <dc:format>pdf</dc:format>
  <dc:language>spa</dc:language>
  <dc:type>info:eu-repo/semantics/bachelorThesis</dc:type>
  <dc:rights>by-nc-sa</dc:rights>
  <dc:rights>http://creativecommons.org/licenses/by-nc-sa/3.0/</dc:rights>
</oai_dc:dc>