<?xml version="1.0" encoding="UTF-8"?><oai_dc:dc xmlns:oai_dc="http://www.openarchives.org/OAI/2.0/oai_dc/" xmlns:dc="http://purl.org/dc/elements/1.1/" xmlns:xsi="http://www.w3.org/2001/XMLSchema-instance" xsi:schemaLocation="http://www.openarchives.org/OAI/2.0/oai_dc/ http://www.openarchives.org/OAI/2.0/oai_dc.xsd">
  <dc:creator>Bueno Palma, Zara</dc:creator>
  <dc:creator>Cebrián Guajardo, Ana Carmen</dc:creator>
  <dc:creator>Sanz Rubio, María Concepción</dc:creator>
  <dc:title>Abordaje del dolor lumbar crónico mediante un programa de estabilización lumbar</dc:title>
  <dc:identifier>http://zaguan.unizar.es/record/10941</dc:identifier>
  <dc:subject>dolor lumbar</dc:subject>
  <dc:subject>estabilidad lumbar</dc:subject>
  <dc:subject>dolor lumbar crónico</dc:subject>
  <dc:publisher>Universidad de Zaragoza</dc:publisher>
  <dc:date>2013</dc:date>
  <dc:description>Introducción: El dolor lumbar es una patología caracterizada por una sensación dolorosa circunscrita al área de la columna lumbar, que repercute en la movilidad normal de la zona. Representa un importante problema de salud pública por su alta prevalencia y repercusión socioeconómica. Hay evidencia de que existe relación entre el DL y el debilitamiento de la musculatura estabilizadora. Objetivo: El objetivo principal del presente estudio es disminuir el dolor y mejorar los aspectos psicosociales mediante la aplicación de un programa de estabilización lumbar asociado al tratamiento que habitualmente recibe nuestra paciente consistente en electroterapia analgésica y termoterapia. Metodología: Estudio de un caso clínico (n=1) que consiste en la aplicación de un programa de estabilización lumbar asociado al tratamiento habitual que recibía la paciente (electroterapia analgésica e infrarrojos). Los ejercicios propuestos están diseñados para activar la musculatura encargada de aportar estabilidad a la columna lumbar produciendo desequilibrios mediante el movimiento de estructuras corporales de la propia paciente a la vez que mantiene la posición de reposo. Desarrollo: Conseguimos una importante mejoría, tanto en la disminución del dolor como en los aspectos psicosociales; a su vez, conseguimos aumentar cantidad y calidad del movimiento, así como una mejora de la estabilidad lumbar. Conclusiones: El plan de intervención fisioterápica aplicado para combatir el DLC y mejorar los factores psicosociales ha sido efectivo en este caso concreto.</dc:description>
  <dc:format>pdf</dc:format>
  <dc:language>spa</dc:language>
  <dc:type>info:eu-repo/semantics/bachelorThesis</dc:type>
  <dc:rights>by-nc-sa</dc:rights>
  <dc:rights>http://creativecommons.org/licenses/by-nc-sa/3.0/</dc:rights>
</oai_dc:dc>