<?xml version="1.0" encoding="UTF-8"?><oai_dc:dc xmlns:oai_dc="http://www.openarchives.org/OAI/2.0/oai_dc/" xmlns:dc="http://purl.org/dc/elements/1.1/" xmlns:xsi="http://www.w3.org/2001/XMLSchema-instance" xsi:schemaLocation="http://www.openarchives.org/OAI/2.0/oai_dc/ http://www.openarchives.org/OAI/2.0/oai_dc.xsd">
  <dc:creator>Llavori Pirla, Sara Belén</dc:creator>
  <dc:creator>Rubio Soriano, María Concepción</dc:creator>
  <dc:title>Revisión bibliográfica sobre el síndrome de burnout y sus efectos en la enfermería de España</dc:title>
  <dc:identifier>http://zaguan.unizar.es/record/10434</dc:identifier>
  <dc:subject>burnout</dc:subject>
  <dc:subject>enfermería</dc:subject>
  <dc:subject>variables socio-demográficas</dc:subject>
  <dc:subject>variables laborales</dc:subject>
  <dc:publisher>Universidad de Zaragoza</dc:publisher>
  <dc:date>2013</dc:date>
  <dc:description>Introducción: El concepto "burnout", equivalente a desgaste profesional, constituye un problema de gran relevancia. Su prevalencia se estima entre un 10-50% de los trabajadores y si nos centramos sólo en enfermería, seis de cada diez profesionales padecen el síndrome de burnout. Objetivo: realizar un análisis sobre como afecta el síndrome de burnout a la enfermería en España y de que forma se podría enfocar su prevención. Metodología: se realizó una búsqueda bibliográfica durante los meses de enero y febrero de 2013 en las bases de datos: Biblioteca Cochrame Plus, Cuiden, CUIDATGE, ENFISPO y el buscador Encuentr@. Tras aplicar los criterios de inclusión nos quedamos con 12 estudios científicos. Desarrollo: los estudios reflejan mayores niveles de despersonalización y cansancio emocional que de falta de realización personal, pero la diferencia es mínima. Existen mayores niveles de burnout en mujeres que en hombres, en solteros que en casados y en profesionales sin hijos que con hijos. También hay mayores niveles de burnout en los enfermeros que en otras profesiones sanitarias, en los profesionales que llevan más de 10 años trabajando, en los que tienen plaza fija y en los que trabajan en turnos rotatorios frente en los que lo hacen en otro turno. Conclusiones: el perfil de riesgo de padecer burnout en enfermería sería el de una mujer soltera, sin hijos, con más de 10 años de antigüedad profesional, con plaza fija y turno rotatorio. En consecuencia la prevención debería estar enfocada especialmente en este tipo de profesionales.</dc:description>
  <dc:format>pdf</dc:format>
  <dc:language>spa</dc:language>
  <dc:type>info:eu-repo/semantics/bachelorThesis</dc:type>
  <dc:rights>by-nc-sa</dc:rights>
  <dc:rights>http://creativecommons.org/licenses/by-nc-sa/3.0/</dc:rights>
</oai_dc:dc>