<?xml version="1.0" encoding="UTF-8"?><oai_dc:dc xmlns:oai_dc="http://www.openarchives.org/OAI/2.0/oai_dc/" xmlns:dc="http://purl.org/dc/elements/1.1/" xmlns:xsi="http://www.w3.org/2001/XMLSchema-instance" xsi:schemaLocation="http://www.openarchives.org/OAI/2.0/oai_dc/ http://www.openarchives.org/OAI/2.0/oai_dc.xsd">
  <dc:creator>Delso Molinos, Ana Belén</dc:creator>
  <dc:creator>García Ruiz, Pablo</dc:creator>
  <dc:title>Proyecto de intervención social en contextos de ayuda humanitaria: el caso de los territorios palestinos ocupados (tPo)</dc:title>
  <dc:identifier>http://zaguan.unizar.es/record/11097</dc:identifier>
  <dc:subject>acción humanitaria</dc:subject>
  <dc:subject>intervención social</dc:subject>
  <dc:publisher>Universidad de Zaragoza</dc:publisher>
  <dc:date>2013</dc:date>
  <dc:description>En este trabajo se va a realizar un estudio sobre la ayuda humanitaria, de cómo se articula y de si se trata o no de una intervención social. Se realizará la investigación de un contexto peculiar y de un proyecto concreto efectuado por una ONGD. Con este proyecto se pretenden observar las diferencias y similitudes con los proyectos que se llevan a cabo en España en cualquier ámbito de la intervención social. El contexto escogido son los territorios palestinos ocupados (tPo), lugar donde el entorno social y político es completamente distinto al de aquí, con lo que se pretende situar un acción de intervención social en un contexto diferente al que estamos acostumbrados.</dc:description>
  <dc:format>pdf</dc:format>
  <dc:language>spa</dc:language>
  <dc:type>info:eu-repo/semantics/bachelorThesis</dc:type>
  <dc:rights>by-nc-sa</dc:rights>
  <dc:rights>http://creativecommons.org/licenses/by-nc-sa/3.0/</dc:rights>
</oai_dc:dc>