<?xml version="1.0" encoding="UTF-8"?><oai_dc:dc xmlns:oai_dc="http://www.openarchives.org/OAI/2.0/oai_dc/" xmlns:dc="http://purl.org/dc/elements/1.1/" xmlns:xsi="http://www.w3.org/2001/XMLSchema-instance" xsi:schemaLocation="http://www.openarchives.org/OAI/2.0/oai_dc/ http://www.openarchives.org/OAI/2.0/oai_dc.xsd">
  <dc:creator>Cuartero Gracia, Irene</dc:creator>
  <dc:creator>Ros Ayral, Elsa</dc:creator>
  <dc:creator>Torrente Gari, Susana</dc:creator>
  <dc:title>Violencia de género (Fundación Diagrama y Centro de Inserción Social "Trece Rosas")</dc:title>
  <dc:identifier>http://zaguan.unizar.es/record/10966</dc:identifier>
  <dc:subject>violencia de género</dc:subject>
  <dc:publisher>Universidad de Zaragoza</dc:publisher>
  <dc:date>2013</dc:date>
  <dc:description>Este trabajo aporta información sobre la legislación existente en cuanto a la violencia de género en España. También se narra la experiencia derivada de unas prácticas realizadas en el Centro de Inserción Social "Trece Rosas" de Zaragoza, así como también alguna crítica a la situación actual de la mujer en España.</dc:description>
  <dc:format>pdf</dc:format>
  <dc:language>spa</dc:language>
  <dc:type>info:eu-repo/semantics/masterThesis</dc:type>
  <dc:rights>by-nc-sa</dc:rights>
  <dc:rights>http://creativecommons.org/licenses/by-nc-sa/3.0/</dc:rights>
</oai_dc:dc>