<?xml version="1.0" encoding="UTF-8"?><oai_dc:dc xmlns:oai_dc="http://www.openarchives.org/OAI/2.0/oai_dc/" xmlns:dc="http://purl.org/dc/elements/1.1/" xmlns:xsi="http://www.w3.org/2001/XMLSchema-instance" xsi:schemaLocation="http://www.openarchives.org/OAI/2.0/oai_dc/ http://www.openarchives.org/OAI/2.0/oai_dc.xsd">
  <dc:creator>Torres Bravo, Sandra</dc:creator>
  <dc:creator>Estrada Fernández, María Eugenia</dc:creator>
  <dc:title>Automedicación y ansiedad en la Escuela de Enfermería de Huesca</dc:title>
  <dc:identifier>http://zaguan.unizar.es/record/10455</dc:identifier>
  <dc:subject>automedicación</dc:subject>
  <dc:subject>estudiantes</dc:subject>
  <dc:subject>enfermería</dc:subject>
  <dc:subject>ansiedad</dc:subject>
  <dc:subject>prevalencia</dc:subject>
  <dc:publisher>Universidad de Zaragoza</dc:publisher>
  <dc:date>2013</dc:date>
  <dc:description>La automedicación consiste en el consumo de un producto por iniciativa propia para aliviar síntomas percibidos por el sujeto. Aunque el uso de la automedicación puede ser beneficioso, también puede traer graves consecuencias si los fármacos se usan de forma incorrecta o masiva. Este estudio tiene el fin de determinar la prevalencia de la automedicación en los estudiantes de enfermería para concienciar a éstos sobre los riesgos de la automedicación y de observar si esta práctica se asocia con la ansiedad. Se trata de un estudio cuantitativo trasversal, que se llevó acabo en 72 estudiantes de la Escuela Universitaria de Enfermería de Huesca mediante la realización de dos cuestionarios. La prevalencia de la automedicación fue del 65,27%. Las principales causas que llevaron a la automedicación fueron el alivio del dolor (38,30%) y la falta de tiempo para acudir al médico (25,53%). Los fármacos más utilizados fueron los AINES (80,85%) y el paracetamol (42,55%). La prevalencia de la ansiedad fue del 50% entre los encuestados. Se observó que la ansiedad no influía en la automedicación en esta población, ya que era igual la proporción de personas que se automedicaron con o sin ansiedad (66,67%). La automedicación es una práctica generalizada entre los estudiantes de enfermería de Huesca. Por ello, es de suma importancia hacer hincapié en informar a los estudiantes sobre las ventajas y desventajas de la automedicación, para que estos futuros profesionales de la salud realicen una correcta educación sanitaria.</dc:description>
  <dc:format>pdf</dc:format>
  <dc:language>spa</dc:language>
  <dc:type>info:eu-repo/semantics/bachelorThesis</dc:type>
  <dc:rights>by-nc-sa</dc:rights>
  <dc:rights>http://creativecommons.org/licenses/by-nc-sa/3.0/</dc:rights>
</oai_dc:dc>