<?xml version="1.0" encoding="UTF-8"?><oai_dc:dc xmlns:oai_dc="http://www.openarchives.org/OAI/2.0/oai_dc/" xmlns:dc="http://purl.org/dc/elements/1.1/" xmlns:xsi="http://www.w3.org/2001/XMLSchema-instance" xsi:schemaLocation="http://www.openarchives.org/OAI/2.0/oai_dc/ http://www.openarchives.org/OAI/2.0/oai_dc.xsd">
  <dc:creator>Jiménez Cano, Judith</dc:creator>
  <dc:creator>Pascau Benito, Antonio</dc:creator>
  <dc:title>Estudio computacional de la dispersión de contaminantes en calles encajonadas y chimeneas. Comparación con datos experimentales</dc:title>
  <dc:identifier>http://zaguan.unizar.es/record/10120</dc:identifier>
  <dc:subject>dispersión de contaminantes</dc:subject>
  <dc:subject>localización de chimeneas</dc:subject>
  <dc:subject>sreet canyons</dc:subject>
  <dc:subject>chimneys</dc:subject>
  <dc:subject>cfd</dc:subject>
  <dc:publisher>Universidad de Zaragoza</dc:publisher>
  <dc:date>2013</dc:date>
  <dc:description>El propósito del presente trabajo es revelar el impacto que causa sobre el medio ambiente urbano la emisión de contaminantes por fuentes emisoras en calles encajonadas y edificios con chimenea mediante el uso y validación de un programa o código desarrollado dentro del Área de Mecánica de Fluidos del Departamento de Ciencia y Tecnología de Materiales y Fluidos de la Universidad de Zaragoza. El estudio se basa en dos partes. Por un lado, se comprueba el grado de exactitud en la aproximación alcanzada entre las soluciones numéricas obtenidas, para el campo de velocidad y concentración, con sus correspondientes homólogas procedentes de los ensayos experimentales en calles encajonadas realizados por R.N Meroney, M.Pavageau, S. Rafailidis y M.Schatzmann en un túnel de viento que opera bajo capa límite atmosférica estratificada del Instituto de Sistemas de Energía en la Universidad Tecnológica de Hamburgo, Alemania. Por otro lado, se trata de discernir para todas las situaciones planteadas cuál es la mejor posición de chimenea en el edificio y que presente una mejor ventilación natural de contaminante en los alrededores de la misma y con su vecindad más próxima hallada en la corriente de flujo principal establecida a través de los tejados.</dc:description>
  <dc:format>pdf</dc:format>
  <dc:language>spa</dc:language>
  <dc:type>info:eu-repo/semantics/masterThesis</dc:type>
  <dc:rights>by-nc-sa</dc:rights>
  <dc:rights>http://creativecommons.org/licenses/by-nc-sa/3.0/</dc:rights>
</oai_dc:dc>