<?xml version="1.0" encoding="UTF-8"?><oai_dc:dc xmlns:oai_dc="http://www.openarchives.org/OAI/2.0/oai_dc/" xmlns:dc="http://purl.org/dc/elements/1.1/" xmlns:xsi="http://www.w3.org/2001/XMLSchema-instance" xsi:schemaLocation="http://www.openarchives.org/OAI/2.0/oai_dc/ http://www.openarchives.org/OAI/2.0/oai_dc.xsd">
  <dc:creator>Gracia Grasa, Juan</dc:creator>
  <dc:creator>Ceamanos Llorens, Roberto</dc:creator>
  <dc:title>El último presidente. Un acercamiento al pensamiento político de Fernando Valera Aparicio, ministro y jefe del último gobierno republicano en el exilio (1947-1977)</dc:title>
  <dc:identifier>http://zaguan.unizar.es/record/10123</dc:identifier>
  <dc:publisher>Universidad de Zaragoza</dc:publisher>
  <dc:date>2013</dc:date>
  <dc:description>Estudio realizado sobre la figura de Fernando Valera Aparicio como miembro de varios gobiernos en el exilio, y su labor al frente de la Segunda Répública Española hasta el fin del franquismo. Es una aproximación a su pensamiento e ideología sobre determinadas cuestiones como federalismo, republicanismo y democracia, como principales campos de trabajo.</dc:description>
  <dc:format>pdf</dc:format>
  <dc:language>spa</dc:language>
  <dc:type>info:eu-repo/semantics/masterThesis</dc:type>
  <dc:rights>by-nc-sa</dc:rights>
  <dc:rights>http://creativecommons.org/licenses/by-nc-sa/3.0/</dc:rights>
</oai_dc:dc>