<?xml version="1.0" encoding="UTF-8"?><oai_dc:dc xmlns:oai_dc="http://www.openarchives.org/OAI/2.0/oai_dc/" xmlns:dc="http://purl.org/dc/elements/1.1/" xmlns:xsi="http://www.w3.org/2001/XMLSchema-instance" xsi:schemaLocation="http://www.openarchives.org/OAI/2.0/oai_dc/ http://www.openarchives.org/OAI/2.0/oai_dc.xsd">
  <dc:creator>Cortés Pardo, Sandra</dc:creator>
  <dc:creator>Cardoso Moreno, María Jesús</dc:creator>
  <dc:creator>Miranda Maestre, María Jesús</dc:creator>
  <dc:title>Intervención desde terapia ocupacional en un caso de esclerosis múltiple</dc:title>
  <dc:identifier>http://zaguan.unizar.es/record/10910</dc:identifier>
  <dc:subject>esclerosis múltiple</dc:subject>
  <dc:subject>terapia ocupacional</dc:subject>
  <dc:subject>habilidad manipulativa</dc:subject>
  <dc:subject>capacidad atencional</dc:subject>
  <dc:publisher>Universidad de Zaragoza</dc:publisher>
  <dc:date>2013</dc:date>
  <dc:description>La esclerosis múltiple (EM) es un trastorno neurológico progresivo caracterizado por focos de desmielinización de los nervios en las áreas del encéfalo y la médula espinal, que conducen a una transmisión distorsionada de los impulsos nerviosos. Es una de las causas más importantes de discapacidad en adultos jóvenes. En la última década se ha producido un aumento de la prevalencia e incidencia de la EM en todo el mundo. Actualmente, se pueden dividir las formas de tratamiento en farmacológico y rehabilitador. La neurología es uno de los campos de aplicación más importantes de la terapia ocupacional. El terapeuta ocupacional puede abordar los trastornos cognitivos, motores, sensitivos o sensoriales. El objetivo del presente trabajo es realizar una intervención sobre una paciente con esclerosis múltiple para reforzar y mantener la habilidad manipulativa y la capacidad atencional. El tratamiento ha durado dos meses y se ha llevado a cabo en la Fundación Aragonesa de Esclerosis Múltiple, se han realizado 17 sesiones, 8 para trabajar la habilidad manipulativa y 7 de atención. Además, a estas sesiones hay que añadir la utilizada para la evaluación inicial y la utilizada para la evaluación final tras el tratamiento. Una vez finalizada la recogida de los datos, se procedió al análisis de los mismos. Cuando comparamos los datos obtenidos antes y después de la intervención, encontramos que no hay diferencias significativas en ninguna de las escalas administradas. Los resultados del presente trabajo muestran los beneficios de la terapia ocupacional en las personas con EM.</dc:description>
  <dc:format>pdf</dc:format>
  <dc:language>spa</dc:language>
  <dc:type>info:eu-repo/semantics/bachelorThesis</dc:type>
  <dc:rights>by-nc-sa</dc:rights>
  <dc:rights>http://creativecommons.org/licenses/by-nc-sa/3.0/</dc:rights>
</oai_dc:dc>