<?xml version="1.0" encoding="UTF-8"?><oai_dc:dc xmlns:oai_dc="http://www.openarchives.org/OAI/2.0/oai_dc/" xmlns:dc="http://purl.org/dc/elements/1.1/" xmlns:xsi="http://www.w3.org/2001/XMLSchema-instance" xsi:schemaLocation="http://www.openarchives.org/OAI/2.0/oai_dc/ http://www.openarchives.org/OAI/2.0/oai_dc.xsd">
  <dc:creator>María Valls, Sheila</dc:creator>
  <dc:creator>Vilas Buendía, Luis Manuel</dc:creator>
  <dc:title>Intervención en la sexualidad de personas con daño cerebral adquirido (ATECEA) en Zaragoza</dc:title>
  <dc:identifier>http://zaguan.unizar.es/record/11067</dc:identifier>
  <dc:publisher>Universidad de Zaragoza</dc:publisher>
  <dc:date>2013</dc:date>
  <dc:description>Se trata de un proyecto de intervención en la sexualidad de las personas con Daño Cerebral Adquirido (DCA) pertenecientes a ATECEA (Asociación de Traumatismo Encéfalo Craneal y Daño Cerebral Sobrevenido en Aragón) el cual se llevará a cabo en Zaragoza. Es un colectivo de personas que en un momento determinado de su vida sufre un accidente o enfermedad que les provoca DCA, afectándoles en las diversas áreas de la vida entre ellas el tema que voy a tratar, la sexualidad, considerado un tema tabú. Por ello, el objetivo general es la promoción, prevención y educación afectivo sexual a usuarios con DCA, familiares y parejas. A raíz de esto se elaborará un programa donde se tratarán diversos aspectos con la finalidad de conseguir el obejtivo propuesto y que deje de ser una realidad ignorada.</dc:description>
  <dc:format>pdf</dc:format>
  <dc:language>spa</dc:language>
  <dc:type>info:eu-repo/semantics/bachelorThesis</dc:type>
  <dc:rights>by-nc-sa</dc:rights>
  <dc:rights>http://creativecommons.org/licenses/by-nc-sa/3.0/</dc:rights>
</oai_dc:dc>