<?xml version="1.0" encoding="UTF-8"?><oai_dc:dc xmlns:oai_dc="http://www.openarchives.org/OAI/2.0/oai_dc/" xmlns:dc="http://purl.org/dc/elements/1.1/" xmlns:xsi="http://www.w3.org/2001/XMLSchema-instance" xsi:schemaLocation="http://www.openarchives.org/OAI/2.0/oai_dc/ http://www.openarchives.org/OAI/2.0/oai_dc.xsd">
  <dc:creator>Gómez Sanz, Andrea Énery</dc:creator>
  <dc:creator>Rodilla Calvelo, Francisco</dc:creator>
  <dc:title>Automedicación en usuarios que acuden a la consulta de Enfermería del Centro de Salud Teruel Ensanche durante los meses de febrero y marzo de 2013</dc:title>
  <dc:identifier>http://zaguan.unizar.es/record/10609</dc:identifier>
  <dc:publisher>Universidad de Zaragoza</dc:publisher>
  <dc:date>2013</dc:date>
  <dc:description>Objetivo: conocer la prevalencia de automedicación en los pacientes que asisten a la consulta de Enfermería del Centro de Salud Teruel Ensanche y cuales son los fármacos que más utilizan para su automedicación. Metodología: estudio descriptivo transversal basado en una encuesta que se realizó a los pacientes que asistieron a la consulta de enfermería durante los meses de febrero y marzo de 2013. Hubo un total de 77 encuestados. Las variables que se estudiaron fueron sociodemográficas (sexo, edad y nacionalidad) y otras referidas al estudio: automedicación con distintos grupos de medicamentos, número de fármacos automedicados y automedicación positiva o negativa. Resultados: el 70,1% de los encuestados se automedicaron con al menos un fármaco. El grupo de edad más mayor (&gt;65 años) son los que menos automedicación muestran. Los grupos farmacológicos más utilizados para la automedicación son los fármacos para el dolor (41,6% de los encuestados los utilizaron), los antigripales (33,8%), para bajar la fiebre (15,6%) y los productos naturistas (14,3%). Los fármacos para el corazón, la hipertensión arterial, antidepresivos o antidiabéticos no fueron utilizados para la automedicación por ninguno de los encuestados. Conclusiones: la automedicación irresponsable es una práctica negativa llevada a cabo por un porcentaje elevado de la población. Es por ello que el personal de enfermería, además de otros grupos de personal sanitario, deben advertir de los riesgos que conlleva y educar a la población para que deje de hacerlo.</dc:description>
  <dc:format>pdf</dc:format>
  <dc:language>spa</dc:language>
  <dc:type>info:eu-repo/semantics/bachelorThesis</dc:type>
  <dc:rights>by-nc-sa</dc:rights>
  <dc:rights>http://creativecommons.org/licenses/by-nc-sa/3.0/</dc:rights>
</oai_dc:dc>