<?xml version="1.0" encoding="UTF-8"?><oai_dc:dc xmlns:oai_dc="http://www.openarchives.org/OAI/2.0/oai_dc/" xmlns:dc="http://purl.org/dc/elements/1.1/" xmlns:xsi="http://www.w3.org/2001/XMLSchema-instance" xsi:schemaLocation="http://www.openarchives.org/OAI/2.0/oai_dc/ http://www.openarchives.org/OAI/2.0/oai_dc.xsd">
  <dc:creator>Molina Martínez, Laura</dc:creator>
  <dc:creator>Falcón Albero, María Ascensión</dc:creator>
  <dc:title>Revisión bibliográfica: Atención enfermera en las complicaciones psicosociales del paciente con psoriasis</dc:title>
  <dc:identifier>http://zaguan.unizar.es/record/10731</dc:identifier>
  <dc:publisher>Universidad de Zaragoza</dc:publisher>
  <dc:date>2013</dc:date>
  <dc:description>Introducción. La psoriasis es una enfermedad inflamatoria crónica de la piel que afecta a unos 80 millones de personas en el mundo. Se calcula que afecta al 2-3% de la población europea y al 1,4% de la población española. Las manifestaciones clínicas de la psoriasis son muy variadas, siendo la forma más típica en placas. Dentro de la sintomatología de la psoriasis a menudo encontramos prurito y dolor. Los enfermos de psoriasis presentan con frecuencia comorbilidades como diabetes, artritis psoriásica, riesgo cardiovascular y depresión. Los síntomas de la psoriasis pueden convertir actividades básicas en un reto. Las implicaciones emocionales y sociales tienen un gran impacto en su vida diaria. Objetivos. Realizar una revisión bibliográfica de la psoriasis para conocer las complicaciones psicosociales que presentan estos pacientes, así como los cuidados de enfermería que precisan. Metodología. Se ha realizado una búsqueda bibliográfica en distintas bases de datos (Dialnet, ScienceDirect, PubMed y Cuiden), revistas, libros y páginas web sobre dermatología, y se han seleccionado los documentos que databan del año 2003 hasta el presente. La palabra clave empleada ha sido “psoriasis”, combinada con: calidad de vida, ansiedad, depresión, complicaciones psicosociales y cuidados de enfermería. Conclusión. Es importante que el personal de enfermería conozca las complicaciones psicosociales que plantea esta enfermedad para poder dirigir los cuidados, no solo hacia el mantenimiento de la integridad de la piel, sino también hacia las posibles complicaciones psicosociales que presente el paciente.</dc:description>
  <dc:format>pdf</dc:format>
  <dc:language>spa</dc:language>
  <dc:type>info:eu-repo/semantics/bachelorThesis</dc:type>
  <dc:rights>by-nc-sa</dc:rights>
  <dc:rights>http://creativecommons.org/licenses/by-nc-sa/3.0/</dc:rights>
</oai_dc:dc>