<?xml version="1.0" encoding="UTF-8"?><oai_dc:dc xmlns:oai_dc="http://www.openarchives.org/OAI/2.0/oai_dc/" xmlns:dc="http://purl.org/dc/elements/1.1/" xmlns:xsi="http://www.w3.org/2001/XMLSchema-instance" xsi:schemaLocation="http://www.openarchives.org/OAI/2.0/oai_dc/ http://www.openarchives.org/OAI/2.0/oai_dc.xsd">
  <dc:creator>Almazán Román, Alejandro</dc:creator>
  <dc:creator>López Pérez, José María</dc:creator>
  <dc:creator>Martínez Iturbe, Abelardo</dc:creator>
  <dc:title>Amplificador de válvulas: estudio de los modelos de la tecnología de válvulas de vacío en amplificación. Amplicación al sistema DR504</dc:title>
  <dc:identifier>http://zaguan.unizar.es/record/10672</dc:identifier>
  <dc:publisher>Universidad de Zaragoza</dc:publisher>
  <dc:date>2013</dc:date>
  <dc:description>El presente proyecto propone una revisión de la tecnología basada en válvulas mediante el estudio concreto de un modelo representativo  dentro del campo de la amplificación. El punto de partida es retomar la tecnología de válvulas de vacío, y configurar modelos que permitan analizar circuitos basados en éstas, con sencillez y eficacia, así como el diseño de otros nuevos o mejora de los ya existentes. Esta memoria recoge el análisis del sistema seleccionado, un amplificador de válvulas, y el posterior contraste con la simulación en entorno SPICE realizada. A partir de ésta se ha puesto a prueba la fidelidad de los modelos existentes de válvulas para simulación y ha permitido extraer información relacionada con su respuesta frecuencial y la incidencia de cada parámetro modificable en la respuesta global del circuito. Finalmente, se deja constancia del montaje de un modelo real con el cual se ha podido contrastar los resultados obtenidos por simulación frente a los obtenidos en el laboratorio, completando así  los pasos del proceso de diseño dentro del campo de la amplificación acústica desarrollada mediante válvulas de vacío.</dc:description>
  <dc:format>pdf</dc:format>
  <dc:language>spa</dc:language>
  <dc:type>info:eu-repo/semantics/masterThesis</dc:type>
  <dc:rights>by-nc-sa</dc:rights>
  <dc:rights>http://creativecommons.org/licenses/by-nc-sa/3.0/</dc:rights>
</oai_dc:dc>