<?xml version="1.0" encoding="UTF-8"?><oai_dc:dc xmlns:oai_dc="http://www.openarchives.org/OAI/2.0/oai_dc/" xmlns:dc="http://purl.org/dc/elements/1.1/" xmlns:xsi="http://www.w3.org/2001/XMLSchema-instance" xsi:schemaLocation="http://www.openarchives.org/OAI/2.0/oai_dc/ http://www.openarchives.org/OAI/2.0/oai_dc.xsd">
  <dc:creator>Fernández Celaya, Aloña</dc:creator>
  <dc:creator>Bonel Sanmartín, Laura</dc:creator>
  <dc:title>Intervención fisioterápica en glosectomía parcial por carcinoma escamoso, reconstruida mediante colgajo libre tomado del músculo radial. A propósito de un caso</dc:title>
  <dc:identifier>http://zaguan.unizar.es/record/10878</dc:identifier>
  <dc:publisher>Universidad de Zaragoza</dc:publisher>
  <dc:date>2013</dc:date>
  <dc:description>Caso clínico de paciente intervenida de glosectomía parcial por carcinoma escamoso, reconstruida mediante colgajo libre tomado del músculo radial. Valoración de secuelas funcionales, planificación de tratamiento fisioterápico y resultados obtenidos.</dc:description>
  <dc:format>pdf</dc:format>
  <dc:language>spa</dc:language>
  <dc:type>info:eu-repo/semantics/bachelorThesis</dc:type>
  <dc:rights>by-nc-sa</dc:rights>
  <dc:rights>http://creativecommons.org/licenses/by-nc-sa/3.0/</dc:rights>
</oai_dc:dc>