<?xml version="1.0" encoding="UTF-8"?><oai_dc:dc xmlns:oai_dc="http://www.openarchives.org/OAI/2.0/oai_dc/" xmlns:dc="http://purl.org/dc/elements/1.1/" xmlns:xsi="http://www.w3.org/2001/XMLSchema-instance" xsi:schemaLocation="http://www.openarchives.org/OAI/2.0/oai_dc/ http://www.openarchives.org/OAI/2.0/oai_dc.xsd">
  <dc:creator>Leiva Sanagustín, Ignacio</dc:creator>
  <dc:creator>Aguilar Martín, Juan José</dc:creator>
  <dc:creator>Brosed, F. J.</dc:creator>
  <dc:title>Luz blanca</dc:title>
  <dc:identifier>http://zaguan.unizar.es/record/10292</dc:identifier>
  <dc:subject>luz blanca</dc:subject>
  <dc:publisher>Universidad de Zaragoza</dc:publisher>
  <dc:date>2013</dc:date>
  <dc:description>Planteamiento de un prototipo de sistema de medicion basado en la luz blanca sin llegar a la medicion. Se llevan a cabo el diseño de un soporte para los elementos, la seleccion de una plantilla de trabajo, una comparativa de lentes y proyectores y un estudio de repetibilidad del metodo. Se comparan los resultados con un sistema laser que ya esta siendo usado.</dc:description>
  <dc:format>pdf</dc:format>
  <dc:language>spa</dc:language>
  <dc:type>info:eu-repo/semantics/masterThesis</dc:type>
  <dc:rights>by-nc-sa</dc:rights>
  <dc:rights>http://creativecommons.org/licenses/by-nc-sa/3.0/</dc:rights>
</oai_dc:dc>