<?xml version="1.0" encoding="UTF-8"?><oai_dc:dc xmlns:oai_dc="http://www.openarchives.org/OAI/2.0/oai_dc/" xmlns:dc="http://purl.org/dc/elements/1.1/" xmlns:xsi="http://www.w3.org/2001/XMLSchema-instance" xsi:schemaLocation="http://www.openarchives.org/OAI/2.0/oai_dc/ http://www.openarchives.org/OAI/2.0/oai_dc.xsd">
  <dc:creator>Sagué Caballero, Cristina</dc:creator>
  <dc:creator>Gimeno Monterde, Chabier</dc:creator>
  <dc:title>Mujeres con cargas familiares en riesgo de exclusión social</dc:title>
  <dc:identifier>http://zaguan.unizar.es/record/11069</dc:identifier>
  <dc:subject>mujeres con cargas familiares</dc:subject>
  <dc:publisher>Universidad de Zaragoza</dc:publisher>
  <dc:date>2013</dc:date>
  <dc:description>El trabajo explica la situación de muchas mujeres, que tienen hijos a su cargo y que se encuentran en una situación de vulnerabilidad. Además, de los diferentes recursos que se pueden encontrar en la ciudad de Zaragoza dirigidos a las mismas.</dc:description>
  <dc:format>pdf</dc:format>
  <dc:language>spa</dc:language>
  <dc:type>info:eu-repo/semantics/bachelorThesis</dc:type>
  <dc:rights>by-nc-sa</dc:rights>
  <dc:rights>http://creativecommons.org/licenses/by-nc-sa/3.0/</dc:rights>
</oai_dc:dc>