<?xml version="1.0" encoding="UTF-8"?><oai_dc:dc xmlns:oai_dc="http://www.openarchives.org/OAI/2.0/oai_dc/" xmlns:dc="http://purl.org/dc/elements/1.1/" xmlns:xsi="http://www.w3.org/2001/XMLSchema-instance" xsi:schemaLocation="http://www.openarchives.org/OAI/2.0/oai_dc/ http://www.openarchives.org/OAI/2.0/oai_dc.xsd">
  <dc:creator>Pellejero Soláns, Santiago</dc:creator>
  <dc:creator>Caudevilla Polo, Santos</dc:creator>
  <dc:title>Espolón calcáneo asociado a fasciopatía plantar. Intervención fisioterápica</dc:title>
  <dc:identifier>http://zaguan.unizar.es/record/10923</dc:identifier>
  <dc:subject>espolón calcáneo</dc:subject>
  <dc:subject>fascitis plantar </dc:subject>
  <dc:subject>talalgia</dc:subject>
  <dc:subject>fisioterapia</dc:subject>
  <dc:subject>pie</dc:subject>
  <dc:subject>salud</dc:subject>
  <dc:publisher>Universidad de Zaragoza</dc:publisher>
  <dc:date>2013</dc:date>
  <dc:description>La fasciopatía plantar (FP) es la causa más común de dolor plantar de calcáneo. Teniendo en cuenta las recomendaciones de las guías clínicas y otras propuestas terapéuticas descritas en la bibliografía, se ha elaborado un plan de intervención de fisioterapia para un caso de espolón calcáneo asociado a una FP. Estudio de caso clínico en el que se han analizado una serie de variables dependientes en una valoración inicial, se ha realizado un tratamiento como variable independiente y, por último, una valoración final. Se realizó una anamnesis completa, incluyendo cuestionarios específicos de miembro inferior así como valoraciones de aspectos biopsicosociales. Se han utilizado diferentes técnicas de tratamiento en base a la bibliografía consultada. En las variables dependientes se obtuvieron resultados que sugieren la evolución favorable del paciente.</dc:description>
  <dc:format>pdf</dc:format>
  <dc:language>spa</dc:language>
  <dc:type>info:eu-repo/semantics/bachelorThesis</dc:type>
  <dc:rights>by-nc-sa</dc:rights>
  <dc:rights>http://creativecommons.org/licenses/by-nc-sa/3.0/</dc:rights>
</oai_dc:dc>