<?xml version="1.0" encoding="UTF-8"?><oai_dc:dc xmlns:oai_dc="http://www.openarchives.org/OAI/2.0/oai_dc/" xmlns:dc="http://purl.org/dc/elements/1.1/" xmlns:xsi="http://www.w3.org/2001/XMLSchema-instance" xsi:schemaLocation="http://www.openarchives.org/OAI/2.0/oai_dc/ http://www.openarchives.org/OAI/2.0/oai_dc.xsd">
  <dc:creator>Pérez de Mezquía Zatarain, Eugenia</dc:creator>
  <dc:creator>Hernández Martínez, Ascensión</dc:creator>
  <dc:title>Aproximación a las restauraciones del Real Monasterio Cisterciense de Santa María de Piedra: las intervenciones del arquitecto Joaquín Soro López</dc:title>
  <dc:identifier>http://zaguan.unizar.es/record/10267</dc:identifier>
  <dc:subject>restauración</dc:subject>
  <dc:subject>conservación</dc:subject>
  <dc:subject>reconstrucción</dc:subject>
  <dc:subject>patrimonio arquitectónico</dc:subject>
  <dc:subject>monasterio de piedra</dc:subject>
  <dc:subject>joaquín soro lópez</dc:subject>
  <dc:publisher>Universidad de Zaragoza</dc:publisher>
  <dc:date>2013</dc:date>
  <dc:description>El tema de investigación del presente trabajo se centra en el análisis histórico, crítico y contextualizado de las diferentes restauraciones realizadas por el arquitecto Joaquín Soro López en el conjunto de edificaciones del Monasterio de Piedra. La investigación, por tanto, se centra en un único monumento y en las intervenciones de un arquitecto concreto.</dc:description>
  <dc:format>pdf</dc:format>
  <dc:language>spa</dc:language>
  <dc:type>info:eu-repo/semantics/masterThesis</dc:type>
  <dc:rights>by-nc-sa</dc:rights>
  <dc:rights>http://creativecommons.org/licenses/by-nc-sa/3.0/</dc:rights>
</oai_dc:dc>