<?xml version="1.0" encoding="UTF-8"?><oai_dc:dc xmlns:oai_dc="http://www.openarchives.org/OAI/2.0/oai_dc/" xmlns:dc="http://purl.org/dc/elements/1.1/" xmlns:xsi="http://www.w3.org/2001/XMLSchema-instance" xsi:schemaLocation="http://www.openarchives.org/OAI/2.0/oai_dc/ http://www.openarchives.org/OAI/2.0/oai_dc.xsd">
  <dc:creator>García Andújar, Laura</dc:creator>
  <dc:creator>Navarro López, María Victoria  </dc:creator>
  <dc:creator>Puértolas Lacambra, Begoña</dc:creator>
  <dc:title>Síntesis, caracterización y aplicación de zeolitas CuHZSM-5 con porosidad jerarquizada para su uso como trampa de hidrocarburos durante el arranque en frío de motores</dc:title>
  <dc:identifier>http://zaguan.unizar.es/record/10593</dc:identifier>
  <dc:subject>zeolitas</dc:subject>
  <dc:subject>trampa de hidrocarburos</dc:subject>
  <dc:subject>porosidad jerarquizada</dc:subject>
  <dc:subject>arranque en frío</dc:subject>
  <dc:publisher>Universidad de Zaragoza</dc:publisher>
  <dc:date>2013</dc:date>
  <dc:description>El presente proyecto fin de carrera tiene como objetivo final la creación de zeolitas jerárquicas para aplicarlas en la reducción de la contaminación ambiental producida por los hidrocarburos emitidos por los coches, en particular el propeno y el tolueno. Para conseguirlo se probaron zeolitas ZSM-5 como trampas de hidrocarburos. Estas zeolitas habían sido jerarquizadas previamente y luego intercambiadas con Cu(NO3)2•3H2O. La jerarquización de la porosidad consiste en la creación de mesoporos en la estructura de la zeolita inicialmente microporosa mediante la realización de un tratamiento alcalino, en este caso utilizando como base NaOH. Con este tratamiento se consigue disolver el silicio y extraerlo así de la estructura dando lugar a poros de mayor tamaño, los mesoporos. Para optimizar esa parte del proceso se fijó la concentración de la base y se variaron la duración y la temperatura (parámetros de mayor influencia). El ratio Si/Al también es fundamental cuando se realiza un tratamiento alcalino ya que numerosos estudios demuestran que la presencia del Al en la estructura inhibe la extracción del Si, con lo cual si se reduce el número de aluminios por silicio se consigue una mayor formación de mesoporos. Para estar seguros del éxito en la creación de mesoporosidad se realizaron experimentos con distintos ratios (Si/Al 25 y Si/Al 40) cuyos resultados podíamos comparar para sacar conclusiones. Por otro lado, se quería optimizar el intercambio con Cu(NO3)2•3H2O para obtener mejores resultados durante las pruebas en el reactor, ya que trabajos previos del equipo habían demostrado que el cobre incluido en la zeolita mejoraba las prestaciones de las trampas de hidrocarburos (HC). Para ello se probaron intercambios con distintas concentraciones de Cu(NO3)2•3H2O para dos zeolitas ZSM-5 distintas, una con ratio Si/Al 25, la otra con Si/Al 40. El ratio Si/Al es fundamental en el intercambio de cationes porque limita la cantidad de éstos que se puede introducir en los espacios que se forman entre la estructura. Una vez optimizado el proceso de Desilicación y establecida la concentración ideal para el intercambio con cobre, se inició la síntesis de las muestras de la investigación principal con las distintas condiciones para el tratamiento alcalino, dejando la zeolita en su forma NaZSM-5. Después se realizó un ataque ácido para eliminar el aluminio extraído de la estructura durante el tratamiento alcalino y así recuperar el ratio Si/Al disminuido tras la disolución del silicio. Para devolver la zeolita a su forma ácida es necesario realizar un intercambio con NH4NO3 y calcinar para obtener la forma HZSM5 que permite realizar el intercambio para incluir el cobre. Con los tratamientos terminados se probaron las zeolitas en un reactor de lecho fijo que simulaba las condiciones de un motor durante el arranque enfrío, este test se denomina CST (Cold Start Test). Por último, se caracterizaron, cristalinidad, morfología, porosidad y acidez y se realizaron análisis de los resultados obtenidos en los CST. Con todos los análisis se concluye que las condiciones óptimas de producción de la zeolita CuHZSM-5 mediante desilicación e intercambio iónico para su uso en  gases de motores durante el arranque en frío son: un tratamiento alcalino con NaOH 0,2 M, a 65 °C durante 15 min, seguido de un ataque ácido con HCl 0,1 M y un intercambio iónico con Cu(NO3)2•3H2O 100 mM. La zeolita producida en estas condiciones no sólo mejora la capacidad de adsorción de la zeolita ZSM-5 microporosa sino también la actividad catalítica y por lo tanto, la capacidad de tratamiento de propeno y tolueno en su aplicación como trampa de HC.</dc:description>
  <dc:format>pdf</dc:format>
  <dc:language>spa</dc:language>
  <dc:type>info:eu-repo/semantics/masterThesis</dc:type>
  <dc:rights>by-nc-sa</dc:rights>
  <dc:rights>http://creativecommons.org/licenses/by-nc-sa/3.0/</dc:rights>
</oai_dc:dc>