<?xml version="1.0" encoding="UTF-8"?><oai_dc:dc xmlns:oai_dc="http://www.openarchives.org/OAI/2.0/oai_dc/" xmlns:dc="http://purl.org/dc/elements/1.1/" xmlns:xsi="http://www.w3.org/2001/XMLSchema-instance" xsi:schemaLocation="http://www.openarchives.org/OAI/2.0/oai_dc/ http://www.openarchives.org/OAI/2.0/oai_dc.xsd">
  <dc:creator>Dolcet Ribes, Joan</dc:creator>
  <dc:creator>López Forniés, Ignacio</dc:creator>
  <dc:title>Estudio y rediseño de sistemas de enchufes e interruptores eléctricos a partir de técnicas y metodologías basadas en ecodiseño</dc:title>
  <dc:identifier>http://zaguan.unizar.es/record/10176</dc:identifier>
  <dc:publisher>Universidad de Zaragoza</dc:publisher>
  <dc:date>2013</dc:date>
  <dc:description>Este proyecto consiste en, inicialmente, proponer una serie productos de fabricación industrial con el objetivo de de elegir uno, analizar su impacto medioambiental y finalmente, mediante estrategias de ecodiseño, minimizar su huella ecológica con la ayuda de software especializado.</dc:description>
  <dc:format>pdf</dc:format>
  <dc:language>spa</dc:language>
  <dc:type>info:eu-repo/semantics/bachelorThesis</dc:type>
  <dc:rights>by-nc-sa</dc:rights>
  <dc:rights>http://creativecommons.org/licenses/by-nc-sa/3.0/</dc:rights>
</oai_dc:dc>