<?xml version="1.0" encoding="UTF-8"?><oai_dc:dc xmlns:oai_dc="http://www.openarchives.org/OAI/2.0/oai_dc/" xmlns:dc="http://purl.org/dc/elements/1.1/" xmlns:xsi="http://www.w3.org/2001/XMLSchema-instance" xsi:schemaLocation="http://www.openarchives.org/OAI/2.0/oai_dc/ http://www.openarchives.org/OAI/2.0/oai_dc.xsd">
  <dc:creator>Curdi Cepero, Alfredo</dc:creator>
  <dc:creator>Müller, Philip</dc:creator>
  <dc:title>Study &amp; development of an interpretive structural model for the analysis &amp; improvement of the innovation process in the automotive industry</dc:title>
  <dc:identifier>http://zaguan.unizar.es/record/10625</dc:identifier>
  <dc:subject>lean manufacturing</dc:subject>
  <dc:subject>innovation</dc:subject>
  <dc:subject>innovación</dc:subject>
  <dc:subject>disrupted technology</dc:subject>
  <dc:publisher>Universidad de Zaragoza</dc:publisher>
  <dc:date>2013</dc:date>
  <dc:description>La Electro-movilidad es la evolución futura del transporte enfocada claramente por cambios tecnológicos, innovación y evolución en los nuevos combustibles, siendo necesarios altos niveles de calidad, mejoras y cambios en los procesos productivos y estandarización modular para alcanzar los nuevos mercados emergentes. Controversia entre compañías petrolíferas y organizaciones medioambientales generan dificultades para el desarrollo en común de propuestas para mantenerse líderes en el mercado. La predominante teoría “Lean Manufacturing”, usada en toda la cadena de suministro, no es suficiente para satisfacer el actual requisito de las compañías automovilísticas, siendo necesaria una calibración y modificación desde la base. Tras su uso dominante en el mercado, se encuentra en la actualidad un modelo obsoleto, debido a elevados costes de implantación, ínfima comunicación a lo largo de la línea jerárquica y procesos de innovación anticuados sin fomentar la creación de nuevas ideas. Fabricantes Europeos no son capaces de introducir en su producción, nuevos modelos que satisfagan el actual mercado eléctrico, sufriendo el acercamiento inminente del fabricante Asiático que domina el negocio. Una nueva visión en innovación de producto son las llamadas “Disrupted Technologies”. Su uso cada vez más integrado dentro del marco empresarial hacen ver un nuevo modelo que nace de una necesidad actual; creación de nuevas empresas. El objeto del presente proyecto es la creación de un nuevo modelo estructural jerárquico empresarial que defina el siguiente paso, desarticulando y analizando ambas teorías, se mejorará el actual modelo, predominante para obtener una solución global para el reto presente/futuro; la Electro-movilidad. El uso de procesos que faciliten la innovación, la comunicación en toda la cadena y libertad en creación de ideas centradas por y para la satisfacción del cliente, son puntos en común básicos para afrontar la nueva etapa que se presenta. El cambio de perspectiva de ambas tendencias las cuales sirven en mercados y ambientes de trabajo diferentes, presenta la creación de un modelo dirigido para protagonizar un cambio de mentalidad y filosofía de trabajo, fundamental para obtener el éxito esperado. Envolviendo a la cadena de suministro por completo, el nuevo modelo parte desde la creación de un sistema jerárquico circular, facilitando la comunicación íntegra en la cadena, hasta el feed-back aportado por el cliente en la ultima fase para obtener una mejoría en la siguiente linea de productos. Destinado principalmente para el sector de la automoción europea, el modelo posee la portabilidad y adaptabilidad adecuada para desvincularse del sector y satisfacer cualquier mercado dentro de la red virtual.</dc:description>
  <dc:format>pdf</dc:format>
  <dc:language>spa</dc:language>
  <dc:type>info:eu-repo/semantics/masterThesis</dc:type>
  <dc:rights>by-nc-sa</dc:rights>
  <dc:rights>http://creativecommons.org/licenses/by-nc-sa/3.0/</dc:rights>
</oai_dc:dc>