<?xml version="1.0" encoding="UTF-8"?><oai_dc:dc xmlns:oai_dc="http://www.openarchives.org/OAI/2.0/oai_dc/" xmlns:dc="http://purl.org/dc/elements/1.1/" xmlns:xsi="http://www.w3.org/2001/XMLSchema-instance" xsi:schemaLocation="http://www.openarchives.org/OAI/2.0/oai_dc/ http://www.openarchives.org/OAI/2.0/oai_dc.xsd">
  <dc:creator>Hernández Ballester, Marta</dc:creator>
  <dc:creator>Marco Sanz, María del Carmen</dc:creator>
  <dc:title>Intervención desde terapia ocupacional en amputación de miembro superior</dc:title>
  <dc:identifier>http://zaguan.unizar.es/record/10835</dc:identifier>
  <dc:subject>amputación miembro superior</dc:subject>
  <dc:subject>prótesis</dc:subject>
  <dc:subject>protetización miembro superior</dc:subject>
  <dc:publisher>Universidad de Zaragoza</dc:publisher>
  <dc:date>2013</dc:date>
  <dc:description>El siguiente trabajo muestra las etapas que han formado parte de la intervención de terapia ocupacional (T.O) en el tratamiento y protetización con mano Michelanguelo en la amputación de miembro superior a causa de un accidente laboral. Aunque el tratamiento se plantea desde el departamento de T.O., es una labor de equipo donde al final del tratamiento se refleja la importancia, no solo de los rendimientos funcionales alcanzados por el paciente, sino también de la importancia que tiene en toda rehabilitación un buen equilibrio emocional.  The present work shows the steps that have been part of the intervention of Occupational Therapy (OT) in the treatment and supply with Michelanguelo hand in upper limb amputation because of an accident. Although treatment arises from the OT department is a team effort where the end of treatment reflects the importance not only of functional yields achieved by the patient, but also the importance of rehabilitation across a good balance emotional.</dc:description>
  <dc:format>pdf</dc:format>
  <dc:language>spa</dc:language>
  <dc:type>info:eu-repo/semantics/bachelorThesis</dc:type>
  <dc:rights>by-nc-sa</dc:rights>
  <dc:rights>http://creativecommons.org/licenses/by-nc-sa/3.0/</dc:rights>
</oai_dc:dc>