<?xml version="1.0" encoding="UTF-8"?><oai_dc:dc xmlns:oai_dc="http://www.openarchives.org/OAI/2.0/oai_dc/" xmlns:dc="http://purl.org/dc/elements/1.1/" xmlns:xsi="http://www.w3.org/2001/XMLSchema-instance" xsi:schemaLocation="http://www.openarchives.org/OAI/2.0/oai_dc/ http://www.openarchives.org/OAI/2.0/oai_dc.xsd">
  <dc:creator>Cervera Pastor, Javier</dc:creator>
  <dc:creator>Pérez Sanz, José Raúl</dc:creator>
  <dc:title>Principales cuidados de enfermería en el manejo del síndrome de cautiverio. Vivir atrapado en un cuerpo que no responde</dc:title>
  <dc:identifier>http://zaguan.unizar.es/record/10795</dc:identifier>
  <dc:subject>síndrome de cautiverio</dc:subject>
  <dc:subject>síndrome locked-in</dc:subject>
  <dc:subject>plan de cuidados</dc:subject>
  <dc:subject>coma</dc:subject>
  <dc:subject>estado vegetativo</dc:subject>
  <dc:subject>comunicación</dc:subject>
  <dc:publisher>Universidad de Zaragoza</dc:publisher>
  <dc:date>2013</dc:date>
  <dc:description>El síndrome de cautiverio (locked-in syndrome)(SC) es un proceso de origen vascular que daña porciones importantes del tronco cerebral, sin dañar los hemisferios. Se caracteriza por la parálisis completa de los músculos voluntarios de todas las partes del organismo. El individuo siente, oye, ve, tiene preservación de la conciencia, capacidad cognitiva y respiración pero es incapaz de moverse. Únicamente mantiene la capacidad de mover los párpados y los ojos en sentido vertical, medio por el cual pueden comunicarse con el exterior. Esta comunicación va a ser el gran desafío para los profesionales, que tendremos que hacer uso de nuestras habilidades comunicativas y creativas estableciendo así un sistema de comunicación adecuado a cada caso prestando atención a las señales que el paciente envía y sirviéndonos de las escalas pertinentes e interpretarlas correctamente, sin olvidar la formación que debe adquirir el cuidador principal para satisfacer la demanda de cuidados del paciente. Esta patología siempre ha despertado el interés de escritores y directores de cine y televisión, que han descrito personajes con este síndrome. Asimismo, contamos con relatos en primera persona de pacientes que han sufrido este cuadro y que han escrito su experiencia. Con este trabajo se pretende elaborar un plan de cuidados de enfermería orientado a las múltiples necesidades que los pacientes con esta particular patología necesitan.</dc:description>
  <dc:format>pdf</dc:format>
  <dc:language>spa</dc:language>
  <dc:type>info:eu-repo/semantics/bachelorThesis</dc:type>
  <dc:rights>by-nc-sa</dc:rights>
  <dc:rights>http://creativecommons.org/licenses/by-nc-sa/3.0/</dc:rights>
</oai_dc:dc>