<?xml version="1.0" encoding="UTF-8"?><oai_dc:dc xmlns:oai_dc="http://www.openarchives.org/OAI/2.0/oai_dc/" xmlns:dc="http://purl.org/dc/elements/1.1/" xmlns:xsi="http://www.w3.org/2001/XMLSchema-instance" xsi:schemaLocation="http://www.openarchives.org/OAI/2.0/oai_dc/ http://www.openarchives.org/OAI/2.0/oai_dc.xsd">
  <dc:creator>Cabañero Sueiro, Isaac</dc:creator>
  <dc:creator>Bolea Catalán, María Pilar</dc:creator>
  <dc:title>Ecuaciones y sistemas de ecuaciones en 3º de E.S.O.</dc:title>
  <dc:identifier>http://zaguan.unizar.es/record/11147</dc:identifier>
  <dc:subject>ecuaciones</dc:subject>
  <dc:subject>sistemas de ecuaciones</dc:subject>
  <dc:subject>algebra</dc:subject>
  <dc:publisher>Universidad de Zaragoza</dc:publisher>
  <dc:date>2013</dc:date>
  <dc:description>Se trata de un estudio completo de un objeto matemático de 3º de E.S.O. como son las Ecuaciones y sistemas de ecuaciones desde el punto de vista docente. En este estudio, en relación a dicho objeto matemático, se indican los siguientes apartados: su definición, su estado de la enseñanza-aprendizaje, los conocimientos previos que el alumno requiere disponer para abordarlo, sus razones de ser, su campo de problemas y sus respectivas técnicas y tecnologías, su secuencia didáctica y su cronograma propuestos y, finalmente, una prueba de evaluación para cerciorarnos de que los alumnos han asimilado correctamente dicho objeto matemático.</dc:description>
  <dc:format>pdf</dc:format>
  <dc:language>spa</dc:language>
  <dc:type>info:eu-repo/semantics/masterThesis</dc:type>
  <dc:rights>by-nc-sa</dc:rights>
  <dc:rights>http://creativecommons.org/licenses/by-nc-sa/3.0/</dc:rights>
</oai_dc:dc>