<?xml version="1.0" encoding="UTF-8"?><oai_dc:dc xmlns:oai_dc="http://www.openarchives.org/OAI/2.0/oai_dc/" xmlns:dc="http://purl.org/dc/elements/1.1/" xmlns:xsi="http://www.w3.org/2001/XMLSchema-instance" xsi:schemaLocation="http://www.openarchives.org/OAI/2.0/oai_dc/ http://www.openarchives.org/OAI/2.0/oai_dc.xsd">
  <dc:creator>Sánchez Anoro, Antonio</dc:creator>
  <dc:creator>Baselga Ariño, Santiago</dc:creator>
  <dc:title>Eficiencia de engranajes de dentado recto</dc:title>
  <dc:identifier>http://zaguan.unizar.es/record/10065</dc:identifier>
  <dc:subject>engranajes</dc:subject>
  <dc:subject>rendimiento</dc:subject>
  <dc:subject>eficiencia</dc:subject>
  <dc:publisher>Universidad de Zaragoza</dc:publisher>
  <dc:date>2013</dc:date>
  <dc:description>El estudio del rendimiento de las transmisiones por engranajes es un importante aspecto a considerar en el proceso de diseño, debido tanto al coste económico como al impacto medioambiental que las pérdidas mecánicas llevan consigo. Aunque el rendimiento de los engranajes rectos es siempre elevado, el calor producido por rozamiento puede provocar la aparición de defectos superficiales tras periodos de funcionamiento más cortos de los esperados.</dc:description>
  <dc:format>pdf</dc:format>
  <dc:language>spa</dc:language>
  <dc:type>info:eu-repo/semantics/masterThesis</dc:type>
  <dc:rights>by-nc-sa</dc:rights>
  <dc:rights>http://creativecommons.org/licenses/by-nc-sa/3.0/</dc:rights>
</oai_dc:dc>