<?xml version="1.0" encoding="UTF-8"?><oai_dc:dc xmlns:oai_dc="http://www.openarchives.org/OAI/2.0/oai_dc/" xmlns:dc="http://purl.org/dc/elements/1.1/" xmlns:xsi="http://www.w3.org/2001/XMLSchema-instance" xsi:schemaLocation="http://www.openarchives.org/OAI/2.0/oai_dc/ http://www.openarchives.org/OAI/2.0/oai_dc.xsd">
  <dc:creator>Estremera Beunza, Ohiane</dc:creator>
  <dc:creator>Villarroya Aparicio, María Adoración</dc:creator>
  <dc:creator>García Lázaro, Ruth</dc:creator>
  <dc:title>Efecto del asiento moldeado pélvico en el control postural en sedestación en un caso de PCI</dc:title>
  <dc:identifier>http://zaguan.unizar.es/record/10802</dc:identifier>
  <dc:subject>parálisis cerebral infantil</dc:subject>
  <dc:subject>asiento moldeado pélvico</dc:subject>
  <dc:publisher>Universidad de Zaragoza</dc:publisher>
  <dc:date>2013</dc:date>
  <dc:description>Introducción.  La parálisis cerebral infantil (PCI) agrupa una serie de trastornos que suelen afectar a la postura, equilibrio y a la forma de organizar y ejecutar el movimiento, lo que puede llevar a adquirir posturas anormales que interfieran en la sedestación. Para intentar evitar ésto, se propone la utilización, dentro de la intervención fisioterápica, de un asiento moldeado pélvico que proporcione una alineación adecuada de la sedestación en los tres planos del espacio. Objetivo. Verificar si con la utilización de un asiento moldeado activo, durante aproximadamente 6 horas diarias, se mejora el control postural en sedestación tras 7 meses de aplicación. Metodología. El sujeto de estudio es un niño de 5 años, diagnosticado de encefalopatía aguda diseminada, al que se le realiza la “Valoración de la Sedestación en la Discapacidad Infantil. EISD”, entre otras valoraciones, a partir de las cuales se cree oportuno añadir a su tratamiento fisioterápico un asiento moldeado pélvico de escayola siguiendo la técnica propuesta por Le Métayer. Desarrollo. Tras 7 meses de tratamiento y 4 valoraciones durante el estudio, se observó una mejora en el control postural del niño en sedestación, pasando de un nivel 2 en la escala de valoración funcional de la sedestación a un 4. Conclusiones. A pesar de ser un estudio de caso clínico, los resultados obtenidos en el mismo sugieren  que la aplicación de un asiento moldeado puede ser efectiva en la mejora de la sedestación en la PCI.</dc:description>
  <dc:format>pdf</dc:format>
  <dc:language>spa</dc:language>
  <dc:type>info:eu-repo/semantics/bachelorThesis</dc:type>
  <dc:rights>by-nc-sa</dc:rights>
  <dc:rights>http://creativecommons.org/licenses/by-nc-sa/3.0/</dc:rights>
</oai_dc:dc>