<?xml version="1.0" encoding="UTF-8"?><oai_dc:dc xmlns:oai_dc="http://www.openarchives.org/OAI/2.0/oai_dc/" xmlns:dc="http://purl.org/dc/elements/1.1/" xmlns:xsi="http://www.w3.org/2001/XMLSchema-instance" xsi:schemaLocation="http://www.openarchives.org/OAI/2.0/oai_dc/ http://www.openarchives.org/OAI/2.0/oai_dc.xsd">
  <dc:creator>Giménez Maurel, Teresa</dc:creator>
  <dc:creator>Borrego Estella, Vicente Manuel</dc:creator>
  <dc:creator>Serrablo Requejo, Alejandro</dc:creator>
  <dc:creator>Molinos Arruebo, Irene</dc:creator>
  <dc:title>Estudio de las complicaciones postoperatorias en 250 pacientes intervenidos de metástasis hepáticas de adenocarcinoma colorrectal</dc:title>
  <dc:identifier>http://zaguan.unizar.es/record/11150</dc:identifier>
  <dc:publisher>Universidad de Zaragoza</dc:publisher>
  <dc:date>2013</dc:date>
  <dc:description>Objetivos:  1.- Comprobar si se cumplen los estándares de calidad actuales en el tratamiento quirúrgico de los pacientes con metástasis hepáticas de cáncer colorrectal-MHCCR en nuestra unidad de cirugía hepática de referencia, en base a los datos de morbimortalidad del postoperatorio inmediato y a su influencia sobre los resultados a largo plazo (supervivencia global y supervivencia libre de enfermedad). 2.- Detectar qué factores pronósticos preoperatorios (dependientes del paciente y de las metástasis hepáticas-MH), han influido en los resultados a corto plazo (morbilidad y mortalidad del postoperatorio inmediato) de los pacientes intervenidos con MHCCR de nuestra serie.  3.- Reconocer qué factores pronósticos dependientes de la propia resección hepática, han influido en los resultados a corto plazo (morbilidad y mortalidad del postoperatorio inmediato) de los pacientes intervenidos con MHCCR de nuestra serie. Metodología: Se ha realizado un estudio retrospectivo a partir de una base de datos completada de forma prospectiva con los datos de 250 pacientes intervenidos quirúrgicamente de cualquier tipo de resección hepática con intención curativa (292 resecciones hepáticas), desde enero de 2004 hasta julio de 2012.  Todos los pacientes se habían diagnosticado de adenocarcinoma colorrectal confirmado histológicamente (tanto en nuestro hospital como en otros centros) y presentaban MHCCR, sincrónicas o metacrónicas, consideradas resecables en el momento de la decisión quirúrgica. Como punto de partida para la recogida de datos, se asumió el momento del diagnóstico de las MHCCR, realizando desde 2004 un muestreo consecutivo para no introducir sesgos de selección muestral y evitar así la selección de los casos más favorables. Ha sido necesaria la colaboración multidisciplinar, además del Servicio de Cirugía General y del Aparato Digestivo, de los Servicios de Anatomía Patológica, Oncología, Radiología, Anestesiología, Medicina Nuclear, Digestivo, Microbiología y Bioquímica del Hospital Universitario Miguel Servet de Zaragoza. Con el objetivo de evaluar comparativamente el efecto de la morbimortalidad en los pacientes con MHCCR (n=250) dividimos la muestra en 2 cohortes o grupos de pacientes en función de si presentaron complicaciones postoperatorias (n=81, 32.4%) o no (n=169, 67.6%) y de si fallecieron (n=7, 2.8%) o no (n=243, 97.2%) en el postoperatorio inmediato. Las complicaciones postoperatorias (incluyendo mortalidad) se definieron a 90 días según clasificación Clavien-Dindo 2004-2009. Todos los grupos se compararon según las características clínicopatológicas definidas posteriormente en nuestro estudio. Las variables categóricas-cualitativas se compararon por test-χ2 y las continuas con test-T-Student para detectar diferencias entre los dos grupos. Las complicaciones postoperatorias (incluyendo mortalidad) se definieron a 90 días según clasificación Clavien-Dindo 2004-2009. Se realizó un análisis univariante y multivariante-regresión-logística-Cox para todas las variables que en el univariante presentaban un p-valor p&lt;0.100 mediante programa SPSS™-15.0 considerando un p-valor&lt;0.05 como estadísticamente significativo.  Tras realizar esta comparación, procedimos en las cohortes de pacientes a determinar y comparar los resultados obtenidos a largo plazo tras la primera hepatectomía (curvas Kaplan-Meier comparadas por un logrank-test de supervivencia actuarial global-SG y de supervivencia libre de enfermedad-SLE a 1, 3 y 5 años respectivamente). Las variables estudiadas se numeraron correlativamente, así como también las posibles respuestas de las mismas. Todas las variables fueron independientes o aisladas, sin existir respuestas coincidentes dentro de una misma variable. Tras valorar todos los parámetros se llevó a cabo una codificación general con 18 variables. Se realizó una ficha en soporte informático en la que se recogen datos básicos del paciente, datos clínicos y analíticos que posteriormente evaluaremos y que se encuentran reunidas bajo cuatro apartados fundamentales: A. Datos de filiación/comorbilidad del paciente B. Datos del diagnóstico de las metástasis hepáticas C. Datos de la resección hepática D. Datos del seguimiento postoperatorio. Este trabajo ha sido el inicio de un estudio a largo plazo, que continúa en la actualidad dentro de la Unidad de Cirugía Hepatobiliopancreática perteneciente al Servicio de Cirugía General y del Aparato Digestivo del Hospital Universitario Miguel Servet de Zaragoza y por el que se pretende seguir estudiando las consecuencias del cáncer colorrectal y de su abordaje en un hospital de las características ya descritas. Los pacientes fueron informados en todo momento de la utilización de los datos de su historia clínica para la realización del estudio, obteniendo una respuesta masiva y positiva, no encontrándose ninguna abstención ni negativa a su inclusión en el trabajo. Todos los pacientes están incluidos en el listado. Todos los datos referentes al paciente, así como las exploraciones complementarias diagnósticas, los aspectos relacionados con la técnica quirúrgica y el seguimiento se incluyeron en un protocolo diseñado de forma prospectiva.  Siguiendo esta metodología y en función de los objetivos propuestos, hemos obtenido una serie de resultados que se han discutido dentro del contexto de la bibliografía actual más relevante del tema y hemos llegado a unas conclusiones que se expondrán en la presentación del trabajo fin de Máster.</dc:description>
  <dc:format>pdf</dc:format>
  <dc:language>spa</dc:language>
  <dc:type>info:eu-repo/semantics/masterThesis</dc:type>
  <dc:rights>by-nc-sa</dc:rights>
  <dc:rights>http://creativecommons.org/licenses/by-nc-sa/3.0/</dc:rights>
</oai_dc:dc>