<?xml version="1.0" encoding="UTF-8"?><oai_dc:dc xmlns:oai_dc="http://www.openarchives.org/OAI/2.0/oai_dc/" xmlns:dc="http://purl.org/dc/elements/1.1/" xmlns:xsi="http://www.w3.org/2001/XMLSchema-instance" xsi:schemaLocation="http://www.openarchives.org/OAI/2.0/oai_dc/ http://www.openarchives.org/OAI/2.0/oai_dc.xsd">
  <dc:creator>Segura Pérez-Chuecos, María Carmen</dc:creator>
  <dc:creator>Cambra Aliaga, Alba</dc:creator>
  <dc:creator>Olivar Noguera, Ignacio</dc:creator>
  <dc:title>Intervención de terapia ocupacional en un caso de disfunción en la habituación</dc:title>
  <dc:identifier>http://zaguan.unizar.es/record/10933</dc:identifier>
  <dc:subject>habituación</dc:subject>
  <dc:subject>modelo de ocupación humana</dc:subject>
  <dc:subject>ocupación</dc:subject>
  <dc:publisher>Universidad de Zaragoza</dc:publisher>
  <dc:date>2013</dc:date>
  <dc:description>Intervención de terapia ocupacional realizada en la Escuela de Jardinería El Pinar. El modelo de terapia ocupacional que se utiliza es el Modelo de Ocupación Humana de Gary Kielhofner.</dc:description>
  <dc:format>pdf</dc:format>
  <dc:language>spa</dc:language>
  <dc:type>info:eu-repo/semantics/bachelorThesis</dc:type>
  <dc:rights>by-nc-sa</dc:rights>
  <dc:rights>http://creativecommons.org/licenses/by-nc-sa/3.0/</dc:rights>
</oai_dc:dc>