<?xml version="1.0" encoding="UTF-8"?><oai_dc:dc xmlns:oai_dc="http://www.openarchives.org/OAI/2.0/oai_dc/" xmlns:dc="http://purl.org/dc/elements/1.1/" xmlns:xsi="http://www.w3.org/2001/XMLSchema-instance" xsi:schemaLocation="http://www.openarchives.org/OAI/2.0/oai_dc/ http://www.openarchives.org/OAI/2.0/oai_dc.xsd">
  <dc:creator>Pascual Sevilla, Sara</dc:creator>
  <dc:creator>Martínez Gracia, Amaya</dc:creator>
  <dc:creator>Uche Marcuello, Javier</dc:creator>
  <dc:title>Análisis del ciclo de vida y huella hídrica del proceso de elaboración del queso fresco</dc:title>
  <dc:identifier>http://zaguan.unizar.es/record/10647</dc:identifier>
  <dc:publisher>Universidad de Zaragoza</dc:publisher>
  <dc:date>2013</dc:date>
  <dc:description>Con este Proyecto Fin de Carrera se acomete un Análisis del Ciclo de Vida y un cálculo de la Huella Hídrica que se centra en el proceso de fabricación del queso fresco, para determinar los impactos ambientales ocasionados y la cantidad de agua consumida por este proceso.</dc:description>
  <dc:format>pdf</dc:format>
  <dc:language>spa</dc:language>
  <dc:type>info:eu-repo/semantics/masterThesis</dc:type>
  <dc:rights>by-nc-sa</dc:rights>
  <dc:rights>http://creativecommons.org/licenses/by-nc-sa/3.0/</dc:rights>
</oai_dc:dc>