<?xml version="1.0" encoding="UTF-8"?><oai_dc:dc xmlns:oai_dc="http://www.openarchives.org/OAI/2.0/oai_dc/" xmlns:dc="http://purl.org/dc/elements/1.1/" xmlns:xsi="http://www.w3.org/2001/XMLSchema-instance" xsi:schemaLocation="http://www.openarchives.org/OAI/2.0/oai_dc/ http://www.openarchives.org/OAI/2.0/oai_dc.xsd">
  <dc:creator>Sanagustín Franco, Alberto</dc:creator>
  <dc:creator>Vidal Cortés, Mariano</dc:creator>
  <dc:creator>Boné Garasa, Antonio</dc:creator>
  <dc:title>Diseño de una nave industrial dedicada a los trasteros</dc:title>
  <dc:identifier>http://zaguan.unizar.es/record/10393</dc:identifier>
  <dc:subject>estructura metálica </dc:subject>
  <dc:subject>hormigón armado </dc:subject>
  <dc:subject>instalaciones</dc:subject>
  <dc:publisher>Universidad de Zaragoza</dc:publisher>
  <dc:date>2013</dc:date>
  <dc:description>En este proyecto de fin de carrera se han estudiado las obras e instalaciones necesarias para la puesta en funcionamiento de una nave de trasteros para salvaguardar de bienes y material de empresas o particulares que quieran contratar este servicio. La justificación para realizar este proyecto es la falta de servicio que en la ciudad de Huesca y alrededores, es decir, ofrecer un nuevo servicio, debido a la falta de espacio para guardar bienes tanto empresas (máquinas de poco uso pero importantes, archivos, material de oficina,...) y además puede dar puestos de trabajo dentro de los campos laborables de mantenimiento, vigilancia y oficina. Los documentos del proyecto son: -	Memoria - Anejos: o Cálculos justificativos:  Acciones sobre la estructura  Material que se aplica en la estructura o Instalaciones:  Fontanería  Saneamiento  Eléctrico  Contraincendios o Producción y gestión de residuos o	Justificación urbanística - Impacto Ambiental - Estudio básico de Seguridad y Salud -	Pliego de prescripciones técnicas - Planos - Presupuesto. La parcela tiene 113 metros de largo por 33 metros de ancho, dentro de dicha parcela se encuentra una nave de estructura metálica de 40 metros de largo y 17 metros de ancho, con una cubierta de dos aguas con una pendiente del 10%, la cimentación será con hormigón armado cuya resistencia característica a compresión del hormigón es de 250 kp/cm2 y el acero es de B-400S. En las instalaciones saneamiento y fontanería cumplen las condiciones impuestas por el Código Técnico de Edificación, la eléctrica, la instalación eléctrica de baja tensión cumple el Reglamento Electrotécnico de Baja Tensión, y la instalación de contraincendios cumple el Reglamento de seguridad contra incendios en los establecimientos industriales, tal y como indica el artículo 11 del Documento Básico SI Seguridad en caso de incendio del Código Técnico de Edificación. La distribución de la nave y de la parcela cumple con el Plan General de Ordenación Urbanística del Excelentísimo Ayuntamiento de Huesca.</dc:description>
  <dc:format>pdf</dc:format>
  <dc:language>spa</dc:language>
  <dc:type>info:eu-repo/semantics/masterThesis</dc:type>
  <dc:rights>by-nc-sa</dc:rights>
  <dc:rights>http://creativecommons.org/licenses/by-nc-sa/3.0/</dc:rights>
</oai_dc:dc>