<?xml version="1.0" encoding="UTF-8"?><oai_dc:dc xmlns:oai_dc="http://www.openarchives.org/OAI/2.0/oai_dc/" xmlns:dc="http://purl.org/dc/elements/1.1/" xmlns:xsi="http://www.w3.org/2001/XMLSchema-instance" xsi:schemaLocation="http://www.openarchives.org/OAI/2.0/oai_dc/ http://www.openarchives.org/OAI/2.0/oai_dc.xsd">
  <dc:creator>Horcas Herrera, María</dc:creator>
  <dc:creator>Monteagudo Egea, Lucía</dc:creator>
  <dc:title>Plan de intervención: Estimulación de la memoria en un caso único de demencia mixta. Intervención desde terapia ocupacional</dc:title>
  <dc:identifier>http://zaguan.unizar.es/record/10845</dc:identifier>
  <dc:subject>demencia</dc:subject>
  <dc:subject>estimulación cognitiva</dc:subject>
  <dc:publisher>Universidad de Zaragoza</dc:publisher>
  <dc:date>2013</dc:date>
  <dc:description>El trabajo se centra en un plan de intervención desde terapia ocupacional en una paciente con demencia mixta (Alzheimer y vascular). El punto de partida de la intervención son las quejas de memoria que la paciente expresa, por lo que la intervención se realiza, desde un enfoque cognitivo, mediante la realización de una serie de actividades para la estimulación de la memoria; con el objetivo final de frenar el deterioro cognitivo y mantener la calidad de vida de la usuaria. El desarrollo de la intervención se lleva a cabo en el centro de día al que acude, durante 10 sesiones, en las que se realiza una valoración inicial antes del tratamiento y una valoración final para valorar los resultados obtenidos.  Finalmente observamos que las capacidades cognitivas se han mantenido y el deterioro no ha progresado, por lo que se recomienda que se siga realizando actividades de estimulación de la memoria para mantener las capacidades residuales y, por consiguiente, la calidad de vida de la usuaria.</dc:description>
  <dc:format>pdf</dc:format>
  <dc:language>spa</dc:language>
  <dc:type>info:eu-repo/semantics/bachelorThesis</dc:type>
  <dc:rights>by-nc-sa</dc:rights>
  <dc:rights>http://creativecommons.org/licenses/by-nc-sa/3.0/</dc:rights>
</oai_dc:dc>