<?xml version="1.0" encoding="UTF-8"?><oai_dc:dc xmlns:oai_dc="http://www.openarchives.org/OAI/2.0/oai_dc/" xmlns:dc="http://purl.org/dc/elements/1.1/" xmlns:xsi="http://www.w3.org/2001/XMLSchema-instance" xsi:schemaLocation="http://www.openarchives.org/OAI/2.0/oai_dc/ http://www.openarchives.org/OAI/2.0/oai_dc.xsd">
  <dc:creator>Fernández Gonzalo, David</dc:creator>
  <dc:creator>López Forniés, Ignacio</dc:creator>
  <dc:title>Estudio y rediseño de cajas de distribución eléctrica a partir de metodologías y técnicas basadas en ecodiseño</dc:title>
  <dc:identifier>http://zaguan.unizar.es/record/10177</dc:identifier>
  <dc:subject>ecodiseño</dc:subject>
  <dc:publisher>Universidad de Zaragoza</dc:publisher>
  <dc:date>2013</dc:date>
  <dc:description>Mediante unas especifi caciones previas, tales como número de piezas, complejidad de componentes y producción industrial, se ha escogido un producto susceptible de ser analizado y estudiado para a través de varios procesos reducir su impacto medioambiental, y en la medida de lo posible también otros factores como el coste.</dc:description>
  <dc:format>pdf</dc:format>
  <dc:language>spa</dc:language>
  <dc:type>info:eu-repo/semantics/bachelorThesis</dc:type>
  <dc:rights>by-nc-sa</dc:rights>
  <dc:rights>http://creativecommons.org/licenses/by-nc-sa/3.0/</dc:rights>
</oai_dc:dc>