<?xml version="1.0" encoding="UTF-8"?><oai_dc:dc xmlns:oai_dc="http://www.openarchives.org/OAI/2.0/oai_dc/" xmlns:dc="http://purl.org/dc/elements/1.1/" xmlns:xsi="http://www.w3.org/2001/XMLSchema-instance" xsi:schemaLocation="http://www.openarchives.org/OAI/2.0/oai_dc/ http://www.openarchives.org/OAI/2.0/oai_dc.xsd">
  <dc:creator>Izquierdo Ibáñez, Saúl</dc:creator>
  <dc:creator>López Forniés, Ignacio</dc:creator>
  <dc:title>Diseño de una carcasa por medio de estudios biónicos a partir del estudio del exoesqueleto de los artrópodos</dc:title>
  <dc:identifier>http://zaguan.unizar.es/record/10297</dc:identifier>
  <dc:subject>diseño de carcaras</dc:subject>
  <dc:subject>biónica</dc:subject>
  <dc:subject>exoesqueleto</dc:subject>
  <dc:subject>artrópodos</dc:subject>
  <dc:publisher>Universidad de Zaragoza</dc:publisher>
  <dc:date>2013</dc:date>
  <dc:description>El presente Trabajo Fin de Grado pretende la obtención de soluciones a problemas relacionados con las carcasas y los productos a los que se aplican. Esas soluciones se extraen a partir de estudios biónicos, es decir, del estudio de la naturaleza para su aplicación en la tecnología, más concretamente, este proyecto se centra en el estudio del exoesqueleto de los artrópodos, por sus similitudes con las carcasas en cuanto a sus funciones principales.</dc:description>
  <dc:format>pdf</dc:format>
  <dc:language>spa</dc:language>
  <dc:type>info:eu-repo/semantics/bachelorThesis</dc:type>
  <dc:rights>by-nc-sa</dc:rights>
  <dc:rights>http://creativecommons.org/licenses/by-nc-sa/3.0/</dc:rights>
</oai_dc:dc>