<?xml version="1.0" encoding="UTF-8"?><oai_dc:dc xmlns:oai_dc="http://www.openarchives.org/OAI/2.0/oai_dc/" xmlns:dc="http://purl.org/dc/elements/1.1/" xmlns:xsi="http://www.w3.org/2001/XMLSchema-instance" xsi:schemaLocation="http://www.openarchives.org/OAI/2.0/oai_dc/ http://www.openarchives.org/OAI/2.0/oai_dc.xsd">
  <dc:creator>Esteban Peralta, Yolanda</dc:creator>
  <dc:creator>Labay Matías, Miguel Víctor</dc:creator>
  <dc:title>Seroprevalencia de anticuerpos frente al Treponema Pallidum, Toxoplasma Gondii, virus de la Rubéola, virus de la Hepatitis B y C y VIH, en las parturientas del Hospital Obispo Polanco</dc:title>
  <dc:identifier>http://zaguan.unizar.es/record/10550</dc:identifier>
  <dc:subject>embarazada</dc:subject>
  <dc:subject>anticuerpos</dc:subject>
  <dc:subject>marcadores serológicos </dc:subject>
  <dc:subject>prevalencia </dc:subject>
  <dc:subject>treponema pallidum </dc:subject>
  <dc:subject>toxoplasmosis </dc:subject>
  <dc:subject>rubéola</dc:subject>
  <dc:subject>hepatitis b</dc:subject>
  <dc:subject>hepatitis c </dc:subject>
  <dc:subject>VIH</dc:subject>
  <dc:subject>inmigrante </dc:subject>
  <dc:subject>España</dc:subject>
  <dc:subject>Teruel</dc:subject>
  <dc:publisher>Universidad de Zaragoza</dc:publisher>
  <dc:date>2013</dc:date>
  <dc:description>Objetivo: Conocer la prevalencia de anticuerpos frente a T. Gondii, T. Pallidum, virus de la hepatitis B y C (VHB, VHC), virus de la Rubéola y virus de la inmunodeficiencia humana (VIH) en las gestantes. Material y métodos: Desde enero a junio del 2012 se llevó a cabo un estudio descriptivo observacional transversal retrospectivo en el Hospital Obispo Polanco de Teruel. Se determinó la prevalencia frente a los citados  marcadores serológicos en todas las gestantes que dieron a luz durante este periodo. Resultados: De las 278 mujeres, 195 eran españolas. Ninguna de las mujeres presentó anticuerpos frente al VIH ni frente al T. Pallidum. Se detectó anticuerpos frente a T. Gondii en 3 gestantes (1,1%), las cuales eran españolas. De las 223 (80,2 %) mujeres que presentaron protección frente a la Rubéola, 158 eran españolas (81%), correspondiendo las tasas más bajas de protección a África con 33 gestantes (75%) y América con 12 (80%). Se observó positividad frente a VHB en 59 mujeres (21,2%), de estas 49 eran españolas (25,1%), las de menor positividad fueron las africanas con 3 casos (6,8%). Con respecto al VHC, se mostró infección en 2 gestantes (0,7%), una era española (0,5%) y la otra cubana. En las asiáticas y africanas no se encontraron casos de hepatitis C. Conclusión: Las españolas son las que más anticuerpos presentan en relación al T. Gondii, VHB y VHC. Frente a T. Pallidum y VIH no presentan anticuerpos. La tasa de protección frente a la Rubéola también es mayor en las gestantes autóctonas.</dc:description>
  <dc:format>pdf</dc:format>
  <dc:language>spa</dc:language>
  <dc:type>info:eu-repo/semantics/bachelorThesis</dc:type>
  <dc:rights>by-nc-sa</dc:rights>
  <dc:rights>http://creativecommons.org/licenses/by-nc-sa/3.0/</dc:rights>
</oai_dc:dc>