<?xml version="1.0" encoding="UTF-8"?><oai_dc:dc xmlns:oai_dc="http://www.openarchives.org/OAI/2.0/oai_dc/" xmlns:dc="http://purl.org/dc/elements/1.1/" xmlns:xsi="http://www.w3.org/2001/XMLSchema-instance" xsi:schemaLocation="http://www.openarchives.org/OAI/2.0/oai_dc/ http://www.openarchives.org/OAI/2.0/oai_dc.xsd">
  <dc:creator>Urchaga Bernad, Carlos</dc:creator>
  <dc:creator>Aísa Arenaz, Jorge</dc:creator>
  <dc:title>Diseño y desarrollo del subconjunto patín de un contenedor de residuos sólidos urbanos</dc:title>
  <dc:identifier>http://zaguan.unizar.es/record/10158</dc:identifier>
  <dc:subject>contenedor rsu</dc:subject>
  <dc:subject>inyección de plásticos</dc:subject>
  <dc:subject>patín</dc:subject>
  <dc:subject>carga lateral</dc:subject>
  <dc:publisher>Universidad de Zaragoza</dc:publisher>
  <dc:date>2013</dc:date>
  <dc:description>Los Contenedores de Residuos Sólidos Urbanos de Carga Lateral, en su fondo presentan unos elementos que por una parte protegen el cuerpo del cubo y por otro ayudan a desplazarlos cuando el camión de recogida interactúa con ellos. Están formados por un elemento rodante (rodillo) y un soporte que va fijado al fondo del contenedor. Estos elementos son los patines y representan el objeto del proyecto. Se realizará un estudio sobre la innovación y desarrollo de un patín. En este contexto se desarrollarán los siguientes apartados: memoria del producto, información técnica (planos) y presupuesto. El objetivo de este proyecto es diseñar un patín que cumpla con su adecuada relación entre forma y función y que además lo haga de la forma más económica posible. Así mismo, el proyecto también ha de definir y delimitar cada una de las partes y aspectos del producto, así como su plan de fabricación y producción, justificando la toma de decisiones en el desarrollo del mismo. Esta definición servirá para conocer la viabilidad del proyecto y para valorar la continuidad del mismo. El diseño del patín será fabricado por la empresa “Contenur” la cual adquirirá los componentes comerciales que se indican en apartados posteriores de proveedores diversos y fabricará los diseños propios, ensamblando ambas partes en su cadena de montaje. Descrito por puntos, las mejoras actúan en torno a:- Cantidad de material utilizado para fabricar el producto. Esta medida servirá a la empresa para optimizar el beneficio.- Disminución en el número de componentes, lo cual también abaratará el producto.- Redefinición de la función (y por tanto de la forma) del patín debido a una modificación en el cuerpo del cubo.</dc:description>
  <dc:format>pdf</dc:format>
  <dc:language>spa</dc:language>
  <dc:type>info:eu-repo/semantics/bachelorThesis</dc:type>
  <dc:rights>by-nc-sa</dc:rights>
  <dc:rights>http://creativecommons.org/licenses/by-nc-sa/3.0/</dc:rights>
</oai_dc:dc>