<?xml version="1.0" encoding="UTF-8"?><oai_dc:dc xmlns:oai_dc="http://www.openarchives.org/OAI/2.0/oai_dc/" xmlns:dc="http://purl.org/dc/elements/1.1/" xmlns:xsi="http://www.w3.org/2001/XMLSchema-instance" xsi:schemaLocation="http://www.openarchives.org/OAI/2.0/oai_dc/ http://www.openarchives.org/OAI/2.0/oai_dc.xsd">
  <dc:creator>Pérez Muñoz, Pablo</dc:creator>
  <dc:creator>Albajez García, José Antonio</dc:creator>
  <dc:title>Estimación del efecto de las condiciones ambientales sobre la incertidumbre de medida de una Laser Tracker</dc:title>
  <dc:identifier>http://zaguan.unizar.es/record/10184</dc:identifier>
  <dc:subject>medición por coordenadas</dc:subject>
  <dc:subject>laser tracker</dc:subject>
  <dc:subject>índice de refracción</dc:subject>
  <dc:subject>condiciones ambientales</dc:subject>
  <dc:subject>incertidumbre</dc:subject>
  <dc:publisher>Universidad de Zaragoza</dc:publisher>
  <dc:date>2013</dc:date>
  <dc:description>En este Proyecto Fin de Carrera se han estudiado los efectos que tienen las variaciones de las condiciones atmosféricas sobre el valor de las mediciones mediante Laser Tracker así como su contribución a la incertidumbre asociada a dicha medición según los pasos marcados por la G.U.M. (Guía para la expresión de la Incertidumbre de Medida). Esto se ha realizado mediante simulaciones con MATLAB realizando un modelo simplificado del error que provoca la información incompleta que recibe el Laser Tracker  y realizando ensayos experimentales.</dc:description>
  <dc:format>pdf</dc:format>
  <dc:language>spa</dc:language>
  <dc:type>info:eu-repo/semantics/masterThesis</dc:type>
  <dc:rights>by-nc-sa</dc:rights>
  <dc:rights>http://creativecommons.org/licenses/by-nc-sa/3.0/</dc:rights>
</oai_dc:dc>