<?xml version="1.0" encoding="UTF-8"?><oai_dc:dc xmlns:oai_dc="http://www.openarchives.org/OAI/2.0/oai_dc/" xmlns:dc="http://purl.org/dc/elements/1.1/" xmlns:xsi="http://www.w3.org/2001/XMLSchema-instance" xsi:schemaLocation="http://www.openarchives.org/OAI/2.0/oai_dc/ http://www.openarchives.org/OAI/2.0/oai_dc.xsd">
  <dc:creator>Badía Romano, Elena</dc:creator>
  <dc:creator>Lucha López, Ana Carmen</dc:creator>
  <dc:title>Actuación de enfermería ante las complicaciones del paciente colostomizado</dc:title>
  <dc:identifier>http://zaguan.unizar.es/record/10814</dc:identifier>
  <dc:subject>ostomía</dc:subject>
  <dc:subject>estomaterapia</dc:subject>
  <dc:subject>nursing care colostomy</dc:subject>
  <dc:subject>colostomy</dc:subject>
  <dc:publisher>Universidad de Zaragoza</dc:publisher>
  <dc:date>2013</dc:date>
  <dc:description>Todo paciente portador de una colostomía se ve inevitablemente inmerso en una serie de dificultades tanto físicas como psicológicas. La clave reside en cómo enfrentarse a ellas. Es aquí donde la labor de enfermería se hace imprescindible. Desde las tareas humanas de informar y asesorar al paciente resolviendo sus dudas,  miedos e inseguridades, ofreciéndole todo su apoyo y comprensión; hasta las labores técnicas de evaluar al paciente de un modo integral y realizar todos los cuidados que sean necesarios.  A lo largo de este trabajo se ha analizado cada una de las posibles complicaciones que pueden derivarse de una colostomía y cuáles son los cuidados de enfermería necesarios para resolverlas. Además, se han descrito las distintas fases que vive la persona colostomizada, para poder valorar y cuidar al paciente en el ámbito bio-psico-social. El conocimiento de dichas complicaciones y fases por parte del personal de enfermería y la información aportada al paciente y familiares hacen posible evitar que surjan algunas de las complicaciones o, en el caso de que aparezcan, ayudar a que la rehabilitación sea lo antes posible y de la forma más eficaz para el paciente.</dc:description>
  <dc:format>pdf</dc:format>
  <dc:language>spa</dc:language>
  <dc:type>info:eu-repo/semantics/bachelorThesis</dc:type>
  <dc:rights>by-nc-sa</dc:rights>
  <dc:rights>http://creativecommons.org/licenses/by-nc-sa/3.0/</dc:rights>
</oai_dc:dc>