<?xml version="1.0" encoding="UTF-8"?><oai_dc:dc xmlns:oai_dc="http://www.openarchives.org/OAI/2.0/oai_dc/" xmlns:dc="http://purl.org/dc/elements/1.1/" xmlns:xsi="http://www.w3.org/2001/XMLSchema-instance" xsi:schemaLocation="http://www.openarchives.org/OAI/2.0/oai_dc/ http://www.openarchives.org/OAI/2.0/oai_dc.xsd">
  <dc:creator>Giménez Ramírez, Ruth María</dc:creator>
  <dc:creator>Aboada Apilluelo, Enriqueta</dc:creator>
  <dc:creator>Bernés Vázquez, Luis Máximo</dc:creator>
  <dc:title>Diseño de un plan educativo para mejorar la adherencia al tratamiento en niños asmáticos</dc:title>
  <dc:identifier>http://zaguan.unizar.es/record/10694</dc:identifier>
  <dc:subject>educación infantil</dc:subject>
  <dc:subject>asma infantil</dc:subject>
  <dc:subject>inhaladores</dc:subject>
  <dc:publisher>Universidad de Zaragoza</dc:publisher>
  <dc:date>2013</dc:date>
  <dc:description>Para conseguir el efecto farmacológico óptimo de los dispositivos de inhalación es necesario un manejo adecuado de éstos. Por ello resulta imprenscindible educar al paciente para que adquiera las habilidades necesarias que mejoren su adhesión al tratamiento.</dc:description>
  <dc:format>pdf</dc:format>
  <dc:language>spa</dc:language>
  <dc:type>info:eu-repo/semantics/bachelorThesis</dc:type>
  <dc:rights>by-nc-sa</dc:rights>
  <dc:rights>http://creativecommons.org/licenses/by-nc-sa/3.0/</dc:rights>
</oai_dc:dc>