<?xml version="1.0" encoding="UTF-8"?><oai_dc:dc xmlns:oai_dc="http://www.openarchives.org/OAI/2.0/oai_dc/" xmlns:dc="http://purl.org/dc/elements/1.1/" xmlns:xsi="http://www.w3.org/2001/XMLSchema-instance" xsi:schemaLocation="http://www.openarchives.org/OAI/2.0/oai_dc/ http://www.openarchives.org/OAI/2.0/oai_dc.xsd">
  <dc:creator>Vilar Pascual, Celia</dc:creator>
  <dc:creator>Bacallao Pino, Lázaro </dc:creator>
  <dc:creator>Domínguez Oliván, Guillermo</dc:creator>
  <dc:title>La demanda de atención en la Casa de la Mujer en el periodo de crisis económica (2007-2012)</dc:title>
  <dc:identifier>http://zaguan.unizar.es/record/11112</dc:identifier>
  <dc:subject>cambio social</dc:subject>
  <dc:subject>casa de la mujer</dc:subject>
  <dc:subject>crisis económica</dc:subject>
  <dc:subject>demandas de las mujeres</dc:subject>
  <dc:subject>equidad</dc:subject>
  <dc:subject>zaragoza</dc:subject>
  <dc:publisher>Universidad de Zaragoza</dc:publisher>
  <dc:date>2013</dc:date>
  <dc:description>Se trata del estudio sobre la evolución de la demanda de atención en la Casa de la Mujer del Ayuntamiento de Zaragoza en el periodo de crisis 2007-2012. Se identifican los principales cambios experimentados, tanto en el tipo de demanda, como en el  perfil de  demandantes. Se analizan las principales consecuencias sociales que la crisis está teniendo para  estas mujeres. Finalmente se proponen medidas de intervención social, teniendo en cuenta las opiniones de los profesionales y de las propias mujeres.</dc:description>
  <dc:format>pdf</dc:format>
  <dc:language>spa</dc:language>
  <dc:type>info:eu-repo/semantics/bachelorThesis</dc:type>
  <dc:rights>by-nc-sa</dc:rights>
  <dc:rights>http://creativecommons.org/licenses/by-nc-sa/3.0/</dc:rights>
</oai_dc:dc>