<?xml version="1.0" encoding="UTF-8"?><oai_dc:dc xmlns:oai_dc="http://www.openarchives.org/OAI/2.0/oai_dc/" xmlns:dc="http://purl.org/dc/elements/1.1/" xmlns:xsi="http://www.w3.org/2001/XMLSchema-instance" xsi:schemaLocation="http://www.openarchives.org/OAI/2.0/oai_dc/ http://www.openarchives.org/OAI/2.0/oai_dc.xsd">
  <dc:creator>Barroso Esteban, Carolina</dc:creator>
  <dc:creator>González de la Cuesta, Delia María</dc:creator>
  <dc:title>Hospital Amigo de los Niños: una oportunidad de mejora</dc:title>
  <dc:identifier>http://zaguan.unizar.es/record/10827</dc:identifier>
  <dc:publisher>Universidad de Zaragoza</dc:publisher>
  <dc:date>2013</dc:date>
  <dc:description>La Iniciativa Hospital Amigo de los Niños (IHAN) fue propuesta por la OMS y UNICEF en 1992 con el fin de favorecer las condiciones para el inicio de la lactancia materna, siguiendo los Diez Pasos para una feliz lactancia materna. En España toma el nombre de Iniciativa para la Humanización de la Asistencia al Nacimiento y la Lactancia, y solo el 3,1% del total de hospitales y maternidades disponen de este galardón. Los objetivos son: 1 -acreditar un hospital como Hospital Amigo de los Niños, 2 -identificar los beneficios de IHAN, 3 -evaluar si existen diferencias en la asistencia sanitaria antes y después de la implantación de IHAN y 4 -conocer la opinión de los profesionales sanitarios sobre IHAN. Para ello se realiza un ciclo de mejora de la calidad basado en el ciclo de Deming con el fin de que un hospital consiga el galardón IHAN. La acreditación como IHAN consta de 4 fases: descubrimiento, desarrollo, difusión y designación, las cuales se aplican de forma escalonada y cumpliendo una serie de requisitos que serán evaluados para poder pasar a la siguiente fase. Algunas de las dificultades para su aplicación se deben al coste económico y a la actitud de los profesionales sanitarios ante esta iniciativa. Una vez acreditados como IHAN se llevaran a cabo reevaluaciones periódicas. Entre las conclusiones destacar que la acreditación como Hospital Amigo de los Niños supone una mejora de la calidad asistencial, la satisfacción de los usuarios y de los profesionales, así como una mejora en la prevalencia y la duración de la lactancia. Como consecuencia de ésto, ha mejorado la salud de las mujeres y de los recién nacidos.</dc:description>
  <dc:format>pdf</dc:format>
  <dc:language>spa</dc:language>
  <dc:type>info:eu-repo/semantics/bachelorThesis</dc:type>
  <dc:rights>by-nc-sa</dc:rights>
  <dc:rights>http://creativecommons.org/licenses/by-nc-sa/3.0/</dc:rights>
</oai_dc:dc>