<?xml version="1.0" encoding="UTF-8"?><oai_dc:dc xmlns:oai_dc="http://www.openarchives.org/OAI/2.0/oai_dc/" xmlns:dc="http://purl.org/dc/elements/1.1/" xmlns:xsi="http://www.w3.org/2001/XMLSchema-instance" xsi:schemaLocation="http://www.openarchives.org/OAI/2.0/oai_dc/ http://www.openarchives.org/OAI/2.0/oai_dc.xsd">
  <dc:creator>Guallart Calvo, María Reyes</dc:creator>
  <dc:creator>León Puy, Juan Francisco</dc:creator>
  <dc:title>Paciente con cáncer de colon</dc:title>
  <dc:identifier>http://zaguan.unizar.es/record/10693</dc:identifier>
  <dc:subject>cáncer colorrectal</dc:subject>
  <dc:subject>planes de cuidados</dc:subject>
  <dc:subject>cuidados de enfermería</dc:subject>
  <dc:subject>colorectal cancer</dc:subject>
  <dc:subject>care plans</dc:subject>
  <dc:subject>nursing</dc:subject>
  <dc:publisher>Universidad de Zaragoza</dc:publisher>
  <dc:date>2013</dc:date>
  <dc:description>Paciente con cáncer de Colon. En este trabajo quiero presentar la aplicación del proceso enfermero en el cuidado y atención de una paciente con cáncer de colon que se le ha practicado una colostomía. Trabajando con el método enfermero y la realización de un plan de cuidados, se consigue mejorar el control de síntomas físicos, psíquicos, espirituales y sociales. Facilita la identificación de los cuidados ante una situación concreta de salud para poder elegir las intervenciones que nos ayudaran a garantizar la satisfacción de sus necesidades durante un proceso de salud. Patient with cancer of Colon. In this work I want to present the application of the process nurse in the care and attention of a patient with cancer of colon that a colostomía has practised him. Working with the method nurse and the accomplishment of a plan of taken care, one manages to improve the control of physical, psychic, spiritual and social symptoms. It facilitates the identification of taken care before a concrete situation of health, to be able to choose the interventions that were helping us to guarantee the satisfaction of his needs during a process of health.</dc:description>
  <dc:format>pdf</dc:format>
  <dc:language>spa</dc:language>
  <dc:type>info:eu-repo/semantics/bachelorThesis</dc:type>
  <dc:rights>by-nc-sa</dc:rights>
  <dc:rights>http://creativecommons.org/licenses/by-nc-sa/3.0/</dc:rights>
</oai_dc:dc>