<?xml version="1.0" encoding="UTF-8"?><oai_dc:dc xmlns:oai_dc="http://www.openarchives.org/OAI/2.0/oai_dc/" xmlns:dc="http://purl.org/dc/elements/1.1/" xmlns:xsi="http://www.w3.org/2001/XMLSchema-instance" xsi:schemaLocation="http://www.openarchives.org/OAI/2.0/oai_dc/ http://www.openarchives.org/OAI/2.0/oai_dc.xsd">
  <dc:creator>Peña Salas, Eva de la</dc:creator>
  <dc:creator>Miranda Aranda, Miguel</dc:creator>
  <dc:title>Análisis de la calidad percibida por las personas atendidas desde Servicios Sociales Comunitarios. Centro Municipal de Servicios Sociales de Delicias del Ayuntamiento de Zaragoza</dc:title>
  <dc:identifier>http://zaguan.unizar.es/record/11009</dc:identifier>
  <dc:subject>calidad</dc:subject>
  <dc:subject>calidad percibida</dc:subject>
  <dc:subject>modelos de evaluación</dc:subject>
  <dc:subject>servicios sociales comunitarios</dc:subject>
  <dc:subject>servqual</dc:subject>
  <dc:subject>trabajo social desde la calidad</dc:subject>
  <dc:publisher>Universidad de Zaragoza</dc:publisher>
  <dc:date>2013</dc:date>
  <dc:description>La satisfacción de las personas con la atención recibida se concibe como una medida de control de calidad. El presente trabajo va a consistir tanto en la revisión bibliográfica entorno a la calidad en Servicios Sociales, como en un estudio, compuesto por el diseño, realización y análisis de los datos obtenidos, sobre la satisfacción de las personas atendidas en el Centro Municipal de Servicios Sociales Comunitarios de Delicias  del Ayuntamiento de Zaragoza.La calidad del servicio es un tema de actualidad presente en los discursos políticos, técnicos y de la sociedad en general así como en los procesos de planificación, programas y proyectos sociales. Utilizando la escala SERVQUAL conoceremos algunos aspectos de medida de la satisfacción y calidad percibida desde la mirada de las personas atendidas desde un Centro Municipal de Servicios Sociales Comunitarios, permitiéndonos, al equipo interdisciplinar, una mejor adaptación, en la medida de lo posible, a las necesidades de estas personas. El ámbito más valorado es el de la “seguridad” y la “confianza” que transmiten los profesionales en el trato , mientras que el aspecto que presenta menor puntuación es la “capacidad de respuesta” de los profesionales, entendida como la dificultad que tiene los profesionales para hacer frente a las demandas de los usuarios/usuarias con rapidez. El índice general de satisfacción  alcanza un 4,64 en una escala de 5, siendo mayoritariamente, con un 76`4% , los que consideran como “excelente” los sentimientos hacia los servicios que presta en Centro Municipal de Servicios Sociales de Delicias</dc:description>
  <dc:format>pdf</dc:format>
  <dc:language>spa</dc:language>
  <dc:type>info:eu-repo/semantics/bachelorThesis</dc:type>
  <dc:rights>by-nc-sa</dc:rights>
  <dc:rights>http://creativecommons.org/licenses/by-nc-sa/3.0/</dc:rights>
</oai_dc:dc>