<?xml version="1.0" encoding="UTF-8"?><oai_dc:dc xmlns:oai_dc="http://www.openarchives.org/OAI/2.0/oai_dc/" xmlns:dc="http://purl.org/dc/elements/1.1/" xmlns:xsi="http://www.w3.org/2001/XMLSchema-instance" xsi:schemaLocation="http://www.openarchives.org/OAI/2.0/oai_dc/ http://www.openarchives.org/OAI/2.0/oai_dc.xsd">
  <dc:creator>Fuentes Cihuela, Tania</dc:creator>
  <dc:creator>Fernández Rodrigo, María Teresa</dc:creator>
  <dc:title>Caso clínico: aplicación del proceso enfermero en el paciente colostomizado en la consulta de estomaterapia del Hospital Royo Villanova</dc:title>
  <dc:identifier>http://zaguan.unizar.es/record/10719</dc:identifier>
  <dc:subject>paciente colostomizado</dc:subject>
  <dc:subject>cáncer de colon</dc:subject>
  <dc:subject>ostomía</dc:subject>
  <dc:subject>consulta enfermería estomaterapia</dc:subject>
  <dc:publisher>Universidad de Zaragoza</dc:publisher>
  <dc:date>2013</dc:date>
  <dc:description>El desarrollo del trabajo va a consistir en la valoración inicial del caso de un paciente de 52 años  al que se le realizó una colostomía por recidiva sobre una anastomosis previa en la zona colorrectal y en la realización del seguimiento de la evolución del paciente en la consulta de ostomías del Hospital Royo Villanova (HRV), en  donde tuvo lugar la intervención quirúrgica. El contacto se inicia a  los 4 días del alta hospitalaria y se le acompaña en su proceso a lo  largo de los siguientes 3 meses en la misma consulta. La valoración del paciente se engloba dentro de la Filosofía de  Virginia Henderson y las necesidades básicas; y el plan de cuidados de enfermería se  documenta con diagnósticos NANDA, criterios de resultados (NOC) e intervenciones (NIC) Todo el proceso asistencial se realiza desde una perspectiva integral y bio-psico-social del paciente, abordando los problemas más importantes derivados de la valoración enfermera y centrándonos en aplicar las intervenciones enfermeras necesarias para una favorable evolución evaluada.</dc:description>
  <dc:format>pdf</dc:format>
  <dc:language>spa</dc:language>
  <dc:type>info:eu-repo/semantics/bachelorThesis</dc:type>
  <dc:rights>by-nc-sa</dc:rights>
  <dc:rights>http://creativecommons.org/licenses/by-nc-sa/3.0/</dc:rights>
</oai_dc:dc>