<?xml version="1.0" encoding="UTF-8"?><oai_dc:dc xmlns:oai_dc="http://www.openarchives.org/OAI/2.0/oai_dc/" xmlns:dc="http://purl.org/dc/elements/1.1/" xmlns:xsi="http://www.w3.org/2001/XMLSchema-instance" xsi:schemaLocation="http://www.openarchives.org/OAI/2.0/oai_dc/ http://www.openarchives.org/OAI/2.0/oai_dc.xsd">
  <dc:creator>García García, Laura Rebeca</dc:creator>
  <dc:creator>Gascón Catalán, Ana María</dc:creator>
  <dc:title>Las infecciones de orina en ancianos institucionalizados</dc:title>
  <dc:identifier>http://zaguan.unizar.es/record/11092</dc:identifier>
  <dc:subject>ancianos institucionalizados</dc:subject>
  <dc:subject>infección urinaria</dc:subject>
  <dc:publisher>Universidad de Zaragoza</dc:publisher>
  <dc:date>2013</dc:date>
  <dc:description>Las infecciones del tracto urinario (ITU) son una de las infecciones mas comúnmente tratadas en la población de mayor edad. Estas infecciones varían entre bacteriuria sintomática y bacteriuria asintomática. A menudo, su diagnóstico es complicado debido a la falta de sintomatología. Muchas veces, la infección es tratada después de realizar una tira de orina en su mayoría con ciprofloxacino sin esperar a los resultados del laboratorio. Los factores que hacen ser a los ancianos más sensibles a las ITU están poco estudiados. El siguiente estudio piloto trata de relacionar esos factores.</dc:description>
  <dc:format>pdf</dc:format>
  <dc:language>spa</dc:language>
  <dc:type>info:eu-repo/semantics/masterThesis</dc:type>
  <dc:rights>by-nc-sa</dc:rights>
  <dc:rights>http://creativecommons.org/licenses/by-nc-sa/3.0/</dc:rights>
</oai_dc:dc>