<?xml version="1.0" encoding="UTF-8"?><oai_dc:dc xmlns:oai_dc="http://www.openarchives.org/OAI/2.0/oai_dc/" xmlns:dc="http://purl.org/dc/elements/1.1/" xmlns:xsi="http://www.w3.org/2001/XMLSchema-instance" xsi:schemaLocation="http://www.openarchives.org/OAI/2.0/oai_dc/ http://www.openarchives.org/OAI/2.0/oai_dc.xsd">
  <dc:creator>Veintemilla Martín, Enrique</dc:creator>
  <dc:creator>Guillén Torres, Jesús</dc:creator>
  <dc:title>Puesta en riego por aspersión con cobertura total enterrada en una finca de 19 hectáreas perteneciente al término municipal de Pallaruelo de Monegros (Huesca)</dc:title>
  <dc:identifier>http://zaguan.unizar.es/record/10886</dc:identifier>
  <dc:subject>riego por aspersión</dc:subject>
  <dc:subject>cobertura total</dc:subject>
  <dc:subject>cultivos herbaceos</dc:subject>
  <dc:publisher>Universidad de Zaragoza</dc:publisher>
  <dc:date>2013</dc:date>
  <dc:description>En el presente proyecto se han realizado una serie de estudios con el fin de transformar una finca de 19 hectáreas, que en la actualidad se encuentran sin riego (secano), a riego por aspersión con cobertura total enterrada. El objetivo de las transformaciones es una mejora en el ahorro y rendimiento de la explotación a todos los niveles (mano de obra, agua, cosecha,...). Para llevarla a cabo se ha diseñado una red de riego a presión abastecida por el canal de Monegros. Los estudios realizados para el desarrollo del proyecto son los siguientes: -Estudio climático de la zona. -Estudio edafológico. -Estudio de calidad del agua de riego. -Diseño de rotación de cultivos (modificación posible). -Cálculo de necesidades hídricas. -Cálculo hidráulico. -Viabilidad económica. Se considera un proyecto viable y rentable a lo largo de su vida.</dc:description>
  <dc:format>pdf</dc:format>
  <dc:language>spa</dc:language>
  <dc:type>info:eu-repo/semantics/masterThesis</dc:type>
  <dc:rights>by-nc-sa</dc:rights>
  <dc:rights>http://creativecommons.org/licenses/by-nc-sa/3.0/</dc:rights>
</oai_dc:dc>