<?xml version="1.0" encoding="UTF-8"?><oai_dc:dc xmlns:oai_dc="http://www.openarchives.org/OAI/2.0/oai_dc/" xmlns:dc="http://purl.org/dc/elements/1.1/" xmlns:xsi="http://www.w3.org/2001/XMLSchema-instance" xsi:schemaLocation="http://www.openarchives.org/OAI/2.0/oai_dc/ http://www.openarchives.org/OAI/2.0/oai_dc.xsd">
  <dc:creator>Monter Caballero, Laura</dc:creator>
  <dc:creator>Moreno Sáinz, Andrea</dc:creator>
  <dc:creator>Montañés Grado, Miguel</dc:creator>
  <dc:title>Prevención de la Violencia de Género en el ámbito escolar</dc:title>
  <dc:identifier>http://zaguan.unizar.es/record/11017</dc:identifier>
  <dc:publisher>Universidad de Zaragoza</dc:publisher>
  <dc:date>2013</dc:date>
  <dc:description>Esta investigación ha consistido en analizar la calidad e impacto del programa de Sensibilización sobre violencia de género, el cual se está llevando a cabo en la actualidad desde la Casa de la Mujer del Ayuntamiento de Zaragoza y se ha propuesto un programa nuevo tras la realización de un análisis DAFO del mismo.</dc:description>
  <dc:format>pdf</dc:format>
  <dc:language>spa</dc:language>
  <dc:type>info:eu-repo/semantics/bachelorThesis</dc:type>
  <dc:rights>by-nc-sa</dc:rights>
  <dc:rights>http://creativecommons.org/licenses/by-nc-sa/3.0/</dc:rights>
</oai_dc:dc>