<?xml version="1.0" encoding="UTF-8"?><oai_dc:dc xmlns:oai_dc="http://www.openarchives.org/OAI/2.0/oai_dc/" xmlns:dc="http://purl.org/dc/elements/1.1/" xmlns:xsi="http://www.w3.org/2001/XMLSchema-instance" xsi:schemaLocation="http://www.openarchives.org/OAI/2.0/oai_dc/ http://www.openarchives.org/OAI/2.0/oai_dc.xsd">
  <dc:creator>Andrés Medel, Silvia</dc:creator>
  <dc:creator>Herranz Bercedo, Félix</dc:creator>
  <dc:title>Amputación infracondílea del miembro inferior por causa diabética</dc:title>
  <dc:identifier>http://zaguan.unizar.es/record/10859</dc:identifier>
  <dc:subject>amputación infracondílea del miembro inferior por causa diabética.</dc:subject>
  <dc:publisher>Universidad de Zaragoza</dc:publisher>
  <dc:date>2013</dc:date>
  <dc:description>Las amputaciones se realizan por diversas causas, clasificándose por orden de mayor a menor prevalencia las siguientes mas importantes: vasculares, traumáticas y neoplásicas. En este trabajo se estudia el caso de un paciente geriátrico amputado por causa diabética. Estos pacientes representan el 90% de los amputados. Para el estudio, se expone un tratamiento fisioterápico con el objetivo principal de dar una mayor independencia al paciente para sus actividades de la vida diaria. Para ello, se debe tratar varios aspectos para alcanzar dicha meta. Se enfocará el tratamiento en tres fases: la primera fase se centrará en la adaptación del muñón a la prótesis, en el fortalecimiento de miembros superiores e inferiores imprescindibles para la evolución del tratamiento y en el dolor del miembro fantasma común en la mayoría de los amputados. En la segunda fase, se trabajará en la progresión de la deambulación a nivel más básico. Para finalizar, en la tercera fase, se dificultará la deambulación para perfeccionar el equilibrio, se añadirán nuevos retos como subir y bajar escaleras y se enseñará al paciente la manera de levantarse del suelo de manera autónoma en el caso de caída. Previo al tratamiento, se realizará una valoración del estado general del paciente, del estado del muñón, del balance muscular y articular y una valoración funcional y cognitiva mediante unos test y escalas. Esta valoración será comparada con la final para trazar la evolución y la eficacia del tratamiento.</dc:description>
  <dc:format>pdf</dc:format>
  <dc:language>spa</dc:language>
  <dc:type>info:eu-repo/semantics/bachelorThesis</dc:type>
  <dc:rights>by-nc-sa</dc:rights>
  <dc:rights>http://creativecommons.org/licenses/by-nc-sa/3.0/</dc:rights>
</oai_dc:dc>