<?xml version="1.0" encoding="UTF-8"?><oai_dc:dc xmlns:oai_dc="http://www.openarchives.org/OAI/2.0/oai_dc/" xmlns:dc="http://purl.org/dc/elements/1.1/" xmlns:xsi="http://www.w3.org/2001/XMLSchema-instance" xsi:schemaLocation="http://www.openarchives.org/OAI/2.0/oai_dc/ http://www.openarchives.org/OAI/2.0/oai_dc.xsd">
  <dc:creator>Piornos Vázquez, Alejandro</dc:creator>
  <dc:creator>Martínez Quiñones, Félix</dc:creator>
  <dc:title>Plan de intervención de fisioterapia en una luxación posterior gleno-humeral con rotura masiva del manguito rotador, deltoides y porción larga del bíceps</dc:title>
  <dc:identifier>http://zaguan.unizar.es/record/10892</dc:identifier>
  <dc:publisher>Universidad de Zaragoza</dc:publisher>
  <dc:date>2013</dc:date>
  <dc:description>Introducción: la luxación posterior gleno-humeral es una patología muy poco frecuente, sobre todo si cursa con rotura masiva del manguito rotador, deltoides y porción larga del bíceps. Es por ello que no existe un protocolo de tratamiento específico para tal afección. Objetivo: proponer un plan de intervención de fisioterapia basado en la evidencia científica en un paciente con luxación posterior gleno-humeral y reconstrucción del manguito rotador, deltoides y porción larga del bíceps Metodología: el estudio es un caso clínico intrasujeto n= 1 que sigue el modelo de diseño A/B longitudinal prospectivo. La variable independiente será el tratamiento fisioterápico, y las variables dependientes serán aspectos biopsicosociales como por ejemplo el balance articular y la evaluación funcional. El plan de intervención se aplicó durante 5 días por semana en un periodo de 10 semanas. Dicho tratamiento está basado en el protocolo de tratamiento de las disfunciones articulares y en el protocolo de tratamiento de la intervención post-quirúrgica del manguito rotador. Desarrollo: todas las variables dependientes, a excepción del control del ritmo escápulo-torácico, obtuvieron resultados favorables en mayor o menor medida. El balance muscular presentó una evolución menor a los rangos medios de recuperación, hecho que determinó la realización de pruebas para hallar posibles alteraciones. Conclusiones: el tratamiento fisioterápico consiguió mejoras en la mayoría de los aspectos valorados en el paciente, sin embargo, algunas mejoras son escasas o no se corresponden con los resultados estimados normales para cada fase del tratamiento, por lo que se propone la realización de una resonancia magnética nuclear.</dc:description>
  <dc:format>pdf</dc:format>
  <dc:language>spa</dc:language>
  <dc:type>info:eu-repo/semantics/bachelorThesis</dc:type>
  <dc:rights>by-nc-sa</dc:rights>
  <dc:rights>http://creativecommons.org/licenses/by-nc-sa/3.0/</dc:rights>
</oai_dc:dc>