<?xml version="1.0" encoding="UTF-8"?><oai_dc:dc xmlns:oai_dc="http://www.openarchives.org/OAI/2.0/oai_dc/" xmlns:dc="http://purl.org/dc/elements/1.1/" xmlns:xsi="http://www.w3.org/2001/XMLSchema-instance" xsi:schemaLocation="http://www.openarchives.org/OAI/2.0/oai_dc/ http://www.openarchives.org/OAI/2.0/oai_dc.xsd">
  <dc:creator>Mené Lombardo, Lucía</dc:creator>
  <dc:creator>Pérez Soler, Pedro</dc:creator>
  <dc:title>Plan de cuidados estandarizado para la alimentación e higiene bucodental en personas drogodependientes en proceso de rehabilitación</dc:title>
  <dc:identifier>http://zaguan.unizar.es/record/10445</dc:identifier>
  <dc:subject>drogas</dc:subject>
  <dc:subject>drogodependencia</dc:subject>
  <dc:subject>higiene bucodental</dc:subject>
  <dc:subject>nutrición</dc:subject>
  <dc:publisher>Universidad de Zaragoza</dc:publisher>
  <dc:date>2013</dc:date>
  <dc:description>El consumo de drogas es un problema de salud pública muy importante y actual en nuestro país, y en el mundo en general. Una vez que se consigue captar a los consumidores de estas sustancias y prepararlos para que comiencen con su rehabilitación, es esencial no sólo lograr que estas personas no vuelvan a consumir dichas sustancias sino también mejorar todos aquellos aspectos que les permitan reinsertarse en la sociedad y hacer una vida dentro de los parámetros de la normalidad. Sabemos que son muchos los efectos negativos de las drogas, a corto y a largo plazo, sobre el organismo del consumidor, desde una desnutrición severa hasta la pérdida de piezas dentales. Por este motivo, el objetivo de este trabajo es que los pacientes en proceso de rehabilitación puedan llegar a cubrir de forma correcta dos de las necesidades básicas más alteradas por el uso de las drogas, la nutrición y la higiene bucodental.</dc:description>
  <dc:format>pdf</dc:format>
  <dc:language>spa</dc:language>
  <dc:type>info:eu-repo/semantics/bachelorThesis</dc:type>
  <dc:rights>by-nc-sa</dc:rights>
  <dc:rights>http://creativecommons.org/licenses/by-nc-sa/3.0/</dc:rights>
</oai_dc:dc>