<?xml version="1.0" encoding="UTF-8"?><oai_dc:dc xmlns:oai_dc="http://www.openarchives.org/OAI/2.0/oai_dc/" xmlns:dc="http://purl.org/dc/elements/1.1/" xmlns:xsi="http://www.w3.org/2001/XMLSchema-instance" xsi:schemaLocation="http://www.openarchives.org/OAI/2.0/oai_dc/ http://www.openarchives.org/OAI/2.0/oai_dc.xsd">
  <dc:creator>Sampietro Martínez, Raúl</dc:creator>
  <dc:creator>Rubio Soriano, María Concepción</dc:creator>
  <dc:title>Tipos de desbridamiento en las heridas crónicas. Dimensión práctica y legal. Revisión bibliográfica</dc:title>
  <dc:identifier>http://zaguan.unizar.es/record/10480</dc:identifier>
  <dc:subject>desbridamiento</dc:subject>
  <dc:subject>heridas crónicas</dc:subject>
  <dc:subject>úlceras por presión</dc:subject>
  <dc:subject>UPP</dc:subject>
  <dc:publisher>Universidad de Zaragoza</dc:publisher>
  <dc:date>2013</dc:date>
  <dc:description>El desbridamiento es una fase del tratamiento de las heridas crónicas (HC)  destinado a conseguir el objetivo de la curación, ya que produce una aceleración en la cicatrización y una reducción de infecciones al potenciar el desbridamiento fisiológico existente en el lecho de la herida. El desbridamiento se basa en la eliminación del tejido no viable del lecho  ulceral, fundamentalmente de tejido necrótico negro (escara) o tejido necrótico amarillo o esfacelar. Existen varios tipos de desbridamiento, por lo que una buena opción en la elección de la técnica será fundamental en la evolución de la lesión del paciente. Para evitar una mala praxis por parte del profesional y subsanar problemas legales relacionados con la cura de heridas y su prevención, se debe realizar un registro de las acciones realizadas, así como la elaboración de un consentimiento informado para las técnicas de desbridamiento que se realicen.</dc:description>
  <dc:format>pdf</dc:format>
  <dc:language>spa</dc:language>
  <dc:type>info:eu-repo/semantics/bachelorThesis</dc:type>
  <dc:rights>by-nc-sa</dc:rights>
  <dc:rights>http://creativecommons.org/licenses/by-nc-sa/3.0/</dc:rights>
</oai_dc:dc>