<?xml version="1.0" encoding="UTF-8"?><oai_dc:dc xmlns:oai_dc="http://www.openarchives.org/OAI/2.0/oai_dc/" xmlns:dc="http://purl.org/dc/elements/1.1/" xmlns:xsi="http://www.w3.org/2001/XMLSchema-instance" xsi:schemaLocation="http://www.openarchives.org/OAI/2.0/oai_dc/ http://www.openarchives.org/OAI/2.0/oai_dc.xsd">
  <dc:creator>Gil Mozota, Marta</dc:creator>
  <dc:creator>Manau Penella, Miguel</dc:creator>
  <dc:creator>Molina López, Raquel</dc:creator>
  <dc:creator>García Martínez, Jesús</dc:creator>
  <dc:title>Menores en situación de riesgo y/o exclusión social en el barrio del Actur de la ciudad de Zaragoza</dc:title>
  <dc:identifier>http://zaguan.unizar.es/record/11055</dc:identifier>
  <dc:publisher>Universidad de Zaragoza</dc:publisher>
  <dc:date>2013</dc:date>
  <dc:description>El objetivo general de nuestro Trabajo de Fin de Grado estriba en la realización de un diagnóstico con menores entre 6-18 años, en situación de riesgo y/o exclusión social, así como la respuesta que se da a los mismos por parte de los recursos comunitarios existentes en el barrio del Actur, en la ciudad de Zaragoza. Para establecer dicho diagnóstico hemos realizado primeramente una revisión bibliográfica para elaborar un marco teórico conceptual del que servirnos para realizar una análisis valorativo posterior a la recogida y análisis de la información que hemos podido obtener de primera mano. Este Trabajo de Fin de Grado se fundamenta en la utilidad que posee por el hecho de generar conocimiento en relación a la mejora de las intervención con menores en situación de riesgo y/o exclusión social desde las diferentes asociaciones que trabajan con ellos en el barrio del Actur.</dc:description>
  <dc:format>pdf</dc:format>
  <dc:language>spa</dc:language>
  <dc:type>info:eu-repo/semantics/bachelorThesis</dc:type>
  <dc:rights>by-nc-sa</dc:rights>
  <dc:rights>http://creativecommons.org/licenses/by-nc-sa/3.0/</dc:rights>
</oai_dc:dc>