<?xml version="1.0" encoding="UTF-8"?><oai_dc:dc xmlns:oai_dc="http://www.openarchives.org/OAI/2.0/oai_dc/" xmlns:dc="http://purl.org/dc/elements/1.1/" xmlns:xsi="http://www.w3.org/2001/XMLSchema-instance" xsi:schemaLocation="http://www.openarchives.org/OAI/2.0/oai_dc/ http://www.openarchives.org/OAI/2.0/oai_dc.xsd">
  <dc:creator>Sarasa Acero, María</dc:creator>
  <dc:creator>Galán Calvo, Francisco</dc:creator>
  <dc:title>Evaluación de la sobrecarga en cuidadores de enfermos mentales crónicos</dc:title>
  <dc:identifier>http://zaguan.unizar.es/record/11001</dc:identifier>
  <dc:subject>cuidador familiar</dc:subject>
  <dc:subject>cuidador informal</dc:subject>
  <dc:subject>estudio</dc:subject>
  <dc:subject>familia</dc:subject>
  <dc:subject>salud mental</dc:subject>
  <dc:subject>sobrecarga</dc:subject>
  <dc:subject>zarit</dc:subject>
  <dc:publisher>Universidad de Zaragoza</dc:publisher>
  <dc:date>2013</dc:date>
  <dc:description>Este trabajo se centra en la sobrecarga percibida por el cuidador familiar derivada del cuidado diario del enfermo mental crónico. Se pretende estudiar la sobrecarga en relación con otras variables propias del cuidador. La muestra del estudio se ha tomado en la consulta de Trabajo Social del Centro de Salud "Fuentes Norte".</dc:description>
  <dc:format>pdf</dc:format>
  <dc:language>spa</dc:language>
  <dc:type>info:eu-repo/semantics/bachelorThesis</dc:type>
  <dc:rights>by-nc-sa</dc:rights>
  <dc:rights>http://creativecommons.org/licenses/by-nc-sa/3.0/</dc:rights>
</oai_dc:dc>