<?xml version="1.0" encoding="UTF-8"?><oai_dc:dc xmlns:oai_dc="http://www.openarchives.org/OAI/2.0/oai_dc/" xmlns:dc="http://purl.org/dc/elements/1.1/" xmlns:xsi="http://www.w3.org/2001/XMLSchema-instance" xsi:schemaLocation="http://www.openarchives.org/OAI/2.0/oai_dc/ http://www.openarchives.org/OAI/2.0/oai_dc.xsd">
  <dc:creator>Bueno Martín, Ana</dc:creator>
  <dc:creator>Domínguez Oliván, María Pilar</dc:creator>
  <dc:title>Tratamiento fisioterápico mediante el concepto Bobath de un caso de hemiparesia por parálisis cerebral infantil</dc:title>
  <dc:identifier>http://zaguan.unizar.es/record/10929</dc:identifier>
  <dc:subject>concepto Bobath</dc:subject>
  <dc:subject>hemiparesia</dc:subject>
  <dc:subject>parálisis cerebral infantil</dc:subject>
  <dc:publisher>Universidad de Zaragoza</dc:publisher>
  <dc:date>2013</dc:date>
  <dc:description>La parálisis cerebral infantil es la principal causa de discapacidad en la infancia en España, haciendo indispensable la intervención del profesional en fisioterapia para el desarrollo de la autonomía de este tipo de pacientes. Por lo anterior, el siguiente proyecto muestra los efectos de un programa de intervención basado en los principios del concepto Bobath. El objetivo del mismo es analizar los resultados del tratamiento fisioterápico en el paralítico cerebral tras cinco meses de evolución. El proyecto correspondió a un diseño de tipo intra-sujeto acerca de una paciente cuyo diagnóstico principal es retraso del desarrollo psicomotor y hemiparesia izquierda debido a una parálisis cerebral. Para verificar la efectividad del programa, se realizó una evaluación completa pre y post intervención, comparando su situación inicial y final mediante la escala GMFM-88 (Gross Motor Function Measure) y una valoración musculo-esquelética. Los resultados evidenciaron una mejora importante en el tono del lado afecto, un aumento significativo de la movilidad en el miembro superior izquierdo, así como una realización autónoma de los cambios posturales más importantes. Por ello, la presente investigación muestra la efectividad de un programa fisioterápico en una paciente de corta edad, basado en el concepto Bobath, así como la importancia del comienzo precoz y prolongado para la mejora de las limitaciones en las funciones motoras que presentan estas patologías.</dc:description>
  <dc:format>pdf</dc:format>
  <dc:language>spa</dc:language>
  <dc:type>info:eu-repo/semantics/bachelorThesis</dc:type>
  <dc:rights>by-nc-sa</dc:rights>
  <dc:rights>http://creativecommons.org/licenses/by-nc-sa/3.0/</dc:rights>
</oai_dc:dc>