<?xml version="1.0" encoding="UTF-8"?><oai_dc:dc xmlns:oai_dc="http://www.openarchives.org/OAI/2.0/oai_dc/" xmlns:dc="http://purl.org/dc/elements/1.1/" xmlns:xsi="http://www.w3.org/2001/XMLSchema-instance" xsi:schemaLocation="http://www.openarchives.org/OAI/2.0/oai_dc/ http://www.openarchives.org/OAI/2.0/oai_dc.xsd">
  <dc:creator>Romanos Calvo, Beatriz</dc:creator>
  <dc:creator>Altarribas Bolsa, Elena José</dc:creator>
  <dc:title>Mejora de la adherencia al tratamiento farmacológico de las personas mayores de 65 años polimedicadas de Aragón</dc:title>
  <dc:identifier>http://zaguan.unizar.es/record/10822</dc:identifier>
  <dc:subject>adherencia</dc:subject>
  <dc:subject>ancianos</dc:subject>
  <dc:subject>pacientes mayores de 65 años</dc:subject>
  <dc:subject>polimedicados</dc:subject>
  <dc:subject>enfermedades crónicas</dc:subject>
  <dc:subject>enfermería</dc:subject>
  <dc:subject>criterios stopp-start</dc:subject>
  <dc:subject>beers</dc:subject>
  <dc:subject>adherence</dc:subject>
  <dc:subject>medication</dc:subject>
  <dc:subject>aids care</dc:subject>
  <dc:subject>polipharmacy</dc:subject>
  <dc:subject>patient compliance</dc:subject>
  <dc:subject>nursing</dc:subject>
  <dc:publisher>Universidad de Zaragoza</dc:publisher>
  <dc:date>2013</dc:date>
  <dc:description>Objetivos: Existen cifras muy altas en la no adherencia al tratamiento farmacológico en personas mayores de 65 años. La literatura avala que la comunicación entre el profesional de la salud y el paciente es una de las principales variables condicionantes para la comprensión de la enfermedad y de las instrucciones terapéuticas y mejorar la adherencia. Objetivos: Mejorar la adherencia en la población mayor de 65 años con polimedicación en los centros de Atención primaria de la Comunidad de Aragón, a través de identificar en la literatura los factores relacionados con el profesional, paciente y entorno que interfieren en una óptima adherencia terapéutica farmacológica y de detectar las estrategias posibles para mejorar la adherencia. Metodología: La metodología del trabajo está basada en el ciclo de Deming o ciclo “PDCA”. Siendo el ámbito del estudio: Los EAP (Equipos de Atención Primaria) de la Comunidad de Aragón y los sujetos de estudio: Personas mayores de 65 años pluripatológicas y polimedicadas que acuden a las consultas de enfermería de sus correspondientes centros de salud de la Comunidad de Aragón. Conclusiones: La educación para la salud llevada a cabo por el profesional de enfermería ayuda a modificar o controlar las variables dependientes de la persona y su conducta. Además, mediante un control y monitorización del problema se puede reducir considerablemente la no adherencia en la población mayor de 65 años polimedicada.</dc:description>
  <dc:format>pdf</dc:format>
  <dc:language>spa</dc:language>
  <dc:type>info:eu-repo/semantics/bachelorThesis</dc:type>
  <dc:rights>by-nc-sa</dc:rights>
  <dc:rights>http://creativecommons.org/licenses/by-nc-sa/3.0/</dc:rights>
</oai_dc:dc>