<?xml version="1.0" encoding="UTF-8"?><oai_dc:dc xmlns:oai_dc="http://www.openarchives.org/OAI/2.0/oai_dc/" xmlns:dc="http://purl.org/dc/elements/1.1/" xmlns:xsi="http://www.w3.org/2001/XMLSchema-instance" xsi:schemaLocation="http://www.openarchives.org/OAI/2.0/oai_dc/ http://www.openarchives.org/OAI/2.0/oai_dc.xsd">
  <dc:creator>Mínguez Marqués, Joaquín Javier</dc:creator>
  <dc:creator>Estrada Fernández, María Eugenia</dc:creator>
  <dc:title>Riesgo de suicidio en drogodependientes en tratamiento residencial</dc:title>
  <dc:identifier>http://zaguan.unizar.es/record/10484</dc:identifier>
  <dc:subject>suicidio</dc:subject>
  <dc:subject>riesgo suicida</dc:subject>
  <dc:subject>drogodependencia</dc:subject>
  <dc:subject>tratamiento</dc:subject>
  <dc:subject>abuso de sustancias</dc:subject>
  <dc:publisher>Universidad de Zaragoza</dc:publisher>
  <dc:date>2013</dc:date>
  <dc:description>Aunque es bien conocida la relación existente entre el suicidio y las drogodependencias siendo el abuso de sustancias uno de los diagnósticos psiquiátricos más importantes entre los factores de riesgo suicida, pocos estudios se han realizado en España hasta la fecha. El objetivo de este estudio es analizar el riesgo de suicidio en drogodependientes en tratamiento residencial, tomando como población 25 internos del centro de Comunidad Terapéutica Proyecto Hombre de Zaragoza. Se empleó la escala de valoración del riesgo suicida de Plutchik validada para la población española. Además, este estudio nos ofrece una visión detallada de la relación entre diversas drogas y el riesgo de suicidio, siendo fundamental ajustar lo máximo posible el perfil del drogodependiente con riesgo suicida identificándolo con factores asociados a dicho riesgo para una mejor prevención. Entre los hallazgos del presente estudio se destacan entre otros una relación directa entre la severidad del consumo y el riesgo de suicidio, así como la existencia de un mayor riesgo en la dependencia a anfetaminas, heroína, cocaína y por último alcohol.</dc:description>
  <dc:format>pdf</dc:format>
  <dc:language>spa</dc:language>
  <dc:type>info:eu-repo/semantics/bachelorThesis</dc:type>
  <dc:rights>by-nc-sa</dc:rights>
  <dc:rights>http://creativecommons.org/licenses/by-nc-sa/3.0/</dc:rights>
</oai_dc:dc>