<?xml version="1.0" encoding="UTF-8"?><oai_dc:dc xmlns:oai_dc="http://www.openarchives.org/OAI/2.0/oai_dc/" xmlns:dc="http://purl.org/dc/elements/1.1/" xmlns:xsi="http://www.w3.org/2001/XMLSchema-instance" xsi:schemaLocation="http://www.openarchives.org/OAI/2.0/oai_dc/ http://www.openarchives.org/OAI/2.0/oai_dc.xsd">
  <dc:creator>Aresté Albà, Núria</dc:creator>
  <dc:creator>Belloso Alcay, Ana Victoria</dc:creator>
  <dc:title>Plan de intervención educativa en enfermedad pulmonar obstructiva crónica</dc:title>
  <dc:identifier>http://zaguan.unizar.es/record/10489</dc:identifier>
  <dc:subject>educación sanitaria</dc:subject>
  <dc:subject>EPOC</dc:subject>
  <dc:subject>inhaladores</dc:subject>
  <dc:subject>fisioterapia respiratoria</dc:subject>
  <dc:subject>rehabilitación respiratoria</dc:subject>
  <dc:publisher>Universidad de Zaragoza</dc:publisher>
  <dc:date>2013</dc:date>
  <dc:description>La EPOC, en la actualidad, es una enfermedad progresiva y no reversible, que realizando el tratamiento recomendado mejora sus síntomas y la calidad de vida de las personas que la padecen. En su evolución pueden presentar descompensaciones, más allá de la variabilidad diaria, habitualmente conocidas como reagudizaciones y/o exacerbaciones. El conocimiento de los síntomas más frecuentes que pueden padecer les ayudará a tomar medidas para su control y así tener una buena calidad de vida. Los pacientes de EPOC y sus cuidadores, cuando éstos sean dependientes, han de ser formados y educados con la finalidad de aumentar sus conocimientos y habilidades y que esto conlleve un aumento de autocuidado y de calidad de vida. A lo largo de este proyecto se planteó el desarrollo de una intervención educativa para estos pacientes mediante la realización de 4 sesiones grupales, en las cuales se realizaría educación sanitaria sobre la enfermedad y sus medidas de control. Como conclusión principal, destacar que en la EPOC la falta de conocimiento influía en la adherencia al tratamiento y en la calidad de vida de estos pacientes, pero mediante la educación sanitaria esto se podía aumentar.</dc:description>
  <dc:format>pdf</dc:format>
  <dc:language>spa</dc:language>
  <dc:type>info:eu-repo/semantics/bachelorThesis</dc:type>
  <dc:rights>by-nc-sa</dc:rights>
  <dc:rights>http://creativecommons.org/licenses/by-nc-sa/3.0/</dc:rights>
</oai_dc:dc>