<?xml version="1.0" encoding="UTF-8"?><oai_dc:dc xmlns:oai_dc="http://www.openarchives.org/OAI/2.0/oai_dc/" xmlns:dc="http://purl.org/dc/elements/1.1/" xmlns:xsi="http://www.w3.org/2001/XMLSchema-instance" xsi:schemaLocation="http://www.openarchives.org/OAI/2.0/oai_dc/ http://www.openarchives.org/OAI/2.0/oai_dc.xsd">
  <dc:creator>Cosculluela Melguizo, Jara</dc:creator>
  <dc:creator>Hernández Piñero, María Aránzazu</dc:creator>
  <dc:title>Las guerrillas cotidianas. El discurso del feminismo institucional sobre las relaciones de pareja heterosexuales</dc:title>
  <dc:identifier>http://zaguan.unizar.es/record/10969</dc:identifier>
  <dc:subject>educación no sexista</dc:subject>
  <dc:subject>feminismo</dc:subject>
  <dc:subject>feminismo institucional</dc:subject>
  <dc:subject>heterosexualidad obligatoria</dc:subject>
  <dc:subject>placer y peligro de la sexualidad</dc:subject>
  <dc:subject>relaciones de pareja</dc:subject>
  <dc:publisher>Universidad de Zaragoza</dc:publisher>
  <dc:date>2013</dc:date>
  <dc:description>En la presente investigación se analiza el discurso del feminismo institucional del Estado español en la actualidad en cuanto a las relaciones de pareja se refiere. Para ello, se proponen una suerte de claves feministas que permiten comprender la cuestión de las relaciones de pareja desde un punto de vista amplio, productivo y transformador, tales como la noción de heterosexualidad obligatoria, sexualidad, disconfort heterosexual y guerrillas cotidianas o pensamiento heteroamoroso. Después se explora el discurso del feminismo institucional general, y en concreto, los materiales de educación no sexista relacionados con las relaciones de pareja. Al final, se exponen las conclusiones.</dc:description>
  <dc:format>pdf</dc:format>
  <dc:language>spa</dc:language>
  <dc:type>info:eu-repo/semantics/masterThesis</dc:type>
  <dc:rights>by-nc-sa</dc:rights>
  <dc:rights>http://creativecommons.org/licenses/by-nc-sa/3.0/</dc:rights>
</oai_dc:dc>