<?xml version="1.0" encoding="UTF-8"?><oai_dc:dc xmlns:oai_dc="http://www.openarchives.org/OAI/2.0/oai_dc/" xmlns:dc="http://purl.org/dc/elements/1.1/" xmlns:xsi="http://www.w3.org/2001/XMLSchema-instance" xsi:schemaLocation="http://www.openarchives.org/OAI/2.0/oai_dc/ http://www.openarchives.org/OAI/2.0/oai_dc.xsd">
  <dc:creator>Guerreiro Codesido, Javier</dc:creator>
  <dc:creator>López del Hoyo, Yolanda</dc:creator>
  <dc:title>Centro de Rehabilitación Psicosocial</dc:title>
  <dc:identifier>http://zaguan.unizar.es/record/11010</dc:identifier>
  <dc:publisher>Universidad de Zaragoza</dc:publisher>
  <dc:date>2013</dc:date>
  <dc:description>La rehabilitación constituye un proceso que se inicia con acciones y recursos lo más normalizados posibles y continúa con intervenciones específicas para aquellos pacientes más discapacitados, finalizando con la facilitación de soportes que posibiliten la reinserción comunitaria. Para garantizar estas acciones se deben desarrollar programas de rehabilitación psicosocial y apoyo comunitario: programa de centros de rehabilitación psicosocial y laboral, programa de alternativas residenciales, programa de inserción socio-laboral y programa de ocio y tiempo libre. Dichos programas tienen como objetivo atender a las necesidades psicosociales específicas de las personas con enfermedades mentales. Este abanico de servicios se englobarán en el Centro de Rehabilitación Psicosocial.</dc:description>
  <dc:format>pdf</dc:format>
  <dc:language>spa</dc:language>
  <dc:type>info:eu-repo/semantics/bachelorThesis</dc:type>
  <dc:rights>by-nc-sa</dc:rights>
  <dc:rights>http://creativecommons.org/licenses/by-nc-sa/3.0/</dc:rights>
</oai_dc:dc>