<?xml version="1.0" encoding="UTF-8"?><oai_dc:dc xmlns:oai_dc="http://www.openarchives.org/OAI/2.0/oai_dc/" xmlns:dc="http://purl.org/dc/elements/1.1/" xmlns:xsi="http://www.w3.org/2001/XMLSchema-instance" xsi:schemaLocation="http://www.openarchives.org/OAI/2.0/oai_dc/ http://www.openarchives.org/OAI/2.0/oai_dc.xsd">
  <dc:creator>Asensio Manero, María Carmen</dc:creator>
  <dc:creator>León Puy, Juan Francisco</dc:creator>
  <dc:title>El proceso enfermero en la esquizofrenia</dc:title>
  <dc:identifier>http://zaguan.unizar.es/record/10689</dc:identifier>
  <dc:subject>proceso de atención de enfermería</dc:subject>
  <dc:subject>PAE</dc:subject>
  <dc:subject>esquizofrenia</dc:subject>
  <dc:publisher>Universidad de Zaragoza</dc:publisher>
  <dc:date>2013</dc:date>
  <dc:description>La salud mental no es un problema individual sino que se enmarca en el contexto psicosocial, que influye a la hora de la demanda de ayuda por parte de la persona mentalmente enferma, allegados y familiares. La enfermería en salud mental debe destacar y hacer conciencia social para que la mayor parte del tiempo y la mayor parte de pacientes lleguen a tener una vida normalizada, contando con tratamientos adecuados, apoyo familiar y social. La necesidad de generar conocimiento basados en el método científico se evidencia en la instauración del proceso de atención de enfermería, y en el desarrollo de modelos y teorías que sustentan este proceso.</dc:description>
  <dc:format>pdf</dc:format>
  <dc:language>spa</dc:language>
  <dc:type>info:eu-repo/semantics/bachelorThesis</dc:type>
  <dc:rights>by-nc-sa</dc:rights>
  <dc:rights>http://creativecommons.org/licenses/by-nc-sa/3.0/</dc:rights>
</oai_dc:dc>