<?xml version="1.0" encoding="UTF-8"?><oai_dc:dc xmlns:oai_dc="http://www.openarchives.org/OAI/2.0/oai_dc/" xmlns:dc="http://purl.org/dc/elements/1.1/" xmlns:xsi="http://www.w3.org/2001/XMLSchema-instance" xsi:schemaLocation="http://www.openarchives.org/OAI/2.0/oai_dc/ http://www.openarchives.org/OAI/2.0/oai_dc.xsd">
  <dc:creator>Dieste Alvarado, Paula</dc:creator>
  <dc:creator>Pérez Soler, Pedro</dc:creator>
  <dc:title>Trabajo de campo: detección de necesidades del cuidador de pacientes con enfermedad de Alzheimer</dc:title>
  <dc:identifier>http://zaguan.unizar.es/record/10433</dc:identifier>
  <dc:subject>enfermedad de alzheimer</dc:subject>
  <dc:subject>cuidador familiar</dc:subject>
  <dc:publisher>Universidad de Zaragoza</dc:publisher>
  <dc:date>2013</dc:date>
  <dc:description>La enfermedad de Alzheimer es un trastorno crónico, progresivo e incurable donde el enfermo acaba siendo totalmente dependiente, los efectos devastadores de esta enfermedad los sufre tanto el enfermo como el cuidador. La responsabilidad del cuidado de estos pacientes recae en la familia y, sobre todo, en el cuidador principal quien se convierte en una persona vulnerable a enfermedades físicas y psicológicas. Se trata de un trabajo de campo realizado en la asociación de Familiares de Enfermos de Alzheimer (AFEDAZ) para conocer los principales problemas que sufren los cuidadores a lo largo del curso de la enfermedad de su familiar. A partir de técnicas, como la entrevista y la observación participante, se recoge información para conocer las principales necesidades de los cuidadores. Tras la valoración de las necesidades afectadas se plantean diferentes diagnósticos y se desarrolla el más frecuente. Siendo el cansancio del rol del cuidador el diagnóstico más importante, se elabora un plan de cuidados estandarizado para cuidadores con las principales actividades.</dc:description>
  <dc:format>pdf</dc:format>
  <dc:language>spa</dc:language>
  <dc:type>info:eu-repo/semantics/bachelorThesis</dc:type>
  <dc:rights>by-nc-sa</dc:rights>
  <dc:rights>http://creativecommons.org/licenses/by-nc-sa/3.0/</dc:rights>
</oai_dc:dc>