<?xml version="1.0" encoding="UTF-8"?><oai_dc:dc xmlns:oai_dc="http://www.openarchives.org/OAI/2.0/oai_dc/" xmlns:dc="http://purl.org/dc/elements/1.1/" xmlns:xsi="http://www.w3.org/2001/XMLSchema-instance" xsi:schemaLocation="http://www.openarchives.org/OAI/2.0/oai_dc/ http://www.openarchives.org/OAI/2.0/oai_dc.xsd">
  <dc:creator>Benavente Álamo, Cristina</dc:creator>
  <dc:creator>Gonzalo Ciria, Laura</dc:creator>
  <dc:creator>Chueca Miguel, Eva Pilar</dc:creator>
  <dc:title>Influencia de la terapia ocupacional en el lenguaje en un caso de demencia con cuerpos de Lewy</dc:title>
  <dc:identifier>http://zaguan.unizar.es/record/10866</dc:identifier>
  <dc:subject>demencia</dc:subject>
  <dc:subject>Lewy</dc:subject>
  <dc:subject>cognitivo</dc:subject>
  <dc:subject>lenguaje</dc:subject>
  <dc:subject>fluencia verbal</dc:subject>
  <dc:publisher>Universidad de Zaragoza</dc:publisher>
  <dc:date>2013</dc:date>
  <dc:description>Con este trabajo pretendemos estudiar la influencia de la terapia ocupacional en un caso de demencia con cuerpos de Lewy, una enfermedad neurodegenerativa que cursa con deterioro cognitivo progresivo. Ésta es la segunda causa de demencia, después del Alzheimer, suponiendo de un 10% al 25% de todas las demencias en la población. El trabajo desde terapia ocupacional estará orientado, en todo momento, a mejorar la funcionalidad y calidad de vida, además de disminuir la repercusión de la enfermedad sobre el cuidador principal. La metodología de intervención estará centrada en el área del lenguaje, con el objetivo de mejorar tanto la fluencia verbal como la memoria semántica. A la hora de estructurar nuestro trabajo, nos hemos basado en el Marco de Trabajo de la terapia ocupacional, además de seguir la filosofía del Modelo de Ocupación Humana.  La intervención se hará según las bases del Marco Cognitivo-Conductual, por lo que utilizaremos el mini examen cognoscitivo de Lobo (1974) para valorar el deterioro cognitivo, además del Set-test de Isaac específico del lenguaje. Como escalas complementarias para una valoración global hemos utilizado: Índice de Barthel para ABVD, escala de Lawton y Brody para evaluar el grado de independencia en AIVD; escala de Yesavage para el estado emocional; y el listado de intereses para conocer sus motivaciones. Tras el análisis de los resultados, se ha demostrado que la terapia ocupacional es efectiva para mejorar las capacidades del lenguaje afectadas por la demencia, aumentando además la satisfacción personal de la propia persona y calidad de vida.</dc:description>
  <dc:format>pdf</dc:format>
  <dc:language>spa</dc:language>
  <dc:type>info:eu-repo/semantics/bachelorThesis</dc:type>
  <dc:rights>by-nc-sa</dc:rights>
  <dc:rights>http://creativecommons.org/licenses/by-nc-sa/3.0/</dc:rights>
</oai_dc:dc>