<?xml version="1.0" encoding="UTF-8"?><oai_dc:dc xmlns:oai_dc="http://www.openarchives.org/OAI/2.0/oai_dc/" xmlns:dc="http://purl.org/dc/elements/1.1/" xmlns:xsi="http://www.w3.org/2001/XMLSchema-instance" xsi:schemaLocation="http://www.openarchives.org/OAI/2.0/oai_dc/ http://www.openarchives.org/OAI/2.0/oai_dc.xsd">
  <dc:creator>Antón Antón, Jesús</dc:creator>
  <dc:creator>Franco Gimeno, José Manuel</dc:creator>
  <dc:title>Técnicas de producción en molde de metales y plásticos</dc:title>
  <dc:identifier>http://zaguan.unizar.es/record/10098</dc:identifier>
  <dc:subject>moldeo</dc:subject>
  <dc:publisher>Universidad de Zaragoza</dc:publisher>
  <dc:date>2013</dc:date>
  <dc:description>RESUMEN: El proyecto final de carrera “Fabricación en moldes de metales y polímeros” consiste en la recopilación de los diferentes procesos productivos que existen hoy en día para la fabricación de piezas tanto en metal como en plástico. Estos métodos se han separado en dos grandes bloques, el primero de ellos para la fabricación de metales, y el segundo para la fabricación de plásticos. Dentro del primer grupo se explica detalladamente y con ejemplos gráficos, en qué consisten los siguientes procesos: -	Moldeo a la cera perdida. -	Fundición en molde de arena. -	Moldeo en cáscara o concha. -	Fundición en molde consumible. -	Fundición en molde de yeso. -	Moldeo en vacio. -	Moldeo en coquilla. -	Fundición a presión. -	Fundición centrifuga. En cada uno de ellos se ha querido tratar los mismos puntos, para que puedan compararse entre ellos y facilitar así el proceso de aprendizaje. Estos puntos a tratar en cada uno de ellos son: antecedentes históricos, molde, proceso, ventajas y desventajas y aplicaciones. Dentro del segundo grupo se explica detalladamente y con ejemplos gráficos en qué consiste cada uno de los siguientes procesos: -	Moldeo de plásticos por inyección. -	Moldeo de plásticos por extrusión de polímero. -	Moldeo de plásticos por soplado. -	Moldeo de plásticos por compresión. -	Moldeo de plásticos por transferencia. -	Moldeo de plásticos por termoconformado. La explicación de estos procesos es algo más extensa, ya que existe una mayor complejidad y son más modernos que en el caso de los metales.</dc:description>
  <dc:format>pdf</dc:format>
  <dc:language>spa</dc:language>
  <dc:type>info:eu-repo/semantics/masterThesis</dc:type>
  <dc:rights>by-nc-sa</dc:rights>
  <dc:rights>http://creativecommons.org/licenses/by-nc-sa/3.0/</dc:rights>
</oai_dc:dc>