<?xml version="1.0" encoding="UTF-8"?><oai_dc:dc xmlns:oai_dc="http://www.openarchives.org/OAI/2.0/oai_dc/" xmlns:dc="http://purl.org/dc/elements/1.1/" xmlns:xsi="http://www.w3.org/2001/XMLSchema-instance" xsi:schemaLocation="http://www.openarchives.org/OAI/2.0/oai_dc/ http://www.openarchives.org/OAI/2.0/oai_dc.xsd">
  <dc:creator>Domínguez Insa, Julia</dc:creator>
  <dc:creator>Lafuente Pastor, Vicente Pedro</dc:creator>
  <dc:title>El Régimen Salarial en el ordenamiento jurídico español.Reforma del Mercado Laboral en materia salarial, tras la Ley 3/2012 y el RD-Ley 20/2012</dc:title>
  <dc:identifier>http://zaguan.unizar.es/record/11058</dc:identifier>
  <dc:subject>desempleo</dc:subject>
  <dc:subject>despido</dc:subject>
  <dc:subject>descuelgue salarial</dc:subject>
  <dc:subject>flexibilidad</dc:subject>
  <dc:subject>negociación colectiva</dc:subject>
  <dc:subject>reforma laboral</dc:subject>
  <dc:subject>salario</dc:subject>
  <dc:subject>salario de tramitación</dc:subject>
  <dc:subject>salario emocional</dc:subject>
  <dc:subject>ultraactividad</dc:subject>
  <dc:publisher>Universidad de Zaragoza</dc:publisher>
  <dc:date>2013</dc:date>
  <dc:description>La actual reforma laboral en España nace como una exigencia ante la profundidad de la crisis económica y de empleo que padece nuestro país. Si bien es una reforma amplia y exigente por la importancia de sus modificaciones. Parece también una reforma desequilibrada, que en general facilita el poder de decisión empresarial, recorta derechos a los trabajadores, y está produciendo descontento social ante la dificultad de encontrar empleo, debido a la falta de actividad productiva.La autora analiza algunos aspectos críticos de la reforma especialmente en materia salarial y plantea unas reflexiones críticas de las novedades y debilidades que repercutirán en las políticas salariales de los próximos años.</dc:description>
  <dc:format>pdf</dc:format>
  <dc:language>spa</dc:language>
  <dc:type>info:eu-repo/semantics/bachelorThesis</dc:type>
  <dc:rights>by-nc-sa</dc:rights>
  <dc:rights>http://creativecommons.org/licenses/by-nc-sa/3.0/</dc:rights>
</oai_dc:dc>