<?xml version="1.0" encoding="UTF-8"?><oai_dc:dc xmlns:oai_dc="http://www.openarchives.org/OAI/2.0/oai_dc/" xmlns:dc="http://purl.org/dc/elements/1.1/" xmlns:xsi="http://www.w3.org/2001/XMLSchema-instance" xsi:schemaLocation="http://www.openarchives.org/OAI/2.0/oai_dc/ http://www.openarchives.org/OAI/2.0/oai_dc.xsd">
  <dc:creator>Aliaga Gregorio, Juan Carlos</dc:creator>
  <dc:creator>González Cebollada, César</dc:creator>
  <dc:title>Simulación hidráulica del cauce natural del barranco de Campillo (zona regable  de Monegros II) y posterior encauzamiento mediante el programa Hec-Ras</dc:title>
  <dc:identifier>http://zaguan.unizar.es/record/10789</dc:identifier>
  <dc:subject>hec-ras</dc:subject>
  <dc:subject>encauzamiento</dc:subject>
  <dc:subject>modelización </dc:subject>
  <dc:subject>arcmap </dc:subject>
  <dc:subject>sig</dc:subject>
  <dc:subject>gis </dc:subject>
  <dc:subject>geo-ras </dc:subject>
  <dc:subject>avenidas </dc:subject>
  <dc:subject>riegos </dc:subject>
  <dc:subject>monegros</dc:subject>
  <dc:publisher>Universidad de Zaragoza</dc:publisher>
  <dc:date>2013</dc:date>
  <dc:description>El objeto del presente proyecto ha sido la modelización hidráulica del barranco de Campillo, en el término municipal de Ballobar (Huesca), que formara parte de la red de drenajes de la zona regable de Monegros II dentro de la Comunidad General de Riegos del Alto Aragón. La geometría del cauce para la modelización hidráulica ha sido generada con el programa Geo-Ras, que funciona como extensión del programa SIG (Sistema de Información Geografica) ArcMap. La posterior modelización hidráulica se ha realizado mediante el programa de cálculo hidráulico Hec-Ras. Para la modelización hidráulica se han considerado los caudales de retorno de riegos, máxima avenida con periodo de retorno de 25 años y máxima avenida con periodo de retorno de 100 años. Con la modelización del cauce natural del barranco se han detectado las situaciones a corregir, para su correcto funcionamiento como desagüe de la zona de riego, para que el barranco permita el flujo sin desbordamiento de los caudales de avenida y para el correcto dimensionado de los cruces de caminos sobre dicho barranco. Una vez detectadas las situaciones a corregir, se ha procedido al diseño del encauzamiento del barranco mediante el programa Hec-Ras. Diseñando las estructuras disipadoras de energía necesarias y los cruces de caminos sobre el barranco.</dc:description>
  <dc:format>pdf</dc:format>
  <dc:language>spa</dc:language>
  <dc:type>info:eu-repo/semantics/masterThesis</dc:type>
  <dc:rights>by-nc-sa</dc:rights>
  <dc:rights>http://creativecommons.org/licenses/by-nc-sa/3.0/</dc:rights>
</oai_dc:dc>