<?xml version="1.0" encoding="UTF-8"?><oai_dc:dc xmlns:oai_dc="http://www.openarchives.org/OAI/2.0/oai_dc/" xmlns:dc="http://purl.org/dc/elements/1.1/" xmlns:xsi="http://www.w3.org/2001/XMLSchema-instance" xsi:schemaLocation="http://www.openarchives.org/OAI/2.0/oai_dc/ http://www.openarchives.org/OAI/2.0/oai_dc.xsd">
  <dc:creator>Arrúe Lobera, Álvaro</dc:creator>
  <dc:creator>Miguel Artiaga, Antonio</dc:creator>
  <dc:title>Dispositivo de interfaz de usuario orientado a enseñanza del habla por ordenador: caracterización acústica y diseño e implementación de aplicación interactiva</dc:title>
  <dc:identifier>http://zaguan.unizar.es/record/10272</dc:identifier>
  <dc:subject>reconocimiento automático del habla (rah)</dc:subject>
  <dc:subject>reconocimiento de acciones humanas</dc:subject>
  <dc:subject>kinect</dc:subject>
  <dc:subject>cancelación de ruido</dc:subject>
  <dc:subject>conformado de haz</dc:subject>
  <dc:subject>procesado de señal</dc:subject>
  <dc:publisher>Universidad de Zaragoza</dc:publisher>
  <dc:date>2013</dc:date>
  <dc:description>El aprendizaje del habla es un proceso considerado natural y sencillo en la especie humana. Sin embargo, es fruto de complejos procesos mentales y de maduración de vital importancia al tratarse de una de las primeras destrezas sociales adquiridas, base de futuros desarrollos cognitivos, intelectuales y emocionales. Problemas al aprender a hablar pueden suponer futuros retrasos en la educación, o dificultades en la integración social de los niños, especialmente en aquellos casos en los que se añade algún grado de discapacidad mental o física. Esta Tesis de Fin de Máster se centra en la caracterización de un dispositivo de interfaz de usuario para su utilización como herramienta orientada al reconocimiento automático del habla en entornos pedagógicos a través de aplicaciones informáticas. Para ello se han diseñado dos soluciones de software. La primera de ellas se centra en la creación de una plataforma base sobre la que desarrollar aplicaciones que hagan uso de toda la potencialidad de un dispositivo sensor orientado a la creación de interfaces naturales de usuario. Esta solución, además, ha servido de base para el desarrollo de herramientas y aplicaciones usadas a lo largo del mismo.  La segunda es un reconocedor de palabras aisladas con el que evaluar las capacidades de dicho dispositivo en cuanto a sus capacidades de obtención de señales de audio y el procesado interno que sobre éstas realiza y cómo afectan a la acción de dicho reconocedor. Para poder llevar a cabo esta caracterización se ha creado una base de datos de señales de voz con diferentes locutores, posiciones y opciones de procesado de audio que han servido de base para la obtención de resultados cuantificables.</dc:description>
  <dc:format>pdf</dc:format>
  <dc:language>spa</dc:language>
  <dc:type>info:eu-repo/semantics/masterThesis</dc:type>
  <dc:rights>by-nc-sa</dc:rights>
  <dc:rights>http://creativecommons.org/licenses/by-nc-sa/3.0/</dc:rights>
</oai_dc:dc>