<?xml version="1.0" encoding="UTF-8"?><oai_dc:dc xmlns:oai_dc="http://www.openarchives.org/OAI/2.0/oai_dc/" xmlns:dc="http://purl.org/dc/elements/1.1/" xmlns:xsi="http://www.w3.org/2001/XMLSchema-instance" xsi:schemaLocation="http://www.openarchives.org/OAI/2.0/oai_dc/ http://www.openarchives.org/OAI/2.0/oai_dc.xsd">
  <dc:creator>Cásedas Aguarón, Lucía</dc:creator>
  <dc:creator>Ayensa Vázquez, José Ángel</dc:creator>
  <dc:title>Programa de educación para la salud. Soporte vital básico y reanimación cardiopulmonar básica en niños y lactantes</dc:title>
  <dc:identifier>http://zaguan.unizar.es/record/10705</dc:identifier>
  <dc:publisher>Universidad de Zaragoza</dc:publisher>
  <dc:date>2013</dc:date>
  <dc:description>Sondeos demuestran que en la reanimación cardiopulmonar básica (RCP-B) pediátrica acontecida fuera de las unidades de cuidados intensivos se consigue una supervivencia inferior al 10%, con peores resultados en las producidas fuera del hospital. Este hecho se debe a que las medidas de RCP se inician con retraso y a que la formación del profesional sanitario en esta materia es escasa, distorsionada o errónea.  Además, sociedades científicas relevantes, como la American Heart Association o el European Resuscitation Council, inciden en la necesidad de desarrollar programas de entrenamiento en Soporte Vital Básico (SVB) y RCP-B a nivel pediátrico.  El principal objetivo de este programa de salud es dotar de conocimientos suficientes a los profesionales sanitarios que requieran entrenamiento y conseguir que, a su vez, el programa sea una herramienta teórica y/o practica muy útil para todos los sanitarios ya que permite realizar el SVB y la RCP-B pediátrica de forma normalizada. Nuestro programa de salud abarca ambos conceptos y, estructurado en 6 sesiones, se consigue actualizar los conocimientos y habilidades de los asistentes de forma continuada. Tras la evaluación de los asistentes de forma previa y posteriormente a la realización de las sesiones, obtenemos resultados satisfactorios ya que han incrementado los conocimientos tanto teóricos como prácticos a cerca del SVB y RCP-B a nivel pediátrico.</dc:description>
  <dc:format>pdf</dc:format>
  <dc:language>spa</dc:language>
  <dc:type>info:eu-repo/semantics/bachelorThesis</dc:type>
  <dc:rights>by-nc-sa</dc:rights>
  <dc:rights>http://creativecommons.org/licenses/by-nc-sa/3.0/</dc:rights>
</oai_dc:dc>