<?xml version="1.0" encoding="UTF-8"?><oai_dc:dc xmlns:oai_dc="http://www.openarchives.org/OAI/2.0/oai_dc/" xmlns:dc="http://purl.org/dc/elements/1.1/" xmlns:xsi="http://www.w3.org/2001/XMLSchema-instance" xsi:schemaLocation="http://www.openarchives.org/OAI/2.0/oai_dc/ http://www.openarchives.org/OAI/2.0/oai_dc.xsd">
  <dc:creator>Herrer Serós, Miriam</dc:creator>
  <dc:creator>Sanz Ferreruela, Fernando</dc:creator>
  <dc:title>El pisito, El cochecito, Plácido y El verdugo (1958-1963), retrato de una época a través de los guiones cinematográficos de Rafael Azcona</dc:title>
  <dc:identifier>http://zaguan.unizar.es/record/10204</dc:identifier>
  <dc:subject>rafael azcona</dc:subject>
  <dc:publisher>Universidad de Zaragoza</dc:publisher>
  <dc:date>2013</dc:date>
  <dc:description>Los años cincuenta en España supusieron entre otras muchas cosas el fin de la autarquía franquista y con ella se inició un tímido proceso de cambio que poco a poco iría abriendo camino al aperturismo social y económico de los años sesenta.El cine, en ocasiones, ha servido como fuente documental de información permitiendo conocer épocas pasadas del mismo modo que los libros de historia. Esta investigación se centra en la figura de Rafael Azcona y sus primeros guiones, con el objetivo de aproximarnos a esos años desde un nuevo punto de vista, el sociológico. Desafortunadamente existen pocos trabajos en España sobre este guionista, y ninguno que estudie su obra  desde esta nueva perspectiva, por lo tanto aspiramos a conocer a través de sus películas cómo vivía y sentía la sociedad de aquella década a pesar de los fallidos intentos de la censura por esconder la realidad.</dc:description>
  <dc:format>pdf</dc:format>
  <dc:language>spa</dc:language>
  <dc:type>info:eu-repo/semantics/masterThesis</dc:type>
  <dc:rights>by-nc-sa</dc:rights>
  <dc:rights>http://creativecommons.org/licenses/by-nc-sa/3.0/</dc:rights>
</oai_dc:dc>