<?xml version="1.0" encoding="UTF-8"?><oai_dc:dc xmlns:oai_dc="http://www.openarchives.org/OAI/2.0/oai_dc/" xmlns:dc="http://purl.org/dc/elements/1.1/" xmlns:xsi="http://www.w3.org/2001/XMLSchema-instance" xsi:schemaLocation="http://www.openarchives.org/OAI/2.0/oai_dc/ http://www.openarchives.org/OAI/2.0/oai_dc.xsd">
  <dc:creator>Sirera Palao, Juan Carlos</dc:creator>
  <dc:creator>Mena Nieto, Eduardo</dc:creator>
  <dc:title>Diseño e implementación de una aplicación Android para la gestión de datos de equipos de diagnóstico clínico</dc:title>
  <dc:identifier>http://zaguan.unizar.es/record/10066</dc:identifier>
  <dc:subject>gestión de equipos</dc:subject>
  <dc:subject>android</dc:subject>
  <dc:subject>coagulación</dc:subject>
  <dc:subject>internet</dc:subject>
  <dc:subject>base de datos.</dc:subject>
  <dc:publisher>Universidad de Zaragoza</dc:publisher>
  <dc:date>2013</dc:date>
  <dc:description>Actualmente, el sector de las comunicaciones e internet están experimentando un gran crecimiento y evolución tecnológica, y por otra parte las empresas cada día necesitan que sus procesos sean ágiles, eficientes y automatizados. Teniendo en cuenta lo anterior, el presente Trabajo Fin de Máster se centra en el desarrollo de una aplicación que permitirá al ingeniero de campo conocer toda la información relevante del equipo de diagnóstico médico en el que realiza la intervención, así como poder descargar un backup anterior con el que restaurar los diferentes parámetros completos del equipo y la configuración de test en caso de inestabilidad del sistema. También permitirá almacenar en la base de datos nuevos backup, configuraciones del protocolo ASTM y toda la información generada de la intervención realizada, que a su vez, puede ser consultada por los diferentes ingenieros de campo con acceso a la aplicación para poder diagnosticar un problema o potencial problema en un futuro al consultar el historial de intervenciones. En este documento se detalla el análisis, diseño e implementación de la aplicación creada para dispositivos móviles Android</dc:description>
  <dc:format>pdf</dc:format>
  <dc:language>spa</dc:language>
  <dc:type>info:eu-repo/semantics/masterThesis</dc:type>
  <dc:rights>by-nc-sa</dc:rights>
  <dc:rights>http://creativecommons.org/licenses/by-nc-sa/3.0/</dc:rights>
</oai_dc:dc>