<?xml version="1.0" encoding="UTF-8"?><oai_dc:dc xmlns:oai_dc="http://www.openarchives.org/OAI/2.0/oai_dc/" xmlns:dc="http://purl.org/dc/elements/1.1/" xmlns:xsi="http://www.w3.org/2001/XMLSchema-instance" xsi:schemaLocation="http://www.openarchives.org/OAI/2.0/oai_dc/ http://www.openarchives.org/OAI/2.0/oai_dc.xsd">
  <dc:creator>Cabello Pola, Marta</dc:creator>
  <dc:creator>Marco Sanz, María del Carmen </dc:creator>
  <dc:title>Intervención desde terapia ocupacional en ictus</dc:title>
  <dc:identifier>http://zaguan.unizar.es/record/10857</dc:identifier>
  <dc:subject>hemiplejia</dc:subject>
  <dc:subject>terapia ocupacional</dc:subject>
  <dc:subject>sensoriomotriz</dc:subject>
  <dc:subject>rehabilitación</dc:subject>
  <dc:publisher>Universidad de Zaragoza</dc:publisher>
  <dc:date>2013</dc:date>
  <dc:description>El caso que se presenta en este proyecto es un paciente afectado por un ictus hemorrágico intracraneal izquierdo, como consecuencia de una serie de circunstancias denominadas factores de riesgo. Este trabajo se justifica tanto por la gran incidencia de dicha patología como por el importante papel de la terapia ocupacional (T.O.), ya que ofrece un tratamiento global abarcando gran parte de las áreas que han podido ser afectadas por el accidente. Se valoran aquellas habilidades aquejadas, con una serie de escalas estandarizadas, para posteriormente plantear un tratamiento rehabilitador basado en el modelo neuromotriz. Con el propósito de conseguir la mayor recuperación a nivel sensorio-motriz del paciente y, como consecuencia, su máxima autonomía e independencia en su vida diaria. Para ello se realizan una serie de actividades según los objetivos planteados. Se han realizado de forma progresiva en el tiempo adaptándolas a la evolución del paciente. Por último, se ha reevaluado al paciente del mismo modo que lo hicimos en el inicio de la intervención. De esta forma se comprueba que el abordaje planteado desde terapia ocupacional para la rehabilitación en ictus ha sido logrado. Quedando evidente las mejoras sensoriomotrices del miembro superior, así como su integración en las actividades de la vida diaria. Teniendo en cuenta que el comienzo precoz en el tratamiento y su posterior mantenimiento es determinante en la mejora del paciente.</dc:description>
  <dc:format>pdf</dc:format>
  <dc:language>spa</dc:language>
  <dc:type>info:eu-repo/semantics/bachelorThesis</dc:type>
  <dc:rights>by-nc-sa</dc:rights>
  <dc:rights>http://creativecommons.org/licenses/by-nc-sa/3.0/</dc:rights>
</oai_dc:dc>