<?xml version="1.0" encoding="UTF-8"?><oai_dc:dc xmlns:oai_dc="http://www.openarchives.org/OAI/2.0/oai_dc/" xmlns:dc="http://purl.org/dc/elements/1.1/" xmlns:xsi="http://www.w3.org/2001/XMLSchema-instance" xsi:schemaLocation="http://www.openarchives.org/OAI/2.0/oai_dc/ http://www.openarchives.org/OAI/2.0/oai_dc.xsd">
  <dc:creator>Serrano Valenzuela, Belén</dc:creator>
  <dc:creator>Orejudo Hernández, Santos</dc:creator>
  <dc:title>Adquisición de valores en adolescentes participantes en campos de trabajo</dc:title>
  <dc:identifier>http://zaguan.unizar.es/record/11152</dc:identifier>
  <dc:subject>desarrollo positivo adolescente</dc:subject>
  <dc:subject>actividades de tiempo libre</dc:subject>
  <dc:subject>programas extraescolares</dc:subject>
  <dc:subject>valores</dc:subject>
  <dc:subject>educación secundaria</dc:subject>
  <dc:publisher>Universidad de Zaragoza</dc:publisher>
  <dc:date>2013</dc:date>
  <dc:description>Se evalúan los cambios producidos en los valores de los jóvenes adolescentes que participan en actividades de educación no formal, en concreto, en los Campos de trabajo que organiza el Instituto Aragonés de la Juventud. El estudio se enmarca dentro del enfoque de la psicología positiva y, en especial, del Desarrollo positivo adolescente. Los resultados indican algunas diferencias significativas previas entre los dos grupos, ya que los participantes de actividades solidarias y también los que pertenecen a asociaciones sin ánimo de lucro, ya puntúan más alto en valores sociales. Aún teniendo en cuenta este perfil anterior a la participación, el programa resulta eficaz en la adquisición de algunos valores personales.</dc:description>
  <dc:format>pdf</dc:format>
  <dc:language>spa</dc:language>
  <dc:type>info:eu-repo/semantics/masterThesis</dc:type>
  <dc:rights>by-nc-sa</dc:rights>
  <dc:rights>http://creativecommons.org/licenses/by-nc-sa/3.0/</dc:rights>
</oai_dc:dc>