<?xml version="1.0" encoding="UTF-8"?><oai_dc:dc xmlns:oai_dc="http://www.openarchives.org/OAI/2.0/oai_dc/" xmlns:dc="http://purl.org/dc/elements/1.1/" xmlns:xsi="http://www.w3.org/2001/XMLSchema-instance" xsi:schemaLocation="http://www.openarchives.org/OAI/2.0/oai_dc/ http://www.openarchives.org/OAI/2.0/oai_dc.xsd">
  <dc:creator>Linares Morales, Daniel</dc:creator>
  <dc:creator>Grima Moliner, José Luis</dc:creator>
  <dc:title>Riesto cardiovascular en pacientes con hábito tabáquico</dc:title>
  <dc:identifier>http://zaguan.unizar.es/record/11151</dc:identifier>
  <dc:publisher>Universidad de Zaragoza</dc:publisher>
  <dc:date>2013</dc:date>
  <dc:description>Las enfermedades cardiovasculares son la principal causa de morbimortalidad en España. La prevención de estas enfermedades supone un impacto importante en el estado de salud y en el recurso de consumos sanitarios. Prevenir factores de riesgo cardiovasculares modificables es tarea primordial de la atención primaria. Realizamos un estudio sobre la población fumadora analizando sus factores de riesgo así como el riesgo cardiovarcular. El objetivo es cuantificar la mejora de dicho riesgo cardiovascular tras el abandono del hábito tabáquico.</dc:description>
  <dc:format>pdf</dc:format>
  <dc:language>spa</dc:language>
  <dc:type>info:eu-repo/semantics/masterThesis</dc:type>
  <dc:rights>by-nc-sa</dc:rights>
  <dc:rights>http://creativecommons.org/licenses/by-nc-sa/3.0/</dc:rights>
</oai_dc:dc>