<?xml version="1.0" encoding="UTF-8"?><oai_dc:dc xmlns:oai_dc="http://www.openarchives.org/OAI/2.0/oai_dc/" xmlns:dc="http://purl.org/dc/elements/1.1/" xmlns:xsi="http://www.w3.org/2001/XMLSchema-instance" xsi:schemaLocation="http://www.openarchives.org/OAI/2.0/oai_dc/ http://www.openarchives.org/OAI/2.0/oai_dc.xsd">
  <dc:creator>Secorún Enjuanes, Lucía Rosa</dc:creator>
  <dc:creator>Nerín Ballabriga, Sara María</dc:creator>
  <dc:title>Intervención fisioterápica en el linfedema primario de extremidades inferiores. A propósito de un caso</dc:title>
  <dc:identifier>http://zaguan.unizar.es/record/10832</dc:identifier>
  <dc:subject>fisioterapia</dc:subject>
  <dc:subject>linfedema primario</dc:subject>
  <dc:subject>medidas perimétricas</dc:subject>
  <dc:subject>SF-36</dc:subject>
  <dc:subject>drenaje linfático manual</dc:subject>
  <dc:subject>presoterapia</dc:subject>
  <dc:subject>vendaje multicapa</dc:subject>
  <dc:publisher>Universidad de Zaragoza</dc:publisher>
  <dc:date>2013</dc:date>
  <dc:description>El linfedema es una hinchazón de los tejidos blandos por la acumulación de fluido intersticial rico en proteínas, causado por el fallo de la circulación del flujo linfático en combinación con una insuficiente proteólisis extralinfática de las proteínas plasmáticas. Según su etiología se clasifican en primarios y secundarios. El linfedema primario se produce por un fallo del propio sistema linfático (aplasia, hipoplasia o hiperplasia de ganglios y/o vasos linfáticos), y es menos frecuente que el secundario, afectando habitualmente a las extremidades inferiores e iniciándose en zonas distales. La evolución es individual y puede verse influenciada por factores externos. Además de su clínica, el linfedema origina una importante morbilidad psicofísica. De todas las patologías linfáticas, los linfedemas representan la mayor indicación fisioterapéutica. Este estudio trata de constatar la importancia que tiene el tratamiento fisioterápico en una paciente (mujer de 17 años), con linfedema primario precoz bilateral de miembros inferiores, en la reducción del edema y la mejora de la calidad de vida. Las variables valoradas, antes y después de la intervención fisioterápica, han sido: el volumen de las extremidades, mediante medidas perimétricas y la calidad de vida usando el cuestionario SF-36 (Diseño intrasujeto AB). La descongestión del edema se consigue asociando drenaje linfático manual, vendajes multicapa y presoterapia neumática intermitente (fase de descongestión), durante 10 sesiones. Los resultados obtenidos se mantienen gracias a las medias de contención y al respeto de ciertas normas de vida (fase de mantenimiento que no se evalúa en el estudio). Los resultados, tras la aplicación del tratamiento en relación a la evaluación inicial, muestran la reducción del edema y la mejora de la calidad de vida en la paciente.</dc:description>
  <dc:format>pdf</dc:format>
  <dc:language>spa</dc:language>
  <dc:type>info:eu-repo/semantics/bachelorThesis</dc:type>
  <dc:rights>by-nc-sa</dc:rights>
  <dc:rights>http://creativecommons.org/licenses/by-nc-sa/3.0/</dc:rights>
</oai_dc:dc>