<?xml version="1.0" encoding="UTF-8"?><oai_dc:dc xmlns:oai_dc="http://www.openarchives.org/OAI/2.0/oai_dc/" xmlns:dc="http://purl.org/dc/elements/1.1/" xmlns:xsi="http://www.w3.org/2001/XMLSchema-instance" xsi:schemaLocation="http://www.openarchives.org/OAI/2.0/oai_dc/ http://www.openarchives.org/OAI/2.0/oai_dc.xsd">
  <dc:creator>Fadón Torquemada, Óscar</dc:creator>
  <dc:creator>González Labrada, Manuel</dc:creator>
  <dc:title>Plan de Prevención de Riesgos Laborales: evaluación de riesgos en el puesto de trabajo</dc:title>
  <dc:identifier>http://zaguan.unizar.es/record/10050</dc:identifier>
  <dc:publisher>Universidad de Zaragoza</dc:publisher>
  <dc:date>2013</dc:date>
  <dc:description>Mi proyecto Fin de Máster consiste en un Plan de Prevención de Riesgos Laborales de la empresa Grupo One Ibérica, dedicada a la limpieza de inmuebles, en la cual realicé mis prácticas del master durantes dos meses. El apartado más importante del proyecto es la evaluación de riesgos dentro de los puestos de trabajo de la empresa</dc:description>
  <dc:format>pdf</dc:format>
  <dc:language>spa</dc:language>
  <dc:type>info:eu-repo/semantics/masterThesis</dc:type>
  <dc:rights>by-nc-sa</dc:rights>
  <dc:rights>http://creativecommons.org/licenses/by-nc-sa/3.0/</dc:rights>
</oai_dc:dc>