<?xml version="1.0" encoding="UTF-8"?><oai_dc:dc xmlns:oai_dc="http://www.openarchives.org/OAI/2.0/oai_dc/" xmlns:dc="http://purl.org/dc/elements/1.1/" xmlns:xsi="http://www.w3.org/2001/XMLSchema-instance" xsi:schemaLocation="http://www.openarchives.org/OAI/2.0/oai_dc/ http://www.openarchives.org/OAI/2.0/oai_dc.xsd">
  <dc:creator>Esteban Pérez, Jaime</dc:creator>
  <dc:creator>Nerín Ballabriga, Sara María</dc:creator>
  <dc:title>Tratamiento fisioterápico ambulatorio del linfedema de miembro superior postmastectomía. A propósito de un caso</dc:title>
  <dc:identifier>http://zaguan.unizar.es/record/10894</dc:identifier>
  <dc:subject>cáncer de mama</dc:subject>
  <dc:subject>linfedema secundario postmastectomía</dc:subject>
  <dc:subject>terapia descongestiva compleja</dc:subject>
  <dc:subject>drenaje linfático manual</dc:subject>
  <dc:subject>vendaje multicapa</dc:subject>
  <dc:subject>fisioterapia</dc:subject>
  <dc:publisher>Universidad de Zaragoza</dc:publisher>
  <dc:date>2013</dc:date>
  <dc:description>Hoy en día el cáncer de mama es una patología de gran relevancia en nuestra sociedad por su alta tasa de incidencia. No obstante, los avances en prevención y tratamiento han conseguido aumentar de manera notable el porcentaje de supervivientes y, con ello, el número de pacientes que presentan secuelas derivadas del tratamiento. Entre estas secuelas destaca, por su importancia, el linfedema de miembro superior, proceso crónico que requiere ser tratado y controlado periódicamente, lo que supone una carga importante en el sistema sanitario. El objetivo principal de este estudio ha sido valorar la eficacia del tratamiento fisioterápico mediante: drenaje linfático manual, presoterapia y vendaje multicapa, en una paciente con lindefema de miembro superior izquierdo postmastectomía. Los objetivos secundarios a lograr han sido: reducir el volumen del miembro afecto, mejorar la consistencia del edema, disminuir las limitaciones en sus actividades de la vida diaria y valorar la repercusión del linfedema en la calidad de vida y su mejoría, tras la intervención fisioterápica, a través del cuestionario SF-36. Los resultados obtenidos han mostrado una disminución del edema, medido por circometría y volumetría, y una mejoría notable en la calidad de vida relacionada con la salud, valorada mediante el cuestionario SF-36 tras el tratamiento, lo que muestra la eficacia de la intervención fisioterápica en el abordaje de los problemas físicos y psicosociales de las pacientes afectadas por este tipo de linfedema.</dc:description>
  <dc:format>pdf</dc:format>
  <dc:language>spa</dc:language>
  <dc:type>info:eu-repo/semantics/bachelorThesis</dc:type>
  <dc:rights>by-nc-sa</dc:rights>
  <dc:rights>http://creativecommons.org/licenses/by-nc-sa/3.0/</dc:rights>
</oai_dc:dc>