<?xml version="1.0" encoding="UTF-8"?><oai_dc:dc xmlns:oai_dc="http://www.openarchives.org/OAI/2.0/oai_dc/" xmlns:dc="http://purl.org/dc/elements/1.1/" xmlns:xsi="http://www.w3.org/2001/XMLSchema-instance" xsi:schemaLocation="http://www.openarchives.org/OAI/2.0/oai_dc/ http://www.openarchives.org/OAI/2.0/oai_dc.xsd">
  <dc:creator>Calvo García, Diego</dc:creator>
  <dc:creator>Ibáñez Carabantes, Pedro</dc:creator>
  <dc:title>Universidad San Jorge, edificio rectorado</dc:title>
  <dc:identifier>http://zaguan.unizar.es/record/10011</dc:identifier>
  <dc:publisher>Universidad de Zaragoza</dc:publisher>
  <dc:date>2013</dc:date>
  <dc:description>Consiste en un proyecto de instalación eléctrica de Baja Tensión de un edificio de pública concurrencia, (edificio de rectorado de la Universidad San Jorge).  Consiste en un edificio universitario de 5 plantas, de aproximadamente unos 1000 m2 por planta, exceptuando el sótano y el ático (sala de máquinas). También está realizada la instalación de la iluminación del aparcamiento exterior. Debido a que es un edificio con bastante superficie útil necesitará un gran consumo energético, y ello nos lleva a tener que instalar un CT subterráneo de propietario que pertenece al edificio.  Todo el proyecto sigue estrictamente las Instrucciones Técnicas del REBT.</dc:description>
  <dc:format>pdf</dc:format>
  <dc:language>spa</dc:language>
  <dc:type>info:eu-repo/semantics/masterThesis</dc:type>
  <dc:rights>by-nc-sa</dc:rights>
  <dc:rights>http://creativecommons.org/licenses/by-nc-sa/3.0/</dc:rights>
</oai_dc:dc>