<?xml version="1.0" encoding="UTF-8"?><oai_dc:dc xmlns:oai_dc="http://www.openarchives.org/OAI/2.0/oai_dc/" xmlns:dc="http://purl.org/dc/elements/1.1/" xmlns:xsi="http://www.w3.org/2001/XMLSchema-instance" xsi:schemaLocation="http://www.openarchives.org/OAI/2.0/oai_dc/ http://www.openarchives.org/OAI/2.0/oai_dc.xsd">
  <dc:creator>García Navas, Miguel Ángel</dc:creator>
  <dc:creator>Royo Herrer, Francisco Javier</dc:creator>
  <dc:title>Análisis energético-económico-ambiental de distintas tecnologías para cubrir la demanda energética de un edificio del sector residencial</dc:title>
  <dc:identifier>http://zaguan.unizar.es/record/10296</dc:identifier>
  <dc:subject>energía de la biomasa</dc:subject>
  <dc:subject>vdi2067</dc:subject>
  <dc:subject>análisis ciclo vida</dc:subject>
  <dc:subject>cogeneración</dc:subject>
  <dc:subject>trigeneración</dc:subject>
  <dc:publisher>Universidad de Zaragoza</dc:publisher>
  <dc:date>2013</dc:date>
  <dc:description>Los edificios juegan un papel importante en el consumo de energía, en un porcentaje de hasta un 40% de la demanda total, siendo los principales consumidores. La mayor parte de la energía es empelada para el suministro de calefacción, ventilación y aire acondicionado. Con el objetivo de reducir las emisiones, se legislan a nivel europeo medidas de mejora de la eficiencia energética, con su transposición correspondiente a nivel nacional, que tienen como objetivo lograr su uso racional, necesario para la utilización de los edificios, reduciendo su gasto. Para ello se utilizan fuentes de energía renovable, pero no recogen los impactos medioambientales asociados al uso de los diferentes componentes utilizados para su aprovechamiento. El objetivo de este trabajo consiste es comparar una instalación estándar representativa, emplazada en un edificio de viviendas del sector residencial, con tres alternativas propuestas desde varios puntos de vista. El análisis económico se realiza a través del estándar VDI2067, en el que se comparan los costes energéticos. La rentabilidad económica se compara analizando la Tasa Interna de Rentabilidad (TIR) y el Valor Actual Neto (VAN), a través de un análisis de sensibilidad para evaluar el efecto de variación de precios de combustible y electricidad durante el tiempo necesario de retorno de la inversión. Desde el punto de vista medioambiental se realiza un Análisis de Ciclo de Vida (ACV), para evaluar la calidad ambiental de cada supuesto. Los resultados muestran que los costes energéticos de la instalación estándar son similares a la alternativa con cogeneración, por la generación de electricidad que se traduce en un coste evitado. Para el caso de la trigeneración, este ahorro no es suficiente para vencer los mayores costos sobre la instalación estándar, resultando más desfavorable. En este escenario, únicamente habrá subvenciones disponibles para la instalación alternativa con biomasa, lo cual hace que se igualen sus costes energéticos respecto de la instalación estándar. La variación de precios de los combustibles de origen fósil hace que la única instalación que obtiene ahorros anuales, como para resultar económicamente viable y con un retorno de inversión menor al tiempo de vida de la instalación, resulta ser la alternativa con biomasa. Los impactos medioambientales producidos por la instalación estándar resultan ser superiores al del resto de alternativas, considerándose la más desfavorable. Para las tres alternativas propuestas obtienen resultados similares en varios métodos utilizados, lo que conllevaría realizar un estudio medioambiental más exhaustivo entre ellas.</dc:description>
  <dc:format>pdf</dc:format>
  <dc:language>spa</dc:language>
  <dc:type>info:eu-repo/semantics/masterThesis</dc:type>
  <dc:rights>by-nc-sa</dc:rights>
  <dc:rights>http://creativecommons.org/licenses/by-nc-sa/3.0/</dc:rights>
</oai_dc:dc>