<?xml version="1.0" encoding="UTF-8"?><oai_dc:dc xmlns:oai_dc="http://www.openarchives.org/OAI/2.0/oai_dc/" xmlns:dc="http://purl.org/dc/elements/1.1/" xmlns:xsi="http://www.w3.org/2001/XMLSchema-instance" xsi:schemaLocation="http://www.openarchives.org/OAI/2.0/oai_dc/ http://www.openarchives.org/OAI/2.0/oai_dc.xsd">
  <dc:creator>Josa Laorden, Claudia</dc:creator>
  <dc:creator>Torralba Cabeza, Miguel Ángel</dc:creator>
  <dc:title>Estudio nutricional de los pacientes ingresados por insuficiencia cardiaca aguda mediante ODIMET: serie caso-control</dc:title>
  <dc:identifier>http://zaguan.unizar.es/record/11142</dc:identifier>
  <dc:subject>odimet</dc:subject>
  <dc:subject>estudio nutricional</dc:subject>
  <dc:subject>aminoácidos esenciales</dc:subject>
  <dc:subject>vitaminas</dc:subject>
  <dc:subject>insuficiencia cardíaca</dc:subject>
  <dc:publisher>Universidad de Zaragoza</dc:publisher>
  <dc:date>2013</dc:date>
  <dc:description>En este estudio se pretende, mediante el uso de la herramienta informática ODIMET, realizar un estudio comparativo caso-control del estado nutricional de los pacientes ingresados por insuficiencia cardiaca (IC), y valorar la utilidad que presenta en la práctica clínica diaria. Estudio realizado en el Servicio de Medicina Interna del Hospital Clínico Universitario Lozano Blesa, en Zaragoza. Como resultados se demostraron que existen diferencia significativas, con desnutrición, en los pacientes ingresados por IC en nuestra unidad, respecto a los controles pareados por edad y sexo. Los pacientes con IC aguda presentan una deficiencia no solo en la ingesta calórica sino en lo referente a hidratos de carbono, aminoácidos esenciales, vitaminas del grupo B y C e ingesta proteica respecto a los sujetos control. Este estudio se ha realizado mediante una nueva herramienta sencilla, sin coste, no invasiva, rápida y reproducible, ODIMET, que nos proporcional información clave en lo referente al estado nutricional de los pacientes con insuficiencia cardiaca, con las implicaciones que esto tiene en cuanto al tratamiento, evolución y pronóstico de estos pacientes.</dc:description>
  <dc:format>pdf</dc:format>
  <dc:language>spa</dc:language>
  <dc:type>info:eu-repo/semantics/masterThesis</dc:type>
  <dc:rights>by-nc-sa</dc:rights>
  <dc:rights>http://creativecommons.org/licenses/by-nc-sa/3.0/</dc:rights>
</oai_dc:dc>