<?xml version="1.0" encoding="UTF-8"?><oai_dc:dc xmlns:oai_dc="http://www.openarchives.org/OAI/2.0/oai_dc/" xmlns:dc="http://purl.org/dc/elements/1.1/" xmlns:xsi="http://www.w3.org/2001/XMLSchema-instance" xsi:schemaLocation="http://www.openarchives.org/OAI/2.0/oai_dc/ http://www.openarchives.org/OAI/2.0/oai_dc.xsd">
  <dc:creator>Rojo Vidal, María José</dc:creator>
  <dc:creator>García Ruiz, Pablo</dc:creator>
  <dc:title>Políticas sociolaborales sector seguros</dc:title>
  <dc:identifier>http://zaguan.unizar.es/record/11030</dc:identifier>
  <dc:subject>politicas sociolaborales </dc:subject>
  <dc:subject>sector seguros</dc:subject>
  <dc:publisher>Universidad de Zaragoza</dc:publisher>
  <dc:date>2013</dc:date>
  <dc:description>En el Trabajo Fin de Grado de "Políticas sociolaborales del sector de los Seguros", muestro las diferentes medidas de conciliación que las diferentes empresas de este sector ofrecen a sus empleados, además de realizar unos cuestionarios entre los diferentes trabajadores que forman parte de este sector para descubrir cuáles son las medidas que ellos utilizan en su puesto de trabajo, así como las medidas que ellos necesitan de manera particular. Y hacer además una comparación con cuestionarios de trabajadores de otros sectores en torno a estas medidas de conciliación de la vida familiar, personal y laboral. </dc:description>
  <dc:format>pdf</dc:format>
  <dc:language>spa</dc:language>
  <dc:type>info:eu-repo/semantics/bachelorThesis</dc:type>
  <dc:rights>by-nc-sa</dc:rights>
  <dc:rights>http://creativecommons.org/licenses/by-nc-sa/3.0/</dc:rights>
</oai_dc:dc>