<?xml version="1.0" encoding="UTF-8"?><oai_dc:dc xmlns:oai_dc="http://www.openarchives.org/OAI/2.0/oai_dc/" xmlns:dc="http://purl.org/dc/elements/1.1/" xmlns:xsi="http://www.w3.org/2001/XMLSchema-instance" xsi:schemaLocation="http://www.openarchives.org/OAI/2.0/oai_dc/ http://www.openarchives.org/OAI/2.0/oai_dc.xsd">
  <dc:creator>Tregón Loras, Mª José</dc:creator>
  <dc:creator>Montón Dito, José María</dc:creator>
  <dc:title>Prevalencia de sobrepeso y obesidad en los adolescentes de 14 años de la ciudad de Teruel, en el año 2012; en relación con sus hábitos alimenticios, su actividad física y otros determinantes asociados</dc:title>
  <dc:identifier>http://zaguan.unizar.es/record/10592</dc:identifier>
  <dc:subject>obesidad</dc:subject>
  <dc:subject>hábitos alimenticios</dc:subject>
  <dc:subject>actividad física</dc:subject>
  <dc:publisher>Universidad de Zaragoza</dc:publisher>
  <dc:date>2013</dc:date>
  <dc:description>Fundamento y objetivo: conocer la prevalencia de sobrepeso y de obesidad en los adolescentes de 14 años de dos institutos de Teruel, las características de sus hábitos dietéticos, su actividad física y otros determinantes asociados. Material y métodos: se realizó un estudio descriptivo transversal en los estudiantes de 14 años del IES Vega del Turia e IES Segundo de Chomón que acudieron a los centros de salud de Teruel a la revisión de los 14 años del niño sano. La prevalencia de sobrepeso y obesidad se determinó usando el peso y la talla para el índice de masa corporal. Mediante dos cuestionarios, el test rápido Krece Plus y el test corto de actividad física Krece Plus se investigaron las características de sus hábitos dietéticos y de su actividad física.  Las variables secundarias, peso al nacer, tipo de lactancia y país de nacimiento; fueron recogidas al incluirlas también en los cuestionarios realizados.                                                                     Resultados: El  73,71% de la población estudiada contestó a la encuesta. La prevalencia de sobrepeso y obesidad fue del 11,1%, y del 2,5% respectivamente.  El  39,5% tuvo una adherencia alta a la dieta mediterránea, y  2,5% baja. Un 46,9% presentó un mal estilo de vida  y un 15,9% bueno. El análisis bivariado  en relación con las variables estudiadas no evidenció ninguna relación estadísticamente significativa. Conclusiones: La prevalencia de obesidad y sobrepeso no es alta. Sin embargo, los hábitos alimenticios pueden ser mejorados y debemos insistir en la promoción de actividad física. </dc:description>
  <dc:format>pdf</dc:format>
  <dc:language>spa</dc:language>
  <dc:type>info:eu-repo/semantics/bachelorThesis</dc:type>
  <dc:rights>by-nc-sa</dc:rights>
  <dc:rights>http://creativecommons.org/licenses/by-nc-sa/3.0/</dc:rights>
</oai_dc:dc>