<?xml version="1.0" encoding="UTF-8"?><oai_dc:dc xmlns:oai_dc="http://www.openarchives.org/OAI/2.0/oai_dc/" xmlns:dc="http://purl.org/dc/elements/1.1/" xmlns:xsi="http://www.w3.org/2001/XMLSchema-instance" xsi:schemaLocation="http://www.openarchives.org/OAI/2.0/oai_dc/ http://www.openarchives.org/OAI/2.0/oai_dc.xsd">
  <dc:creator>Manjón Capablo, Eduardo</dc:creator>
  <dc:creator>Bel Cacho, José David</dc:creator>
  <dc:title>Cálculo de la estructura metálica de una nave industrial doble, con puente grúa, destinada a taller para camiones, sito en Polígono Sepes T.M. de Huesca</dc:title>
  <dc:identifier>http://zaguan.unizar.es/record/10075</dc:identifier>
  <dc:subject>cálculo estructural</dc:subject>
  <dc:publisher>Universidad de Zaragoza</dc:publisher>
  <dc:date>2013</dc:date>
  <dc:description>En este proyecto se ha realizado el cálculo de la estructura de una nave industrial con el programa informático CYPE. Se ha proyectado en la ciudad de Huesca, en una parcela de 5477 m2. Las dimensiones de la nave son 60 metros de largo por 40 metros de ancho, con una superficie en planta de 2400m2. La estructura es completamente metálica, formada por 13 pórticos dobles rígidos, con una modularidad de 5 metros. Los dos pórticos son iguales con una luz de 20 metros cada uno. La altura de la fachada es de 9,5 metros y la altura en cumbrera de 11 metros, dándole una pendiente de la cubierta del 15%. Todas las uniones se han calculado como soldadas. También se ha calculado las placas de anclaje, las zapatas y las vigas de arriostrado. Se ha calculado dos puentes grúa de 5 toneladas de capacidad con su correspondiente viga carril dimensionada. Los cerramientos en cubierta son de panel sándwich y en fachada son de placas de hormigón prefabricado. Se han añadido los planos necesarios de ubicación, distribución y detalles de la estructura tanto de todos los tipos de pórticos como de las uniones, placas de anclaje y cimentación para su completa ejecución.</dc:description>
  <dc:format>pdf</dc:format>
  <dc:language>spa</dc:language>
  <dc:type>info:eu-repo/semantics/masterThesis</dc:type>
  <dc:rights>by-nc-sa</dc:rights>
  <dc:rights>http://creativecommons.org/licenses/by-nc-sa/3.0/</dc:rights>
</oai_dc:dc>