<?xml version="1.0" encoding="UTF-8"?><oai_dc:dc xmlns:oai_dc="http://www.openarchives.org/OAI/2.0/oai_dc/" xmlns:dc="http://purl.org/dc/elements/1.1/" xmlns:xsi="http://www.w3.org/2001/XMLSchema-instance" xsi:schemaLocation="http://www.openarchives.org/OAI/2.0/oai_dc/ http://www.openarchives.org/OAI/2.0/oai_dc.xsd">
  <dc:creator>Lizandra Escriche, Marta</dc:creator>
  <dc:creator>Chocarro Escanero, María Pilar </dc:creator>
  <dc:title>Factores que condicionan la ansiedad en los pacientes que acuden al Servicio de urgencias del hospital "Obispo Polanco" de Teruel durante el mes de noviembre de 2012</dc:title>
  <dc:identifier>http://zaguan.unizar.es/record/10597</dc:identifier>
  <dc:subject>ansiedad</dc:subject>
  <dc:subject>urgencias</dc:subject>
  <dc:subject>Teruel</dc:subject>
  <dc:publisher>Universidad de Zaragoza</dc:publisher>
  <dc:date>2013</dc:date>
  <dc:description>Las situaciones que se viven día a día en los servicios de urgencias pueden llegar a estresar al usuario y generarle ansiedad, provocando un desequilibrio tanto físico como emocional e interfiriendo así en su estado de salud, de ahí la importancia de conocer los factores que condicionan la aparición de esta alteración. Se realiza un estudio descriptivo transversal en el servicio de urgencias del hospital Obispo Polanco de Teruel durante el mes de noviembre de 2012, a través de un cuestionario de variables socio-demográficas y el cuestionario estado-rasgo de ansiedad STAI, de los que tras su estudio mediante el programa SPSS se obtuvo que las variables, tener pareja y tener miedo al dolor, presentaban relación estadísticamente significativa con el aumento del grado de ansiedad. Queda evidenciado el elevado nivel de ansiedad de los pacientes que acuden a este servicio, por ello, tanto el personal de enfermería como otros profesionales, deberían tenerlo en cuenta para aplicar medidas de prevención y/o disminución de la misma y así proporcionar una mejor atención a nuestros pacientes favoreciendo su estado de salud.</dc:description>
  <dc:format>pdf</dc:format>
  <dc:language>spa</dc:language>
  <dc:type>info:eu-repo/semantics/bachelorThesis</dc:type>
  <dc:rights>by-nc-sa</dc:rights>
  <dc:rights>http://creativecommons.org/licenses/by-nc-sa/3.0/</dc:rights>
</oai_dc:dc>