<?xml version="1.0" encoding="UTF-8"?><oai_dc:dc xmlns:oai_dc="http://www.openarchives.org/OAI/2.0/oai_dc/" xmlns:dc="http://purl.org/dc/elements/1.1/" xmlns:xsi="http://www.w3.org/2001/XMLSchema-instance" xsi:schemaLocation="http://www.openarchives.org/OAI/2.0/oai_dc/ http://www.openarchives.org/OAI/2.0/oai_dc.xsd">
  <dc:creator>Michot, Anthony</dc:creator>
  <dc:creator>Bonilla, César</dc:creator>
  <dc:title>Investigación y diseño de entrenador didáctico “góndola de aerogenerador”</dc:title>
  <dc:identifier>http://zaguan.unizar.es/record/10290</dc:identifier>
  <dc:subject>investigación</dc:subject>
  <dc:subject>diseño</dc:subject>
  <dc:subject>entrenador</dc:subject>
  <dc:subject>didáctico</dc:subject>
  <dc:subject>góndola</dc:subject>
  <dc:subject>aerogenerador</dc:subject>
  <dc:publisher>Universidad de Zaragoza</dc:publisher>
  <dc:date>2013</dc:date>
  <dc:description>El objetivo del proyecto es de investigar y diseñar un entrenador didáctico de góndola de aerogenerador para la empresa Edibon International que diseña y fabrica equipamientos didácticos técnicos.  En efecto, esta empresa quiere completar su gama en todos los dominios donde las energías renovables se manifiestan cada vez más, y competir con las otras empresas de mismo género. El proyecto se desarrolla por las etapas siguientes y según el competidor LabVolt. El análisis de la competencia ya existente consiste en buscar las empresas proponiendo un entrenador didáctico de góndola de aerogenerador y caracterizar los productos vendidos (ventajas y desventajas). Esto permite saber lo que existe o no, y así focalizarse sobre lo que se puede hacer y añadir para desmarcarse de la competencia. La investigación sobre los aerogeneradores es esencial para saber lo que se está haciendo en el dominio de los aerogeneradores, así como las características y tecnologías adaptadas a cada uno. Esto permite elegir lo que existe y se quiere para nuestra unidad. La búsqueda de proveedores de aerogeneradores consiste en ponerse en contacto con ellos y hacer una lista de prioridad en función de las soluciones técnicas propuestas, y de los precios y plazos de entrega. Esto es la primera opción que se puede elegir: comprar un aerogenerador ya existente y adaptarlo para su utilización didáctica. La identificación de los elementos del equipamiento de LabVolt permite conocer su precio global vía los fabricantes habituales de Edibon, y estudiar el diseño completo de nuestro propio aerogenerador. Esto es la segunda opción que se puede elegir: comprar los elementos deseados y diseñar nuestro propio aerogenerador. El análisis de factibilidad del entrenador didáctico y elección la más interesante al nivel económico y técnico se hace con los precedentes estudios, un balance de sus ventajas y desventajas, su clasificación mediante factores importantes (precio, plazo y diseño por orden), y la elección y aprobación de la empresa según sus objetivos y prioridades.  El diseño del equipamiento consiste en la elección de los elementos de la parte mecánica y su dimensionamiento, las otras partes haciéndose en interno de Edibon.</dc:description>
  <dc:format>pdf</dc:format>
  <dc:language>spa</dc:language>
  <dc:type>info:eu-repo/semantics/masterThesis</dc:type>
  <dc:rights>by-nc-sa</dc:rights>
  <dc:rights>http://creativecommons.org/licenses/by-nc-sa/3.0/</dc:rights>
</oai_dc:dc>