<?xml version="1.0" encoding="UTF-8"?><oai_dc:dc xmlns:oai_dc="http://www.openarchives.org/OAI/2.0/oai_dc/" xmlns:dc="http://purl.org/dc/elements/1.1/" xmlns:xsi="http://www.w3.org/2001/XMLSchema-instance" xsi:schemaLocation="http://www.openarchives.org/OAI/2.0/oai_dc/ http://www.openarchives.org/OAI/2.0/oai_dc.xsd">
  <dc:creator>Mayoral Barrena, Ana Pilar</dc:creator>
  <dc:creator>Bernués Vázquez, Luis Máximo</dc:creator>
  <dc:title>Programa de educación para la salud sobre nutrición en niños diabéticos y celíacos</dc:title>
  <dc:identifier>http://zaguan.unizar.es/record/10768</dc:identifier>
  <dc:publisher>Universidad de Zaragoza</dc:publisher>
  <dc:date>2013</dc:date>
  <dc:description>Una nutrición saludable es necesaria para todas las personas, pero es esencial para los diabéticos y los celíacos dado el papel que juega en el control de estas alteraciones metabólicas que actualmente afectan a un número considerable de personas. Dado que una de las tareas de los enfermeros es educar a la población en la adopción de medidas saludables para mejorar su calidad de vida,  la realización de  programas de educación para la salud (EPS) es una herramienta de gran utilidad. Con el EPS elaborado en este trabajo acerca de la nutrición en personas diabéticas y/o celíacas se intenta demostrar si una correcta nutrición reduce las complicaciones a corto y largo plazo, mejorando la calidad y expectativa de vida de las personas que las padecen. Para el desarrollo del EPS se ha realizado una búsqueda bibliográfica en distintas bases de datos para obtener información de artículos científicos relacionados con la nutrición y estas patologías. El EPS contará con 5 sesiones encaminadas a la nutrición, que se explicarán de forma dinámica, para que, al finalizar el programa, los conocimientos sobre estas patologías sean mayores que al inicio del mismo. Como conclusión final, tras el desarrollo del programa, veremos como una dieta equilibrada pero desprovista de gluten en el caso de los celíacos, y controlando la ingesta de hidratos de carbono y grasas en el caso de los diabéticos, permite un adecuado desarrollo de los niños previniendo de problemas tales como hipoglucemia o microangiopatía en la diabetes, y problemas intestinales en la celiaquía.</dc:description>
  <dc:format>pdf</dc:format>
  <dc:language>spa</dc:language>
  <dc:type>info:eu-repo/semantics/bachelorThesis</dc:type>
  <dc:rights>by-nc-sa</dc:rights>
  <dc:rights>http://creativecommons.org/licenses/by-nc-sa/3.0/</dc:rights>
</oai_dc:dc>