<?xml version="1.0" encoding="UTF-8"?><oai_dc:dc xmlns:oai_dc="http://www.openarchives.org/OAI/2.0/oai_dc/" xmlns:dc="http://purl.org/dc/elements/1.1/" xmlns:xsi="http://www.w3.org/2001/XMLSchema-instance" xsi:schemaLocation="http://www.openarchives.org/OAI/2.0/oai_dc/ http://www.openarchives.org/OAI/2.0/oai_dc.xsd">
  <dc:creator>Sánchez Serrano, Lara</dc:creator>
  <dc:creator>Rubio Soriano, María Concepción</dc:creator>
  <dc:title>Plan de cuidados estandarizado para pacientes de entre 5 y 11 años de edad con riesgo de padecer obesidad</dc:title>
  <dc:identifier>http://zaguan.unizar.es/record/10432</dc:identifier>
  <dc:publisher>Universidad de Zaragoza</dc:publisher>
  <dc:date>2013</dc:date>
  <dc:description>La obesidad es una enfermedad que afecta casi a 7 de cada 100 niños en Aragón. En el 99% de los casos está producida por estilos de vida poco saludables, es decir, alimentación inadecuada y escaso ejercicio físico. Por todo ello, el objetivo principal de este plan de cuidados es contribuir a la disminución de la prevalencia de esta enfermedad en la población infantil, a través de la labor de enfermería. El plan está organizado en base a las taxonomías NANDA, NIC y NOC. Se han seleccionado los diagnósticos de enfermería más frecuentes en la población diana, a continuación se han seleccionado los criterios de resultado que esperamos y, por último, se han especificado las intervenciones que el personal de enfermería debe llevar a cabo. Dichas intervenciones están destinadas principalmente al control del peso del niño, a aumentar sus conocimientos acerca de estilos de vida saludables, a la potenciación de su autoestima y a combatir el sedentarismo. Finalmente, se reflejan una serie de conclusiones que hay que considerar para que el plan de cuidados cumpla los objetivos previstos, como tener en cuenta siempre las características individuales de cada paciente o hacer a la familia del niño partícipe del plan.</dc:description>
  <dc:format>pdf</dc:format>
  <dc:language>spa</dc:language>
  <dc:type>info:eu-repo/semantics/bachelorThesis</dc:type>
  <dc:rights>by-nc-sa</dc:rights>
  <dc:rights>http://creativecommons.org/licenses/by-nc-sa/3.0/</dc:rights>
</oai_dc:dc>