<?xml version="1.0" encoding="UTF-8"?><oai_dc:dc xmlns:oai_dc="http://www.openarchives.org/OAI/2.0/oai_dc/" xmlns:dc="http://purl.org/dc/elements/1.1/" xmlns:xsi="http://www.w3.org/2001/XMLSchema-instance" xsi:schemaLocation="http://www.openarchives.org/OAI/2.0/oai_dc/ http://www.openarchives.org/OAI/2.0/oai_dc.xsd">
  <dc:creator>Espinosa Capapey, Patricia</dc:creator>
  <dc:creator>Fernández Rodrigo, María Teresa</dc:creator>
  <dc:title>Programa educativo para cuidadores de niños con leucemia</dc:title>
  <dc:identifier>http://zaguan.unizar.es/record/10796</dc:identifier>
  <dc:publisher>Universidad de Zaragoza</dc:publisher>
  <dc:date>2013</dc:date>
  <dc:description>Se desarrolla una sesión educativa en la cual se informa de los cuidados que deben recibir los niños que padecen leucemia una vez que han sido dados de alta de la unidad hospitalaria. Se explican los cuidados para prevenir complicaciones de la leucemia, así como de los cuidados que deben realizar los cuidadores en el caso de que el niño padezca efectos secundarios del tratamiento (quimioterapia) También se hace hincapié en la alimentación que deben recibir estos pacientes.</dc:description>
  <dc:format>pdf</dc:format>
  <dc:language>spa</dc:language>
  <dc:type>info:eu-repo/semantics/bachelorThesis</dc:type>
  <dc:rights>by-nc-sa</dc:rights>
  <dc:rights>http://creativecommons.org/licenses/by-nc-sa/3.0/</dc:rights>
</oai_dc:dc>