<?xml version="1.0" encoding="UTF-8"?><oai_dc:dc xmlns:oai_dc="http://www.openarchives.org/OAI/2.0/oai_dc/" xmlns:dc="http://purl.org/dc/elements/1.1/" xmlns:xsi="http://www.w3.org/2001/XMLSchema-instance" xsi:schemaLocation="http://www.openarchives.org/OAI/2.0/oai_dc/ http://www.openarchives.org/OAI/2.0/oai_dc.xsd">
  <dc:creator>Bolea García,Antonio </dc:creator>
  <dc:creator>Sariñena Arruego, Vanesa</dc:creator>
  <dc:creator>Olmo Vicén, Nuria Del </dc:creator>
  <dc:creator>Navarrete Lorenzo, Montserrat</dc:creator>
  <dc:title>Efectos del Apoyo Social de los Centros de Tercera Edad en la Salud de las personas mayores</dc:title>
  <dc:identifier>http://zaguan.unizar.es/record/11062</dc:identifier>
  <dc:subject>ámbito rural y urbano</dc:subject>
  <dc:subject>apoyo social</dc:subject>
  <dc:subject>centros de tercera edad</dc:subject>
  <dc:subject>participación y relación</dc:subject>
  <dc:subject>personas mayores</dc:subject>
  <dc:subject>salud percibida</dc:subject>
  <dc:publisher>Universidad de Zaragoza</dc:publisher>
  <dc:date>2013</dc:date>
  <dc:description>En este estudio de carácter empírico se ha tratado de analizar los efectos positivos del apoyo social recibido por los Centros de la Tercera Edad en la salud de las personas mayores en el ámbito rural y urbano. Se ha utilizado un cuestionario rellenado por una muestra de personas mayores de 65 años válidas para la realización de las actividades básicas de la vida diaria, que acuden a los Centros de Mayores para participar en las distintas actividades.</dc:description>
  <dc:format>pdf</dc:format>
  <dc:language>spa</dc:language>
  <dc:type>info:eu-repo/semantics/bachelorThesis</dc:type>
  <dc:rights>by-nc-sa</dc:rights>
  <dc:rights>http://creativecommons.org/licenses/by-nc-sa/3.0/</dc:rights>
</oai_dc:dc>