<?xml version="1.0" encoding="UTF-8"?><oai_dc:dc xmlns:oai_dc="http://www.openarchives.org/OAI/2.0/oai_dc/" xmlns:dc="http://purl.org/dc/elements/1.1/" xmlns:xsi="http://www.w3.org/2001/XMLSchema-instance" xsi:schemaLocation="http://www.openarchives.org/OAI/2.0/oai_dc/ http://www.openarchives.org/OAI/2.0/oai_dc.xsd">
  <dc:creator>Martínez Mestre, José Antonio</dc:creator>
  <dc:creator>Barroso Estébanez, Jorge Á.</dc:creator>
  <dc:creator>Barreras Toledo, Félix Manuel</dc:creator>
  <dc:creator>Lozano Fantoba, Antonio</dc:creator>
  <dc:title>Evaluación de una boquilla de atomización de doble fluido</dc:title>
  <dc:identifier>http://zaguan.unizar.es/record/10076</dc:identifier>
  <dc:subject>atomización</dc:subject>
  <dc:subject>atomizador</dc:subject>
  <dc:subject>boquillas</dc:subject>
  <dc:publisher>Universidad de Zaragoza</dc:publisher>
  <dc:date>2013</dc:date>
  <dc:description>La atomización es el proceso por el cual una masa de líquido se disgrega y pasa a formar ligamentos y gotas de dimensiones menores que la masa inicial. La rotura ocurre cuando las fuerzas cohesivas (interacción molecular y tensión superficial) que tienden a mantener la masa líquida unida, son superadas por fuerzas que tienden a su rotura (centrífugas, aerodinámicas, de presión, etc.). La atomización puede producirse por la propia energía cinética del fluido; aunque puede verse favorecida por la aplicación externa de energía mecánica a través de una rotación, un mecanismo vibrante o un impacto, o también mediante la exposición de la masa líquida a una corriente de gas con velocidad relativamente alta. Este último método constituye la denominada atomización asistida por gas, o de doble fluido, y permite obtener gotas de tamaño reducido con presiones de trabajo moderadas. La atomización de líquidos es un tema de una gran importancia científica y tecnológica. Los procesos de atomización son determinantes en una amplia variedad de aplicaciones industriales: combustión en centrales térmicas, turbinas, motores de automoción, pintura, secado, recubrimiento y tratamiento de materiales, extinción de incendios, riegos por aspersión, etc. Se pretende analizar la influencia de diferentes parámetros de trabajo sobre la razón entre el flujo de aire y agua que se establece en el atomizador, elaborando un procedimiento para determinar las condiciones de bloqueo de la tobera de aire.</dc:description>
  <dc:format>pdf</dc:format>
  <dc:language>spa</dc:language>
  <dc:type>info:eu-repo/semantics/masterThesis</dc:type>
  <dc:rights>by-nc-sa</dc:rights>
  <dc:rights>http://creativecommons.org/licenses/by-nc-sa/3.0/</dc:rights>
</oai_dc:dc>