<?xml version="1.0" encoding="UTF-8"?><oai_dc:dc xmlns:oai_dc="http://www.openarchives.org/OAI/2.0/oai_dc/" xmlns:dc="http://purl.org/dc/elements/1.1/" xmlns:xsi="http://www.w3.org/2001/XMLSchema-instance" xsi:schemaLocation="http://www.openarchives.org/OAI/2.0/oai_dc/ http://www.openarchives.org/OAI/2.0/oai_dc.xsd">
  <dc:creator>Benedí Alcantarilla, Lara</dc:creator>
  <dc:creator>González Guerrero, Joaquín</dc:creator>
  <dc:title>La educación sexual en adolescentes</dc:title>
  <dc:identifier>http://zaguan.unizar.es/record/10482</dc:identifier>
  <dc:subject>educación sexual</dc:subject>
  <dc:subject>educación para la salud</dc:subject>
  <dc:subject>adolescente</dc:subject>
  <dc:publisher>Universidad de Zaragoza</dc:publisher>
  <dc:date>2013</dc:date>
  <dc:description>El trabajo trata de demostrar la necesidad de hacer un programa de educación sexual para los adolescentes. La revisión bibliográfica ha sido realizada de diversos estudios, legislación vigente en nuestro país, etc.</dc:description>
  <dc:format>pdf</dc:format>
  <dc:language>spa</dc:language>
  <dc:type>info:eu-repo/semantics/bachelorThesis</dc:type>
  <dc:rights>by-nc-sa</dc:rights>
  <dc:rights>http://creativecommons.org/licenses/by-nc-sa/3.0/</dc:rights>
</oai_dc:dc>