<?xml version="1.0" encoding="UTF-8"?><oai_dc:dc xmlns:oai_dc="http://www.openarchives.org/OAI/2.0/oai_dc/" xmlns:dc="http://purl.org/dc/elements/1.1/" xmlns:xsi="http://www.w3.org/2001/XMLSchema-instance" xsi:schemaLocation="http://www.openarchives.org/OAI/2.0/oai_dc/ http://www.openarchives.org/OAI/2.0/oai_dc.xsd">
  <dc:creator>Las Heras Miras, Carolina</dc:creator>
  <dc:creator>Hijós Larraz, Luis Alfonso</dc:creator>
  <dc:title>Caso clínico: baja autoestima situacional y afrontamiento ineficaz en un portador de un desfibrilador automático implantable</dc:title>
  <dc:identifier>http://zaguan.unizar.es/record/10452</dc:identifier>
  <dc:subject>desfibrilador</dc:subject>
  <dc:subject>autoestima</dc:subject>
  <dc:subject>afrontamiento</dc:subject>
  <dc:publisher>Universidad de Zaragoza</dc:publisher>
  <dc:date>2013</dc:date>
  <dc:description>El desfibrilador automático implantable (DAI) es un dispositivo con funciones antibradicardia, antitaquicardia y de desfibrilación similar a la de un desfibrilador externo. Es la terapia de elección en caso de taquiarritmias ventriculares dada su alta eficacia, por lo que está aumentando el número de implantes. La terapia con el DAI supone un gran impacto emocional, por lo que al establecer el plan de cuidados se han de tener en cuenta, aparte de los aspectos físicos, los aspectos psicológicos de la persona. En el presente trabajo se muestra un caso clínico sobre un portador de un DAI. Los diagnósticos de enfermería identificados en este paciente son baja autoestima situacional y afrontamiento ineficaz. Con estos diagnósticos se elaboró un plan de cuidados en el que la evolución del paciente fue adecuada según los objetivos marcados. En cuanto a las implicaciones para la práctica clínica cabe destacar la necesidad de incluir los aspectos psicosociales de la persona en el tratamiento, ya que todo ello contribuye a mejorar la calidad de vida.</dc:description>
  <dc:format>pdf</dc:format>
  <dc:language>spa</dc:language>
  <dc:type>info:eu-repo/semantics/bachelorThesis</dc:type>
  <dc:rights>by-nc-sa</dc:rights>
  <dc:rights>http://creativecommons.org/licenses/by-nc-sa/3.0/</dc:rights>
</oai_dc:dc>