<?xml version="1.0" encoding="UTF-8"?><oai_dc:dc xmlns:oai_dc="http://www.openarchives.org/OAI/2.0/oai_dc/" xmlns:dc="http://purl.org/dc/elements/1.1/" xmlns:xsi="http://www.w3.org/2001/XMLSchema-instance" xsi:schemaLocation="http://www.openarchives.org/OAI/2.0/oai_dc/ http://www.openarchives.org/OAI/2.0/oai_dc.xsd">
  <dc:creator>Ibáñez Vidal, Sarai</dc:creator>
  <dc:creator>Pérez Soler, Pedro</dc:creator>
  <dc:title>Influencia de la cultura en el desarrollo de la lactancia materna</dc:title>
  <dc:identifier>http://zaguan.unizar.es/record/10431</dc:identifier>
  <dc:subject>lactancia materna</dc:subject>
  <dc:subject>cultura</dc:subject>
  <dc:publisher>Universidad de Zaragoza</dc:publisher>
  <dc:date>2013</dc:date>
  <dc:description>La lactancia materna es un fenómeno, aunque universal, presente en toda raza, etnia, colectivo y estrato social; pero a su vez condicionado por la cultura, que juega un papel relevante en su implantación y desarrollo. El objetivo de este trabajo de campo es determinar dicha relación, analizando las semejanzas y diferencias en los cuatro colectivos culturales y de inmigración más presentes en nuestra comunidad: etnia gitana, población suramericana, población africana y población de Europa del este; realizar un acercamiento a dichas culturas, aumentar los conocimientos sobre sus hábitos en cuanto a lactancia materna y, de este modo, conseguir que tanto el plan de cuidados como la educación sanitaria que proporcionemos esté bien dirigida y resulte eficaz.</dc:description>
  <dc:format>pdf</dc:format>
  <dc:language>spa</dc:language>
  <dc:type>info:eu-repo/semantics/bachelorThesis</dc:type>
  <dc:rights>by-nc-sa</dc:rights>
  <dc:rights>http://creativecommons.org/licenses/by-nc-sa/3.0/</dc:rights>
</oai_dc:dc>