<?xml version="1.0" encoding="UTF-8"?><oai_dc:dc xmlns:oai_dc="http://www.openarchives.org/OAI/2.0/oai_dc/" xmlns:dc="http://purl.org/dc/elements/1.1/" xmlns:xsi="http://www.w3.org/2001/XMLSchema-instance" xsi:schemaLocation="http://www.openarchives.org/OAI/2.0/oai_dc/ http://www.openarchives.org/OAI/2.0/oai_dc.xsd">
  <dc:creator>Lafragüeta Latorre, Ignacio Antonio</dc:creator>
  <dc:creator>Ansón Casaos, Alejandro</dc:creator>
  <dc:creator>Latorre Sierra, Nieves</dc:creator>
  <dc:title>Preparación y caracterización de dispersiones de nanotubos de carbono de capa única en medios acuosos</dc:title>
  <dc:identifier>http://zaguan.unizar.es/record/10826</dc:identifier>
  <dc:subject>nanotubos de carbono</dc:subject>
  <dc:subject>nanotubos de carbono de capa única</dc:subject>
  <dc:subject>swnt</dc:subject>
  <dc:subject>dispersiones</dc:subject>
  <dc:subject>dispersion de nanotubos</dc:subject>
  <dc:publisher>Universidad de Zaragoza</dc:publisher>
  <dc:date>2013</dc:date>
  <dc:description>Las muestras de nanotubos de capa única (SWNT) que se pueden adquirir en el mercado a precios razonables contienen cantidades variables de impurezas: partículas metálicas, grafíticas o carbono amorfo procedentes de la síntesis de los nanotubos. La purificación de los nanotubos de carbono es un paso elemental antes de su utilización. La centrifugación a velocidad elevada (ultracentrifugación) como método de purificación ha sido aplicada con éxito para obtener dispersiones de SWNT de alta pureza en medios acuosos con surfactantes. Sin embargo, no se ha estudiado en profundidad la influencia del proceso de ultracentrifugación de dispersiones de SWNT que porten grupos químicos covalentemente anclados en su superficie, es decir, SWNT funcionalizados. En el presente estudio, se prepararon dispersiones de SWNT producidos por el método de descarga de arco eléctrico sometidos a distintos tratamientos químicos de funcionalización y purificación. Los SWNT fueron dispersados en cuatro medios acuosos estabilizantes (SDBS, CTAB, Pluronic y goma arábiga) y purificados mediante centrifugación a alta velocidad.  Se evaluó el grado de purificación de cada dispersión estudiando las características ópticas de los distintos tipos de SWNT y dispersiones de SWNT mediante técnicas de espectroscopia de absorción óptica. Estos resultados fueron corroborados posteriormente a través de técnicas de microscopía de transmisión electrónica y análisis elemental EDX. Para todos los casos se alcanzaron elevados grados de pureza por eliminación preferencial de las impurezas carbonosas y partículas metálicas. Asimismo, se estudió la dispersabilidad de los cuatro medios acuosos para cada tipo de SWNT. El SDBS fue el surfactante que mejores resultados mostró a la hora de estabilizar mayor concentración de nanotubos en dispersión tras la ultracentrifugación. También se llevó a cabo un estudio del efecto de los parámetros de ultracentrifugación, velocidad y tiempo, en dispersiones de SWNT para los cuatro medios acuosos elegidos. En general, las condiciones óptimas se lograron para la centrifugación a 120000xg y entre 1 y 2 horas.</dc:description>
  <dc:format>pdf</dc:format>
  <dc:language>spa</dc:language>
  <dc:type>info:eu-repo/semantics/masterThesis</dc:type>
  <dc:rights>by-nc-sa</dc:rights>
  <dc:rights>http://creativecommons.org/licenses/by-nc-sa/3.0/</dc:rights>
</oai_dc:dc>