<?xml version="1.0" encoding="UTF-8"?><oai_dc:dc xmlns:oai_dc="http://www.openarchives.org/OAI/2.0/oai_dc/" xmlns:dc="http://purl.org/dc/elements/1.1/" xmlns:xsi="http://www.w3.org/2001/XMLSchema-instance" xsi:schemaLocation="http://www.openarchives.org/OAI/2.0/oai_dc/ http://www.openarchives.org/OAI/2.0/oai_dc.xsd">
  <dc:creator>Tello Arceiz, Andrea</dc:creator>
  <dc:creator>Olmo Vicén, Nuria del</dc:creator>
  <dc:title>Mujeres marroquíes solas. Cómo afecta el proceso migratorio a sus relaciones y autoconcepto</dc:title>
  <dc:identifier>http://zaguan.unizar.es/record/11023</dc:identifier>
  <dc:subject>autoconcepto</dc:subject>
  <dc:subject>mujer marroquí</dc:subject>
  <dc:subject>proceso migratorio</dc:subject>
  <dc:subject>relaciones</dc:subject>
  <dc:publisher>Universidad de Zaragoza</dc:publisher>
  <dc:date>2013</dc:date>
  <dc:description>Se pretende conocer cómo afecta el hecho migratorio en las relaciones que establecen las mujeres marroquíes solas, residentes en la ciudad de Zaragoza. Conocer si se producen cambios: En las relaciones que establecen, tanto informales, referidas a su grupo de iguales con respecto a los dos sexos, como formales, referidas al ámbito de la sociedad civil y centros formativos. Así como en la imagen que de sí mismas tienen, en base a diferentes aspectos como, las relaciones en el hogar, maternidad, matrimonio, práctica religiosa, formación, empleo y posición en la sociedad. El universo objeto de estudio está compuesto por las mujeres marroquíes solas residentes en la ciudad de Zaragoza, se ha realizado un muestreo teórico opinático para establecer la muestra objeto de estudio. La investigación tiene carácter cualitativo y la recogida de datos ha sido llevada a cabo mediante la técnica de entrevista en profundidad.</dc:description>
  <dc:format>pdf</dc:format>
  <dc:language>spa</dc:language>
  <dc:type>info:eu-repo/semantics/bachelorThesis</dc:type>
  <dc:rights>by-nc-sa</dc:rights>
  <dc:rights>http://creativecommons.org/licenses/by-nc-sa/3.0/</dc:rights>
</oai_dc:dc>