<?xml version="1.0" encoding="UTF-8"?><oai_dc:dc xmlns:oai_dc="http://www.openarchives.org/OAI/2.0/oai_dc/" xmlns:dc="http://purl.org/dc/elements/1.1/" xmlns:xsi="http://www.w3.org/2001/XMLSchema-instance" xsi:schemaLocation="http://www.openarchives.org/OAI/2.0/oai_dc/ http://www.openarchives.org/OAI/2.0/oai_dc.xsd">
  <dc:creator>Aguilar Mir, Sonia Belén</dc:creator>
  <dc:creator>Boira Sarto, Santiago José</dc:creator>
  <dc:title>Proyecto Mejor para Todos. Prevención del maltrato infantil en las viviendas sociales de alquiler en el Actur</dc:title>
  <dc:identifier>http://zaguan.unizar.es/record/11027</dc:identifier>
  <dc:subject>familias</dc:subject>
  <dc:subject>habilidades parentales</dc:subject>
  <dc:subject>maltrato infantil</dc:subject>
  <dc:subject>prevención</dc:subject>
  <dc:subject>viviendas sociales</dc:subject>
  <dc:publisher>Universidad de Zaragoza</dc:publisher>
  <dc:date>2013</dc:date>
  <dc:description>En este trabajo se presenta un proyecto de prevención del maltrato infantil en una zona de viviendas sociales. Esta problemática se ve agravada en el contexto actual de crisis con un aumento de situaciones de violencia familiar generadas por el desempleo y la precariedad económica. Tras el análisis sociodemográfico del conjunto de familias residentes en dicha zona y el estudio de las tipologías de maltrato infantil que se dan en una muestra representativa de casos se diseña una intervención grupal dirigida a los padres y madres con el objetivo de dar respuesta a las necesidades detectadas para la mejora de la convivencia familiar.</dc:description>
  <dc:format>pdf</dc:format>
  <dc:language>spa</dc:language>
  <dc:type>info:eu-repo/semantics/bachelorThesis</dc:type>
  <dc:rights>by-nc-sa</dc:rights>
  <dc:rights>http://creativecommons.org/licenses/by-nc-sa/3.0/</dc:rights>
</oai_dc:dc>