<?xml version="1.0" encoding="UTF-8"?><oai_dc:dc xmlns:oai_dc="http://www.openarchives.org/OAI/2.0/oai_dc/" xmlns:dc="http://purl.org/dc/elements/1.1/" xmlns:xsi="http://www.w3.org/2001/XMLSchema-instance" xsi:schemaLocation="http://www.openarchives.org/OAI/2.0/oai_dc/ http://www.openarchives.org/OAI/2.0/oai_dc.xsd">
  <dc:creator>Barranco Moliner, Clara</dc:creator>
  <dc:creator>Martín Peña, Javier</dc:creator>
  <dc:title>Las organizaciones ante los cambios: Las fortalezas humanas como ventaja competitiva</dc:title>
  <dc:identifier>http://zaguan.unizar.es/record/11085</dc:identifier>
  <dc:subject>cambio</dc:subject>
  <dc:subject>coaching</dc:subject>
  <dc:subject>fortalezas</dc:subject>
  <dc:subject>organización</dc:subject>
  <dc:subject>ventaja competitiva</dc:subject>
  <dc:publisher>Universidad de Zaragoza</dc:publisher>
  <dc:date>2013</dc:date>
  <dc:description>En la sociedad de hoy en día marcada por el cambio y la innovación, las organizaciones deben adaptarse con éxito a las incertidumbres. Para que las organizaciones sobrevivan al constante cambio, debemos centrar la atención al capital social, el capital humano y el capital psicológico de nuestras organizaciones. Estos factores bien gestionados pueden marcar la diferencia. Tras revisar varios estudios he analizado cómo las fortalezas de los trabajadores contribuyen a potenciar la eficacia de los equipos de trabajo. Se ha pasado de una gestión tradicional donde las personas en las empresas eran consideradas como “máquinas” para conseguir resultados, a una metodología guiada por la Psicología organizacional positiva centrada en el empleado donde sus emociones, estado de bienestar y compromiso forman parte de la cultura empresarial de la organización. Además se ha propuesto la técnica “CRE-IN”  para potenciar la fortaleza de la creatividad la cual incide de manera indirecta en otras fortalezas muy importantes para adaptarse a la sociedad presente. Para cambiar hay que actuar, por tanto se propone como solución al cambio el “coaching organizacional”. El “coaching” es una posible manera de conseguir  “engagement” y con este “outputs organizacionales saludables”.</dc:description>
  <dc:format>pdf</dc:format>
  <dc:language>spa</dc:language>
  <dc:type>info:eu-repo/semantics/bachelorThesis</dc:type>
  <dc:rights>by-nc-sa</dc:rights>
  <dc:rights>http://creativecommons.org/licenses/by-nc-sa/3.0/</dc:rights>
</oai_dc:dc>