<?xml version="1.0" encoding="UTF-8"?><oai_dc:dc xmlns:oai_dc="http://www.openarchives.org/OAI/2.0/oai_dc/" xmlns:dc="http://purl.org/dc/elements/1.1/" xmlns:xsi="http://www.w3.org/2001/XMLSchema-instance" xsi:schemaLocation="http://www.openarchives.org/OAI/2.0/oai_dc/ http://www.openarchives.org/OAI/2.0/oai_dc.xsd">
  <dc:creator>Jiménez Humánez, Francisco</dc:creator>
  <dc:creator>Francés Pérez, Eva María</dc:creator>
  <dc:title>Proyecto alternativo al Plan Navarra 2012 de depuración de aguas residuales para la localidad navarra de Fontellas</dc:title>
  <dc:identifier>http://zaguan.unizar.es/record/10091</dc:identifier>
  <dc:publisher>Universidad de Zaragoza</dc:publisher>
  <dc:date>2013</dc:date>
  <dc:description>En la actualidad muchos núcleos urbanos no dan un tratamiento adecuado a sus aguas residuales, por ello este proyecto consiste en el diseño de una alternativa de depuración a la realizada por el Plan Navarra 2012 (diseño de un colector de 3,4 kilómetros y un pozo de bombeo para la unión de aguas residuales de las localidades de Fontellas y Tudela), demostrando que mediante un sistema de depuración natural de  lagunaje,  la depuración por sistemas naturales se adapta correctamente a la economía y funcionalidad de las pequeñas localidades menores de 2000 habitantes en las que los gastos de los sistemas de depuración convencionales son inasumibles para la localidad debido a su elevado coste energético y de mantenimiento. El sistema de depuración natural elegido consta de un pretratamiento (formado por pozo de gruesos, rejas de desbaste y desengrasador) y dos lagunas facultativas y dos lagunas de maduración. Con este sistema de depuración natural se evita el uso de sistemas mecánicos y eléctricos reduciendo así los costes, además se proponen alternativas para la reutilización de las aguas residuales ya depuradas,  como es la reutilización de aguas residuales con fines recreativos (riego de parques y zonas ajardinadas), almacenamiento de agua para prevención de incendios, etc. Con este tratamiento se cumplen, por otro lado, los límites de vertido marcados por la directiva 91/271/CEE.</dc:description>
  <dc:format>pdf</dc:format>
  <dc:language>spa</dc:language>
  <dc:type>info:eu-repo/semantics/masterThesis</dc:type>
  <dc:rights>by-nc-sa</dc:rights>
  <dc:rights>http://creativecommons.org/licenses/by-nc-sa/3.0/</dc:rights>
</oai_dc:dc>