<?xml version="1.0" encoding="UTF-8"?><oai_dc:dc xmlns:oai_dc="http://www.openarchives.org/OAI/2.0/oai_dc/" xmlns:dc="http://purl.org/dc/elements/1.1/" xmlns:xsi="http://www.w3.org/2001/XMLSchema-instance" xsi:schemaLocation="http://www.openarchives.org/OAI/2.0/oai_dc/ http://www.openarchives.org/OAI/2.0/oai_dc.xsd">
  <dc:creator>Herrero Tomás, Natalia</dc:creator>
  <dc:creator>Vallejo Dacosta, Ruth</dc:creator>
  <dc:title>La protección de la situación del embarazo y de la lactancia natural: un apunte crítico de la regulación actual.</dc:title>
  <dc:identifier>http://zaguan.unizar.es/record/10311</dc:identifier>
  <dc:subject>protección del embarazo y lactancia natural</dc:subject>
  <dc:publisher>Universidad de Zaragoza</dc:publisher>
  <dc:date>2013</dc:date>
  <dc:description>La protección de la situación de embarazo y lactancia es considerada una contingencia profesional, siendo las Mutuas las encargadas de gestionar las prestaciones, que en muchas ocasiones denigan el reconocimiento del riesgo en el puesto de trabajo. Ante esta negativa, propongo como novedad, que la mujer pueda recurrir al procedimiento preferente y sumario de tutela de los derechos fundamentales.</dc:description>
  <dc:format>pdf</dc:format>
  <dc:language>spa</dc:language>
  <dc:type>info:eu-repo/semantics/masterThesis</dc:type>
  <dc:rights>by-nc-sa</dc:rights>
  <dc:rights>http://creativecommons.org/licenses/by-nc-sa/3.0/</dc:rights>
</oai_dc:dc>