<?xml version="1.0" encoding="UTF-8"?><oai_dc:dc xmlns:oai_dc="http://www.openarchives.org/OAI/2.0/oai_dc/" xmlns:dc="http://purl.org/dc/elements/1.1/" xmlns:xsi="http://www.w3.org/2001/XMLSchema-instance" xsi:schemaLocation="http://www.openarchives.org/OAI/2.0/oai_dc/ http://www.openarchives.org/OAI/2.0/oai_dc.xsd">
  <dc:creator>Teresa Remacha, Alejandro</dc:creator>
  <dc:creator>Galán Calvo, Francisco</dc:creator>
  <dc:title>El Reconocimiento del Trabajo Social Sanitario en Zaragoza</dc:title>
  <dc:identifier>http://zaguan.unizar.es/record/11045</dc:identifier>
  <dc:publisher>Universidad de Zaragoza</dc:publisher>
  <dc:date>2013</dc:date>
  <dc:description>El Trabajo Social Sanitario realiza una labor de crucial importancia en el tratamiento integral de la persona enferma, la intervención desde el Trabajo Social es única y complementaria a la labor del resto de profesionales con los que colabora. Este trabajo pretende realizar una aproximación a la realidad de esta profesión mediante fuentes secundarias que se hayan adentrado en este asunto, entrevistas a profesionales,... Todo ello con la intención de demostrar una realidad en la que el Trabajo Social Sanitario es tenido muy en cuenta por el resto de profesionales de la salud con los que trabaja, aunque sigue sin contar con un reconocimiento oficial.</dc:description>
  <dc:format>pdf</dc:format>
  <dc:language>spa</dc:language>
  <dc:type>info:eu-repo/semantics/bachelorThesis</dc:type>
  <dc:rights>by-nc-sa</dc:rights>
  <dc:rights>http://creativecommons.org/licenses/by-nc-sa/3.0/</dc:rights>
</oai_dc:dc>