<?xml version="1.0" encoding="UTF-8"?><oai_dc:dc xmlns:oai_dc="http://www.openarchives.org/OAI/2.0/oai_dc/" xmlns:dc="http://purl.org/dc/elements/1.1/" xmlns:xsi="http://www.w3.org/2001/XMLSchema-instance" xsi:schemaLocation="http://www.openarchives.org/OAI/2.0/oai_dc/ http://www.openarchives.org/OAI/2.0/oai_dc.xsd">
  <dc:creator>Medina Ruiz, Alejandro</dc:creator>
  <dc:creator>Santillán Lázaro, Ángel</dc:creator>
  <dc:title>Instalación eléctrica en baja tensión de un colegio público de infantil y primaria</dc:title>
  <dc:identifier>http://zaguan.unizar.es/record/10615</dc:identifier>
  <dc:subject>instalación eléctrica en baja tensión</dc:subject>
  <dc:publisher>Universidad de Zaragoza</dc:publisher>
  <dc:date>2013</dc:date>
  <dc:description>El presente proyecto tiene como objeto la instalación eléctrica en Baja Tensión de un Colegio Público de Infantil y Primaria, cumpliendo la normativa vigente con el fin de obtener la autorización administrativa y de la ejecución de la instalación. Para satisfacer las necesidades, se ha procedido a realizar la memoria correspondiente con los cálculos de la instalación y un estudio básico de seguridad y salud, pliego de condiciones, presupuesto y los planos necesarios.</dc:description>
  <dc:format>pdf</dc:format>
  <dc:language>spa</dc:language>
  <dc:type>info:eu-repo/semantics/masterThesis</dc:type>
  <dc:rights>by-nc-sa</dc:rights>
  <dc:rights>http://creativecommons.org/licenses/by-nc-sa/3.0/</dc:rights>
</oai_dc:dc>