<?xml version="1.0" encoding="UTF-8"?><oai_dc:dc xmlns:oai_dc="http://www.openarchives.org/OAI/2.0/oai_dc/" xmlns:dc="http://purl.org/dc/elements/1.1/" xmlns:xsi="http://www.w3.org/2001/XMLSchema-instance" xsi:schemaLocation="http://www.openarchives.org/OAI/2.0/oai_dc/ http://www.openarchives.org/OAI/2.0/oai_dc.xsd">
  <dc:creator>Catalán Sierra, Javier</dc:creator>
  <dc:creator>Hidalgo García, César</dc:creator>
  <dc:title>Fisioterapia tras fractura de radio y escafoides: A propósito de un caso clínico</dc:title>
  <dc:identifier>http://zaguan.unizar.es/record/10912</dc:identifier>
  <dc:subject>fisioterapia</dc:subject>
  <dc:subject>fractura</dc:subject>
  <dc:subject>radio</dc:subject>
  <dc:subject>escafoides</dc:subject>
  <dc:publisher>Universidad de Zaragoza</dc:publisher>
  <dc:date>2013</dc:date>
  <dc:description>Introducción: Las fracturas distales de radio representan la sexta parte de las fracturas atendidas en traumatología. Afectan sobre todo a mujeres de raza blanca y su incidencia se extiende cada día más en una franja de edad de 40-69 años. Existen multitud de clasificaciones para dichas fracturas, contraponiéndose con la ausencia de un programa estándar de tratamiento. Además, son una causa importante de baja laboral debido a las secuelas que dejan. Objetivos: El objetivo de este estudio es el seguimiento de un paciente a lo largo de un programa de tratamiento confeccionado en base a la bibliografía existente. Metodología: Se realizó el seguimiento de una paciente de 46 años tras consolidación y periodo de inmovilización por una fractura de la apófisis estiloides radial izquierda y tercio medio de escafoides, a lo largo de 19 sesiones. Desarrollo: A lo largo de las 19 sesiones se realizó un programa  de fisioterapia basado en el uso de cinesiterapia, terapia manual, hidroterapia de contraste, electroterapia y magnetoterapia. Conclusión: El tratamiento se ha visto efectivo en este caso a la hora de reducir el dolor y mejorar el ROM y la funcionalidad, a pesar de las limitaciones que han ido surgiendo en el proceso.</dc:description>
  <dc:format>pdf</dc:format>
  <dc:language>spa</dc:language>
  <dc:type>info:eu-repo/semantics/bachelorThesis</dc:type>
  <dc:rights>by-nc-sa</dc:rights>
  <dc:rights>http://creativecommons.org/licenses/by-nc-sa/3.0/</dc:rights>
</oai_dc:dc>