<?xml version="1.0" encoding="UTF-8"?><oai_dc:dc xmlns:oai_dc="http://www.openarchives.org/OAI/2.0/oai_dc/" xmlns:dc="http://purl.org/dc/elements/1.1/" xmlns:xsi="http://www.w3.org/2001/XMLSchema-instance" xsi:schemaLocation="http://www.openarchives.org/OAI/2.0/oai_dc/ http://www.openarchives.org/OAI/2.0/oai_dc.xsd">
  <dc:creator>Naval Morelli, Javier</dc:creator>
  <dc:creator>Pérez Sanz, José Raúl</dc:creator>
  <dc:title>Mejora de la calidad de vida en pacientes con enfermedad de Steinert</dc:title>
  <dc:identifier>http://zaguan.unizar.es/record/10800</dc:identifier>
  <dc:subject>enfermedad de Steinert</dc:subject>
  <dc:subject>distrofia miotónica</dc:subject>
  <dc:publisher>Universidad de Zaragoza</dc:publisher>
  <dc:date>2013</dc:date>
  <dc:description>La enfermedad de Steinert, también conocida como distrofia miotónica de tipo 1 (DM1), es una enfermedad hereditaria autosómica dominante, multisistémica, crónica, de progresión lenta y de heredabilidad altamente variable que se puede manifestar en cualquier momento de la vida desde el nacimiento a la vejez, tanto en hombres como en mujeres. Es la distrofia más común en el adulto. Se caracteriza por una reducción de la masa muscular, insuficiencia respiratoria, defectos en la conducción del impulso cardíaco, cataratas, cambios endocrinos y miotonía (dificultad para relajar un músculo). La edad de aparición es muy variable, aunque a lo largo de las generaciones la enfermedad muestra una edad de aparición cada vez menor, un fenómeno denominado anticipación. El tratamiento de la misma es sintomático. En el siguiente trabajo se muestra el papel determinante que puede tener la enfermería en la mejora de la calidad de vida de estos pacientes. Esto se muestra a través de actividades y costumbres beneficiosas que tratan de paliar el desarrollo de esta enfermedad.</dc:description>
  <dc:format>pdf</dc:format>
  <dc:language>spa</dc:language>
  <dc:type>info:eu-repo/semantics/bachelorThesis</dc:type>
  <dc:rights>by-nc-sa</dc:rights>
  <dc:rights>http://creativecommons.org/licenses/by-nc-sa/3.0/</dc:rights>
</oai_dc:dc>