<?xml version="1.0" encoding="UTF-8"?><oai_dc:dc xmlns:oai_dc="http://www.openarchives.org/OAI/2.0/oai_dc/" xmlns:dc="http://purl.org/dc/elements/1.1/" xmlns:xsi="http://www.w3.org/2001/XMLSchema-instance" xsi:schemaLocation="http://www.openarchives.org/OAI/2.0/oai_dc/ http://www.openarchives.org/OAI/2.0/oai_dc.xsd">
  <dc:creator>Gil Rillo, Jorge Manuel</dc:creator>
  <dc:creator>Lapieza Laínez, María Gloria</dc:creator>
  <dc:title>Tratamiento fisioterápico tras luxación acromioclavicular en deportista de alto nivel: A propósito de un caso</dc:title>
  <dc:identifier>http://zaguan.unizar.es/record/10897</dc:identifier>
  <dc:subject>luxación acromioclavicular</dc:subject>
  <dc:subject>fisioterapia</dc:subject>
  <dc:subject>rugby</dc:subject>
  <dc:publisher>Universidad de Zaragoza</dc:publisher>
  <dc:date>2013</dc:date>
  <dc:description>Objetivo: Realizar un plan de intervención fisioterápico para que el deportista alcance la recuperación funcional completa y la reanudación del deporte en los plazos más breves posibles. Material y métodos: Se trata de un estudio experimental AB intrasujeto longitudinal prospectivo. Varón de 32 años deportista de rugby de alto nivel, sufre caída y es diagnosticado de luxación acromioclavicular grado II (Rockwood). Tras 21 días de inmovilización presenta perdida de función. Se evalúan: grado de dolor (escala EVA), rango articular (goniometría) y balance muscular (Daniels). Se realizan 5 semanas de RHB aplicando electroterapia, terapia manual, mecanoterapia y técnicas novedosas como el TRX (entrenamiento en suspensión). Se evaluarán, durante y al finalizar el tratamiento, para comprobar si el plan de intervención ha sido el correcto. Resultados: Trascurridos 56 días y tras 25 sesiones de RHB, el paciente puede volver a la reanudación  deportiva. El  balance articular y muscular es total, pero persiste dolor punzante únicamente al realizar trabajo intenso o recibir impacto en hombro. Conclusiones: El avance en la recuperación está condicionado a una buena planificación del plan de intervención y una constante adaptación del tratamiento día a día. Herramientas como TENS y crioterapia han sido útiles en el control del dolor, así como el TRX a tener en cuenta en RHB, al ser de gran ayuda en ganancia de fuerza y propiocepción. Serían convenientes más estudios de luxación AC grado II y en TRX aplicado a RHB, así poder hacer ensayos clínicos que ratifiquen los beneficios de este tratamiento.</dc:description>
  <dc:format>pdf</dc:format>
  <dc:language>spa</dc:language>
  <dc:type>info:eu-repo/semantics/bachelorThesis</dc:type>
  <dc:rights>by-nc-sa</dc:rights>
  <dc:rights>http://creativecommons.org/licenses/by-nc-sa/3.0/</dc:rights>
</oai_dc:dc>