<?xml version="1.0" encoding="UTF-8"?><oai_dc:dc xmlns:oai_dc="http://www.openarchives.org/OAI/2.0/oai_dc/" xmlns:dc="http://purl.org/dc/elements/1.1/" xmlns:xsi="http://www.w3.org/2001/XMLSchema-instance" xsi:schemaLocation="http://www.openarchives.org/OAI/2.0/oai_dc/ http://www.openarchives.org/OAI/2.0/oai_dc.xsd">
  <dc:creator>Ruiz Esteras, Miguel</dc:creator>
  <dc:creator>Romero Piqueras, Carlos</dc:creator>
  <dc:title>Diseño de identidad corporativa y producto de equipamiento deportivo o servicio</dc:title>
  <dc:identifier>http://zaguan.unizar.es/record/10160</dc:identifier>
  <dc:subject>parque biosaludable</dc:subject>
  <dc:subject>bioway</dc:subject>
  <dc:subject>identidad corporativa</dc:subject>
  <dc:subject>equipamiento deportivo</dc:subject>
  <dc:publisher>Universidad de Zaragoza</dc:publisher>
  <dc:date>2013</dc:date>
  <dc:description>El TFG va ha consistir en la definición de una empresa conceptual e innovadora dentro del mercado del equipamiento deportivo, basándonos en el estudio y análisis de la competencia, y aplicando técnicas de creatividad, para después diseñar o rediseñar uno o varios productos o servicios innovadores para nuestra empresa conceptual.</dc:description>
  <dc:format>pdf</dc:format>
  <dc:language>spa</dc:language>
  <dc:type>info:eu-repo/semantics/bachelorThesis</dc:type>
  <dc:rights>by-nc-sa</dc:rights>
  <dc:rights>http://creativecommons.org/licenses/by-nc-sa/3.0/</dc:rights>
</oai_dc:dc>