<?xml version="1.0" encoding="UTF-8"?><oai_dc:dc xmlns:oai_dc="http://www.openarchives.org/OAI/2.0/oai_dc/" xmlns:dc="http://purl.org/dc/elements/1.1/" xmlns:xsi="http://www.w3.org/2001/XMLSchema-instance" xsi:schemaLocation="http://www.openarchives.org/OAI/2.0/oai_dc/ http://www.openarchives.org/OAI/2.0/oai_dc.xsd">
  <dc:creator>Roig Vallés, Carmen</dc:creator>
  <dc:creator>Ruidíaz Peña, Mercedes</dc:creator>
  <dc:title>Proceso de atención de enfermería: pseudodemencia depresiva</dc:title>
  <dc:identifier>http://zaguan.unizar.es/record/10488</dc:identifier>
  <dc:subject>proceso de atención de enfermería</dc:subject>
  <dc:publisher>Universidad de Zaragoza</dc:publisher>
  <dc:date>2013</dc:date>
  <dc:description>Este trabajo es una pequeña revisión bibliográfica sobre la pseudodemencia depresiva junto con un  proceso de atención de enfermería llevado a cabo con una paciente con este diagnóstico.</dc:description>
  <dc:format>pdf</dc:format>
  <dc:language>spa</dc:language>
  <dc:type>info:eu-repo/semantics/bachelorThesis</dc:type>
  <dc:rights>by-nc-sa</dc:rights>
  <dc:rights>http://creativecommons.org/licenses/by-nc-sa/3.0/</dc:rights>
</oai_dc:dc>