<?xml version="1.0" encoding="UTF-8"?><oai_dc:dc xmlns:oai_dc="http://www.openarchives.org/OAI/2.0/oai_dc/" xmlns:dc="http://purl.org/dc/elements/1.1/" xmlns:xsi="http://www.w3.org/2001/XMLSchema-instance" xsi:schemaLocation="http://www.openarchives.org/OAI/2.0/oai_dc/ http://www.openarchives.org/OAI/2.0/oai_dc.xsd">
  <dc:creator>Grasa Pequerul, Elena</dc:creator>
  <dc:creator>Gasch Gallén, Ángel</dc:creator>
  <dc:title>Programa de educación para la salud para los alumnos de bachiller del IES de Tarazona sobre el consumo de cannabis</dc:title>
  <dc:identifier>http://zaguan.unizar.es/record/10747</dc:identifier>
  <dc:subject>cannabis y adolescencia</dc:subject>
  <dc:subject>consumo cannabis</dc:subject>
  <dc:subject>uso-abuso cannabis</dc:subject>
  <dc:subject>tratamiento cannabis</dc:subject>
  <dc:subject>efectos adversos</dc:subject>
  <dc:subject>consecuencias</dc:subject>
  <dc:subject>prevención</dc:subject>
  <dc:subject>programa salud cannabis</dc:subject>
  <dc:publisher>Universidad de Zaragoza</dc:publisher>
  <dc:date>2013</dc:date>
  <dc:description>El cannabis es la droga ilegal más consumida en Europa y el número de consumidores se ha incrementado. En España, la prevalencia de consumo reciente en jóvenes de 15-18 años se duplicó entre 1994 y 2008, pasando del 18,2 al 36,6%, y la edad media de inicio disminuyó de 15,1 a 14,7 años.  Los jóvenes empiezan a tomar este tipo de sustancias ya que no son conscientes del riesgo que supone y porque su precio es asequible. El inicio del consumo de cannabis antes de los 15 ó 16 años puede conllevar la aparición de problemas neuropsicológicos y dependencia, aumento del absentismo escolar, abandono prematuro de los estudios… También se ha demostrado que el consumo de cannabis facilita el consumo de otras drogas como cocaína y heroína. Para poder evitar el inicio al consumo es muy importante la prevención dirigida a ellos. El personal sanitario debe trabajar en ella transmitiendo la información de manera comprensible, el fomento de hábitos higiénicos y estilos de vida saludables. Así mismo, los adolescentes deben ser conscientes de las consecuencias del consumo para que tengan una percepción del riesgo  que supone.</dc:description>
  <dc:format>pdf</dc:format>
  <dc:language>spa</dc:language>
  <dc:type>info:eu-repo/semantics/bachelorThesis</dc:type>
  <dc:rights>by-nc-sa</dc:rights>
  <dc:rights>http://creativecommons.org/licenses/by-nc-sa/3.0/</dc:rights>
</oai_dc:dc>