<?xml version="1.0" encoding="UTF-8"?><oai_dc:dc xmlns:oai_dc="http://www.openarchives.org/OAI/2.0/oai_dc/" xmlns:dc="http://purl.org/dc/elements/1.1/" xmlns:xsi="http://www.w3.org/2001/XMLSchema-instance" xsi:schemaLocation="http://www.openarchives.org/OAI/2.0/oai_dc/ http://www.openarchives.org/OAI/2.0/oai_dc.xsd">
  <dc:creator>Fuentes Hergueta, Luis</dc:creator>
  <dc:creator>Santolaya Sáenz, José Luis</dc:creator>
  <dc:title>Diseño y fabricación de un aerógrafo de doble acción</dc:title>
  <dc:identifier>http://zaguan.unizar.es/record/10640</dc:identifier>
  <dc:subject>aerógrafo</dc:subject>
  <dc:subject>diseño</dc:subject>
  <dc:subject>fabricación</dc:subject>
  <dc:publisher>Universidad de Zaragoza</dc:publisher>
  <dc:date>2013</dc:date>
  <dc:description>El objeto de este proyecto es el diseño y fabricación de un aerógrafo de doble acción. El conjunto está formado por piezas de pequeño tamaño con una geometría y características que permiten la aplicación de pintura sobre una superficie con gran precisión. El diseño de componentes es el adecuado para el control de un flujo de aire a gran velocidad, su interacción con la pintura y la proyección del spray resultante. Se detalla además, el proceso de fabricación en serie que es necesario poner en marcha en una instalación convenientemente equipada, para lograr una producción de 16000 conjuntos al año y obtener así un beneficio industrial.</dc:description>
  <dc:format>pdf</dc:format>
  <dc:language>spa</dc:language>
  <dc:type>info:eu-repo/semantics/masterThesis</dc:type>
  <dc:rights>by-nc-sa</dc:rights>
  <dc:rights>http://creativecommons.org/licenses/by-nc-sa/3.0/</dc:rights>
</oai_dc:dc>