<?xml version="1.0" encoding="UTF-8"?><oai_dc:dc xmlns:oai_dc="http://www.openarchives.org/OAI/2.0/oai_dc/" xmlns:dc="http://purl.org/dc/elements/1.1/" xmlns:xsi="http://www.w3.org/2001/XMLSchema-instance" xsi:schemaLocation="http://www.openarchives.org/OAI/2.0/oai_dc/ http://www.openarchives.org/OAI/2.0/oai_dc.xsd">
  <dc:creator>Constante Cereceda, Ricardo</dc:creator>
  <dc:creator>Alfayé Villa, Silvia</dc:creator>
  <dc:title>La consolación de la República: lectura y análisis de Sobre la república de Cicerón</dc:title>
  <dc:identifier>http://zaguan.unizar.es/record/10222</dc:identifier>
  <dc:subject>cicerón</dc:subject>
  <dc:subject>república</dc:subject>
  <dc:subject>roma</dc:subject>
  <dc:subject>política</dc:subject>
  <dc:publisher>Universidad de Zaragoza</dc:publisher>
  <dc:date>2013</dc:date>
  <dc:description>Análisis de la obra Sobre la república de Cicerón, proponiendo una lectura en conexión tanto con el momento y contexto histórico en que fue escrita, como atendiendo a un intento de aclaración de conceptos y planteamientos haciendo uso de clásicos del pensamiento griego, como bibliografía actual sobre la obra y su contenido.</dc:description>
  <dc:format>pdf</dc:format>
  <dc:language>spa</dc:language>
  <dc:type>info:eu-repo/semantics/masterThesis</dc:type>
  <dc:rights>by-nc-sa</dc:rights>
  <dc:rights>http://creativecommons.org/licenses/by-nc-sa/3.0/</dc:rights>
</oai_dc:dc>