<?xml version="1.0" encoding="UTF-8"?><oai_dc:dc xmlns:oai_dc="http://www.openarchives.org/OAI/2.0/oai_dc/" xmlns:dc="http://purl.org/dc/elements/1.1/" xmlns:xsi="http://www.w3.org/2001/XMLSchema-instance" xsi:schemaLocation="http://www.openarchives.org/OAI/2.0/oai_dc/ http://www.openarchives.org/OAI/2.0/oai_dc.xsd">
  <dc:creator>León Gracia, Rebecca</dc:creator>
  <dc:creator>Gimeno Monterde, Chabier</dc:creator>
  <dc:title>Perfil socio-afectivo de los menores entre 4 y 12 años de edad que pertenecen a familias en riesgo de exclusión en el barrio de Las Fuentes</dc:title>
  <dc:identifier>http://zaguan.unizar.es/record/11071</dc:identifier>
  <dc:subject>menores en riesgo</dc:subject>
  <dc:publisher>Universidad de Zaragoza</dc:publisher>
  <dc:date>2013</dc:date>
  <dc:description>El presente estudio trata de definir el perfil socio-afectivo de los menores en riesgo pertenecientes al barrio de Las Fuentes de Zaragoza. El afecto que recibe un niño durante su infancia influye a lo largo de su desarrollo vital, sin embargo existe escasa información sobre este factor. Por ello en el estudio se trata de relacionar el apego que recibe el menor de sus progenitores o tutores con su relación e interacción con el entorno que le rodea.</dc:description>
  <dc:format>pdf</dc:format>
  <dc:language>spa</dc:language>
  <dc:type>info:eu-repo/semantics/bachelorThesis</dc:type>
  <dc:rights>by-nc-sa</dc:rights>
  <dc:rights>http://creativecommons.org/licenses/by-nc-sa/3.0/</dc:rights>
</oai_dc:dc>