<?xml version="1.0" encoding="UTF-8"?><oai_dc:dc xmlns:oai_dc="http://www.openarchives.org/OAI/2.0/oai_dc/" xmlns:dc="http://purl.org/dc/elements/1.1/" xmlns:xsi="http://www.w3.org/2001/XMLSchema-instance" xsi:schemaLocation="http://www.openarchives.org/OAI/2.0/oai_dc/ http://www.openarchives.org/OAI/2.0/oai_dc.xsd">
  <dc:creator>Casbas Bazán, Andrea</dc:creator>
  <dc:creator>Germán Bes, Concha</dc:creator>
  <dc:title>Mutilación genital femenina y enfoque de género, ¿perciben nuestros jóvenes las relaciones multiculturales en términos de igualdad?</dc:title>
  <dc:identifier>http://zaguan.unizar.es/record/10742</dc:identifier>
  <dc:publisher>Universidad de Zaragoza</dc:publisher>
  <dc:date>2013</dc:date>
  <dc:description>Se estima que la mutilación genital femenina (MGF) ha afectado a más de 130 millones de mujeres y niñas en todo el mundo, practicada en unos cuarenta países. Es una vulneración de los derechos humanos de la mujer, que pone de manifiesto la situación desigual y los mecanismos de subordinación que operan en las sociedades donde el patriarcado funciona de forma más violenta.</dc:description>
  <dc:format>pdf</dc:format>
  <dc:language>spa</dc:language>
  <dc:type>info:eu-repo/semantics/bachelorThesis</dc:type>
  <dc:rights>by-nc-sa</dc:rights>
  <dc:rights>http://creativecommons.org/licenses/by-nc-sa/3.0/</dc:rights>
</oai_dc:dc>