<?xml version="1.0" encoding="UTF-8"?><oai_dc:dc xmlns:oai_dc="http://www.openarchives.org/OAI/2.0/oai_dc/" xmlns:dc="http://purl.org/dc/elements/1.1/" xmlns:xsi="http://www.w3.org/2001/XMLSchema-instance" xsi:schemaLocation="http://www.openarchives.org/OAI/2.0/oai_dc/ http://www.openarchives.org/OAI/2.0/oai_dc.xsd">
  <dc:creator>Allanegui Garnelo, Javier</dc:creator>
  <dc:creator>Tabuenca Cintora, Víctor</dc:creator>
  <dc:creator>Rodríguez Soria, Beatriz</dc:creator>
  <dc:title>Proceso de implementación de calefactores solares para proyectos de cooperación al desarrollo</dc:title>
  <dc:identifier>http://zaguan.unizar.es/record/10598</dc:identifier>
  <dc:subject>implementación </dc:subject>
  <dc:subject>calefactores solares</dc:subject>
  <dc:subject>muros trombe</dc:subject>
  <dc:publisher>Universidad de Zaragoza</dc:publisher>
  <dc:date>2013</dc:date>
  <dc:description>El proyecto es todo el desarrollo del proceso de elección, diseño, simulación e instalación de un calefactor solar, dentro de un proyecto de cooperación al desarrollo humano.</dc:description>
  <dc:format>pdf</dc:format>
  <dc:language>spa</dc:language>
  <dc:type>info:eu-repo/semantics/masterThesis</dc:type>
  <dc:rights>by-nc-sa</dc:rights>
  <dc:rights>http://creativecommons.org/licenses/by-nc-sa/3.0/</dc:rights>
</oai_dc:dc>