<?xml version="1.0" encoding="UTF-8"?><oai_dc:dc xmlns:oai_dc="http://www.openarchives.org/OAI/2.0/oai_dc/" xmlns:dc="http://purl.org/dc/elements/1.1/" xmlns:xsi="http://www.w3.org/2001/XMLSchema-instance" xsi:schemaLocation="http://www.openarchives.org/OAI/2.0/oai_dc/ http://www.openarchives.org/OAI/2.0/oai_dc.xsd">
  <dc:creator>Serrano Cascán, Rocío</dc:creator>
  <dc:creator>Gómez Soria, Isabel</dc:creator>
  <dc:title>Investigación clínica de las posibilidades terapéuticas de un programa de autonomía personal en personas con deterioro cognitivo institucionalizadas</dc:title>
  <dc:identifier>http://zaguan.unizar.es/record/10965</dc:identifier>
  <dc:subject>terapia ocupacional</dc:subject>
  <dc:subject>estimulación cognitiva</dc:subject>
  <dc:subject>terapia funcional</dc:subject>
  <dc:subject>actividades de la vida diaria</dc:subject>
  <dc:subject>deterioro cognitivo</dc:subject>
  <dc:publisher>Universidad de Zaragoza</dc:publisher>
  <dc:date>2013</dc:date>
  <dc:description>INTRODUCCIÓN: La población mundial está envejeciendo haciendo que cada vez existan más personas afectadas por enfermedades como la demencia, provocando un consecuente incremento en los costes sanitarios y un desafío social por el impacto producido en el entorno de los mayores que la padecen. OBJETIVOS: Comprobar cómo influye un programa de autonomía personal en personas con deterioro cognitivo institucionalizadas en la capacidad funcional y cognitiva de los mismos. METODOLOGÍA: Se llevó a cabo un ensayo clínico controlado cuasi-experimental, con una muestra de 27 personas mayores con deterioro cognitivo institucionalizadas, que fueron divididas en grupo intervención y grupo control. DESARROLLO: Se realizó una valoración del estado cognitivo y funcional antes y después de llevar a cabo el programa de autonomía personal que tuvo una duración de seis meses, dentro del cual se realizaron sesiones de actividades de la vida diaria, terapia funcional y estimulación cognitiva. RESULTADOS: Los resultados confirmaron que en el área cognitiva no se obtienen cambios estadísticamente significativos, pero sí en el área funcional, donde se obtienen mejoras reseñables. CONCLUSIONES: Este programa sugiere una tendencia a mantener y, en ocasiones, potenciar los valores cognitivos iniciales, y contribuye a paliar y/o desacelerar las progresivas alteraciones gnosopráxicas propias de esta enfermedad. La presencia de ciertas limitaciones que afectan a su validez interna y externa hacen necesarios más estudios para evaluar el impacto y efectividad de este tipo de intervenciones.</dc:description>
  <dc:format>pdf</dc:format>
  <dc:language>spa</dc:language>
  <dc:type>info:eu-repo/semantics/bachelorThesis</dc:type>
  <dc:rights>by-nc-sa</dc:rights>
  <dc:rights>http://creativecommons.org/licenses/by-nc-sa/3.0/</dc:rights>
</oai_dc:dc>