<?xml version="1.0" encoding="UTF-8"?><oai_dc:dc xmlns:oai_dc="http://www.openarchives.org/OAI/2.0/oai_dc/" xmlns:dc="http://purl.org/dc/elements/1.1/" xmlns:xsi="http://www.w3.org/2001/XMLSchema-instance" xsi:schemaLocation="http://www.openarchives.org/OAI/2.0/oai_dc/ http://www.openarchives.org/OAI/2.0/oai_dc.xsd">
  <dc:creator>Buil Sanz, Selina</dc:creator>
  <dc:creator>Fleta Zaragozano, Jesús</dc:creator>
  <dc:title>Protocolo de actuación en los cuidados paliativos del niño oncológico terminal</dc:title>
  <dc:identifier>http://zaguan.unizar.es/record/10703</dc:identifier>
  <dc:subject>cuidados paliativos pediatría</dc:subject>
  <dc:subject>cuidados paliativos oncológicos pediátricos</dc:subject>
  <dc:publisher>Universidad de Zaragoza</dc:publisher>
  <dc:date>2013</dc:date>
  <dc:description>La implantación de los cuidados paliativos no está muy desarrollada. Existe un cierto tabú al afrontar este tema y especialmente en personas de corta edad para las que ni siquiera están planteados. Sin embargo hay niños que necesitan esta clase de cuidados, por lo que debe existir un plan terapéutico específico enfocado a sus necesidades. Los cuidados paliativos no tienen como objetivo alargar la vida ni curar la enfermedad, su objetivo es mucho más complejo: consiste en aliviar el sufrimiento físico y psíquico. Para aliviar ese sufrimiento es imprescindible un control exhaustivo de los síntomas manifiestos en cada momento de la enfermedad, prestando especial atención a los últimos días de este mal.  Para aliviar el sufrimiento uno de los síntomas de mayor trascendencia que hay que minimizar es el dolor, ya que sin dolor es mucho más fácil actuar a otros niveles. Estos cuidados deben alargarse en el tiempo, abarcando el acompañamiento en el duelo posterior de la familia.</dc:description>
  <dc:format>pdf</dc:format>
  <dc:language>spa</dc:language>
  <dc:type>info:eu-repo/semantics/bachelorThesis</dc:type>
  <dc:rights>by-nc-sa</dc:rights>
  <dc:rights>http://creativecommons.org/licenses/by-nc-sa/3.0/</dc:rights>
</oai_dc:dc>