<?xml version="1.0" encoding="UTF-8"?><oai_dc:dc xmlns:oai_dc="http://www.openarchives.org/OAI/2.0/oai_dc/" xmlns:dc="http://purl.org/dc/elements/1.1/" xmlns:xsi="http://www.w3.org/2001/XMLSchema-instance" xsi:schemaLocation="http://www.openarchives.org/OAI/2.0/oai_dc/ http://www.openarchives.org/OAI/2.0/oai_dc.xsd">
  <dc:creator>Remón Esteban, Ana Cristina</dc:creator>
  <dc:creator>Gabelas Barroso, José Antonio</dc:creator>
  <dc:title>La telebasura como el fenómeno televisivo imperante</dc:title>
  <dc:identifier>http://zaguan.unizar.es/record/10002</dc:identifier>
  <dc:subject>telebasura</dc:subject>
  <dc:subject>televisión contenidos </dc:subject>
  <dc:subject>audiencia</dc:subject>
  <dc:subject>público</dc:subject>
  <dc:subject>valores</dc:subject>
  <dc:subject>percepción</dc:subject>
  <dc:subject>moral</dc:subject>
  <dc:subject>ética</dc:subject>
  <dc:subject>límites</dc:subject>
  <dc:publisher>Universidad de Zaragoza</dc:publisher>
  <dc:date>2013</dc:date>
  <dc:description>La televisión ocupa un espacio muy importante en el día a día de todo el mundo. La influencia que ésta ejerce sobre los públicos es muy grande y, por ello, la evolución que ha tenido la televisión de un tiempo a esta parte afecta de manera muy directa a la población. La telebasura es un fenómeno del que todo el mundo habla pero del que se tienen muy pocas premisas académicas. Se trata de un término subjetivo que no implica que todas las personas sean capaces de captarlo de la misma manera. Puede ser que lo que una persona considere telebasura no lo sea para otra. Entran en juego diferentes aspectos que hacen que el público se enfrente a los contenidos de la televisión de una manera diferente, dependiendo de sus condiciones personales, sus experiencias, sus prejuicios… los individuos tienen diferente escala de valores y por ello consideran apropiadas diferentes actuaciones o contenidos.  Es por esta razón por lo que resulta complicado investigar una serie de parámetros que se establezcan como baremo televisivo para, de este modo,  diferenciar lo que es telebasura de lo que no. Resulta muy complicado distinguirla pero, a pesar de ello, está muy introducida en la televisión y en la sociedad en general de una manera tan fuerte que incluso resulta complicado, en más de una ocasión, ser consciente de su existencia.</dc:description>
  <dc:format>pdf</dc:format>
  <dc:language>spa</dc:language>
  <dc:type>info:eu-repo/semantics/bachelorThesis</dc:type>
  <dc:rights>by-nc-sa</dc:rights>
  <dc:rights>http://creativecommons.org/licenses/by-nc-sa/3.0/</dc:rights>
</oai_dc:dc>