<?xml version="1.0" encoding="UTF-8"?><oai_dc:dc xmlns:oai_dc="http://www.openarchives.org/OAI/2.0/oai_dc/" xmlns:dc="http://purl.org/dc/elements/1.1/" xmlns:xsi="http://www.w3.org/2001/XMLSchema-instance" xsi:schemaLocation="http://www.openarchives.org/OAI/2.0/oai_dc/ http://www.openarchives.org/OAI/2.0/oai_dc.xsd">
  <dc:creator>Embid Romeo, Mercedes</dc:creator>
  <dc:creator>Tomás Gimeno, María</dc:creator>
  <dc:creator>Mora Alfonso, Mario</dc:creator>
  <dc:title>Optimización de las condiciones del procesado de materiales compuestos reforzados con fibras de sílice</dc:title>
  <dc:identifier>http://zaguan.unizar.es/record/10307</dc:identifier>
  <dc:publisher>Universidad de Zaragoza</dc:publisher>
  <dc:date>2013</dc:date>
  <dc:description>El objetivo del presente Proyecto Fin de Carrera es analizar la influencia del contenido en sólido, del número de capas de fibras y la realización de un proceso de infiltración con sílicasol sobre las propiedades de los materiales compuestos cerámicos de sílice reforzado con fibras. Los materiales se han caracterizado en cuanto a su densidad, resistencia a la flexión, fracción en volumen de sílice, fibras y la porosidad.</dc:description>
  <dc:format>pdf</dc:format>
  <dc:language>spa</dc:language>
  <dc:type>info:eu-repo/semantics/masterThesis</dc:type>
  <dc:rights>by-nc-sa</dc:rights>
  <dc:rights>http://creativecommons.org/licenses/by-nc-sa/3.0/</dc:rights>
</oai_dc:dc>