<?xml version="1.0" encoding="UTF-8"?><oai_dc:dc xmlns:oai_dc="http://www.openarchives.org/OAI/2.0/oai_dc/" xmlns:dc="http://purl.org/dc/elements/1.1/" xmlns:xsi="http://www.w3.org/2001/XMLSchema-instance" xsi:schemaLocation="http://www.openarchives.org/OAI/2.0/oai_dc/ http://www.openarchives.org/OAI/2.0/oai_dc.xsd">
  <dc:creator>Albás Maza, Raúl</dc:creator>
  <dc:creator>Pérez Sanz, José Raúl</dc:creator>
  <dc:title>Parada cardiorrespiratoria y reanimación cardiopulmonar en el medio rural de la Comunidad Autónoma de Aragón</dc:title>
  <dc:identifier>http://zaguan.unizar.es/record/10819</dc:identifier>
  <dc:subject>reanimación cardiopulmonar</dc:subject>
  <dc:subject>parada cardiorrespiratoria</dc:subject>
  <dc:subject>medio rural de aragón</dc:subject>
  <dc:publisher>Universidad de Zaragoza</dc:publisher>
  <dc:date>2013</dc:date>
  <dc:description>Cada año miles de personas mueren a causa de una parada cardíaca o cardiorrespiratoria (PCR), al no haber recibido a tiempo tratamiento médico. Conocer las técnicas de reanimación cardiopulmonar (RCP) significa conocer cómo se pueden salvar vidas. En este trabajo se explora la situación de la parada cardiopulmonar y la RCP desde un punto de vista más “desprotegido” como es el medio rural de la Comunidad Autónoma de Aragón, y también se analizarán las posibilidades de alcanzar un buen porcentaje de la población rural formado en técnicas de reanimación con la finalidad de reducir la incidencia de muertes en dicha zona a causa de PCR.</dc:description>
  <dc:format>pdf</dc:format>
  <dc:language>spa</dc:language>
  <dc:type>info:eu-repo/semantics/bachelorThesis</dc:type>
  <dc:rights>by-nc-sa</dc:rights>
  <dc:rights>http://creativecommons.org/licenses/by-nc-sa/3.0/</dc:rights>
</oai_dc:dc>