<?xml version="1.0" encoding="UTF-8"?><oai_dc:dc xmlns:oai_dc="http://www.openarchives.org/OAI/2.0/oai_dc/" xmlns:dc="http://purl.org/dc/elements/1.1/" xmlns:xsi="http://www.w3.org/2001/XMLSchema-instance" xsi:schemaLocation="http://www.openarchives.org/OAI/2.0/oai_dc/ http://www.openarchives.org/OAI/2.0/oai_dc.xsd">
  <dc:creator>Cortés Solanas, Rubén</dc:creator>
  <dc:creator>Navarro Elola, Luis</dc:creator>
  <dc:title>Internacionalización de la industria ferroviaria española</dc:title>
  <dc:identifier>http://zaguan.unizar.es/record/10620</dc:identifier>
  <dc:subject>internacionalización</dc:subject>
  <dc:subject>industria</dc:subject>
  <dc:subject>ferroviaria</dc:subject>
  <dc:subject>española</dc:subject>
  <dc:subject>recursos humanos</dc:subject>
  <dc:subject>analisis</dc:subject>
  <dc:subject>encuestas</dc:subject>
  <dc:subject>dyane</dc:subject>
  <dc:publisher>Universidad de Zaragoza</dc:publisher>
  <dc:date>2013</dc:date>
  <dc:description>El presente proyecto se ha desarrollado en el departamento de Dirección y Organización de Empresas de la Universidad de Zaragoza. Con el telón de fondo de la crisis económica actual, y ante un descenso severo de la demanda interna, el sector exterior está cada vez cobrando un rol más importante en las decisiones estratégicas de las empresas españolas. Desde mediados de los noventa, las empresas españolas comenzaron a iniciarse en el proceso de internacionalización, convirtiéndose en empresas globales. A mediados de los noventa el 3% del PIB español estaba invertido en el exterior, esta cifra se sitúa ya a finales de 2011 en el 50%. Para alcanzar el éxito de la internacionalización, la gran mayoría de las empresas españolas han basado sus ventajas competitivas en los bajos costes de producción y mano de obra. Pero esta ventaja hoy en día se ha perdido y las empresas deben dirigir sus esfuerzos en implementar nuevos factores de competitividad (innovación, inteligencia económica, marketing, ect…) para encontrar esas ventajas competitivas. El entorno europeo se viene caracterizando por los procesos de creciente liberalización del mercado ferroviario, propiciados por la Unión Europea, así como por los procesos adelantados de apertura a la competencia que, a nivel nacional y según diversos modelos, se han venido llevando a cabo en algunos países antes de que la normativa europea obligase a ello. A la liberalización del mercado europeo del transporte ferroviario de mercancías desde 2005, tanto doméstico como internacional, se ha unido en 2010 la liberalización del mercado del transporte ferroviario internacional de viajeros. En un futuro no demasiado lejano, se producirá también la apertura generalizada a la competencia de los mercados domésticos del transporte ferroviario de viajeros en los países de la Unión Europea. En este marco global europeo, hay que contar con que se produzcan alianzas, fusiones y adquisiciones, a las que ya estamos asistiendo, a la vez que aparecen en el mercado nuevos operadores ferroviarios de transporte. En el ámbito mundial, se vienen produciendo concursos, proyectos y desarrollos ferroviarios en diversos países que ofrecen nuevas oportunidades de internacionalización, si bien en un entorno cada vez más competitivo. Por otro lado, las mayores empresas ferroviarias europeas han emprendido, algunas desde hace tiempo, un decidido camino de internacionalización que también se empieza a observar fuera de Europa, en particular por parte de China. En el sector del ferrocarril, la gran mayoría de las empresas ferroviarias, cada vez que cierran una venta, se les obliga o se pacta, que se debe fabricar en los países o ciudades de destino final. Debido a este hecho, se ve afectado un punto clave de la internacionalización, el capital humano. Este punto requiere un tratamiento delicado, ya que se habla tanto de la integración de los trabajadores a su nuevo entorno laboral, como del momento en el que se debe realizar la repatriación a su vida habitual. La gestión del capital humano en estos procesos debería estar al mismo nivel que la estrategia de negocio, porque una variable depende directamente de la otra. En el cuerpo de la memoria se estudia y analiza las buenas prácticas de las políticas de desplazamiento y de la formación de los recursos humanos. Dentro de este proyecto también se analiza y se define uno de los puntos más cruciales de la internacionalización de la empresa, la elección de la estrategia de entrada en los mercados destino. En la actualidad el 63% de las empresas que realizan su internacionalización, fracasan. Por ello, este punto debe ser estudiado y muy bien detallado. El proyecto se focaliza en el estudio, investigación y definición de los procesos de internacionalización empresarial y las consecuencias en la gestión de los recursos humanos, y tiene como objetivo estudiar y definir los procesos y modelos de internacionalización y gestión internacional del capital humano. La elección de la industria ferroviaria no ha sido arbitraria. El peso que tiene este sector en España y en gran parte del mundo es muy importante. España es uno de los países punteros en tecnología ferroviaria y uno de los países que más kilómetros de vía ferroviaria tiene en el mundo. Este hecho nos dota de una visión muy positiva de nuestra tecnología en el exterior. Otra razón de importante peso en la elección de este proyecto es porque las necesidades de inversión en infraestructuras ferroviarias son enormes en Europa y en todo el mundo, además, hoy en día se está notando la fuerte demanda externa que proviene principalmente de los países en vías de desarrollo. No hay más que ver, los últimos grandes contratos que se han firmado, el metro de Rio de Janeiro, Brasil, la linea de alta velocidad La Meca-Medina, la de Ankara-Estambul (Turquía), el metro de Miami, el Nodo di Palermo, Ferrocarril Relizane-Tiaret-Tissmslit, tranvía de Orán o el túnel de Bolonia. También el metro de Panamá y el tranvía de Dublín. Esta necesidad de infraestructuras por parte de mercados internacionales nos está indicando que existe una demanda potencial, y las empresas españolas ven una oportunidad de negocio. Por ello actualmente la Internacionalización es la principal estrategia para el tejido empresarial ferroviario español. El proyecto se puede dividir en dos partes. La primera parte está dividida en cinco capítulos. En esta primera parte se hace una revisión de la literatura más idónea y óptima para el proyecto en el que nos encontramos. El primer capítulo es la introducción, donde se explica los objetivos, la motivación y la metodología seguida durante la realización del proyecto. En el segundo capítulo se desarrolla un análisis del contexto económico y del nivel de internacionalización de la economía española, así como la exposición de la  internacionalización como solución a la crisis actual. En el tercer capítulo se explican las razones para la internacionalización, los conceptos teóricos para entender las diferentes estrategias y modelos de internacionalización. Además también se presenta las estrategias y propuestas más adecuadas para el sector ferroviario español. El cuarto capítulo trata de uno de los dos puntos más importantes en toda internacionalización, la gestión de los recursos humanos. Dentro de este capítulo se definen los conceptos de expatriación y repatriación, así como los factores que afectan en la gestión de la diversidad en la empresa. El quinto capítulo, último de la primera parte, se focaliza en la internacionalización de la empresa española y en detalle de la industria ferroviaria. Se hace un estudio de la situación actual y las perspectivas de futuro. Por otro lado, se definen los organismos españoles que apoyan a las empresas o sectores, durante el proceso de internacionalización. La segunda parte del proyecto y último capítulo, se focaliza en el estudio llevado a cabo a través de las encuestas realizadas a diferentes empresas ferroviarias y el análisis estadístico de los resultados obtenidos con las distintas técnicas que ofrece DYANE, y se presentan las conclusiones obtenidas del estudio del proyecto. La definición de las empresas y muestra a estudiar se realizara mediante el estudio de las empresas ferroviarias encontradas en el anuario de principales sociedades Españolas y en las bases de datos de asociaciones ferroviarias, tales como: Mafex, Railgroup, Anci. El anuario está disponible en la biblioteca de económicas y empresariales Paraíso y las bases de datos de las diferentes asociaciones están disponibles en las propias páginas web mencionadas. Lo primero que se realizo es una base de datos en Excel donde se describe toda la información necesaria para llevar un control de los contactos con todas las empresas objetivo a realizar el cuestionario. Se realizó un contacto previo con las empresas para definir la persona más idónea para la realización del cuestionario. Posteriormente se enviaría a las empresas una carta de presentación del proyecto y estudio, junto con el cuestionario para conseguir datos fiables y homogéneos de todas las empresas finalmente seleccionadas para el estudio. De esta forma el análisis y conclusiones finales serán más fáciles de obtener. Tanto el diseño como el análisis de la encuesta se realizara mediante el software DYANE Versión 4.(Esta disponible en la biblioteca Económicas y Empresariales Campus Rio Ebro). Esto conlleva un estudio previo del software y las técnicas de análisis y tratamiento de datos obtenidos. Las conclusiones a las que se quiere llegar con este proyecto son, obtener y estudiar los factores que han llevado a las empresas de la industria ferroviaria española al éxito fuera de sus fronteras.</dc:description>
  <dc:format>pdf</dc:format>
  <dc:language>spa</dc:language>
  <dc:type>info:eu-repo/semantics/masterThesis</dc:type>
  <dc:rights>by-nc-sa</dc:rights>
  <dc:rights>http://creativecommons.org/licenses/by-nc-sa/3.0/</dc:rights>
</oai_dc:dc>