<?xml version="1.0" encoding="UTF-8"?><oai_dc:dc xmlns:oai_dc="http://www.openarchives.org/OAI/2.0/oai_dc/" xmlns:dc="http://purl.org/dc/elements/1.1/" xmlns:xsi="http://www.w3.org/2001/XMLSchema-instance" xsi:schemaLocation="http://www.openarchives.org/OAI/2.0/oai_dc/ http://www.openarchives.org/OAI/2.0/oai_dc.xsd">
  <dc:creator>Meseguer Laborda, Francisco</dc:creator>
  <dc:creator>Zalba Nonay, Belen</dc:creator>
  <dc:title>Climatización de la ampliación de la Casa de Cultura de Andorra (Teruel)</dc:title>
  <dc:identifier>http://zaguan.unizar.es/record/10294</dc:identifier>
  <dc:subject>clima</dc:subject>
  <dc:subject>climatización</dc:subject>
  <dc:publisher>Universidad de Zaragoza</dc:publisher>
  <dc:date>2013</dc:date>
  <dc:description>El presente proyecto tiene como finalidad el diseño de las instalaciones de climatización de la ampliación de la Casa de Cultura de Andorra (Teruel), estableciendo las condiciones técnicas y legales que deberán cumplir las diversas instalaciones.</dc:description>
  <dc:format>pdf</dc:format>
  <dc:language>spa</dc:language>
  <dc:type>info:eu-repo/semantics/masterThesis</dc:type>
  <dc:rights>by-nc-sa</dc:rights>
  <dc:rights>http://creativecommons.org/licenses/by-nc-sa/3.0/</dc:rights>
</oai_dc:dc>