<?xml version="1.0" encoding="UTF-8"?><oai_dc:dc xmlns:oai_dc="http://www.openarchives.org/OAI/2.0/oai_dc/" xmlns:dc="http://purl.org/dc/elements/1.1/" xmlns:xsi="http://www.w3.org/2001/XMLSchema-instance" xsi:schemaLocation="http://www.openarchives.org/OAI/2.0/oai_dc/ http://www.openarchives.org/OAI/2.0/oai_dc.xsd">
  <dc:creator>Blanco Ortiz, Paula</dc:creator>
  <dc:creator>Ramos Vallecillo, Nora</dc:creator>
  <dc:title>Planteamiento, diseño y ejecución del espacio expositivo de un 'Centro de Interpretación Paleontológica' en Los Barrios de Luna (León)</dc:title>
  <dc:identifier>http://zaguan.unizar.es/record/10216</dc:identifier>
  <dc:subject>imagen corporativa</dc:subject>
  <dc:subject>diseño 3d</dc:subject>
  <dc:subject>centro expositivo</dc:subject>
  <dc:subject>mobiliario expositivo</dc:subject>
  <dc:subject>paleontología</dc:subject>
  <dc:publisher>Universidad de Zaragoza</dc:publisher>
  <dc:date>2013</dc:date>
  <dc:description>El trabajo Fin de Grado realizado consiste en el planteamiento, diseño y ejecución de un Centro de Interpretación Paleontológica en el municipio de Los Barrios de Luna provincia de León. Este trabajo está planteado por la empresa Paleoymás, en la cual la autora ha realizado prácticas universitarias. Durante el periodo inicial en la empresa se colaboró en otros proyectos que sirvieron de gran ayuda para conocer su método de trabajo y el campo donde se desarrolla su actividad. El objetivo de este proyecto es crear y diseñar el espacio expositivo con todo lo que éste conlleva: -Realizar la distribución de los diferentes espacios del Centro. -Establecer el recorrido de la exposición y su sistema de accesibilidad. -Plantear el sistema de iluminación. -Diseño de los soportes y mobiliarios que ésta deba incluir. -Realización de todas las aplicaciones que estén directamente relacionadas con la exposición. -Distribuir la información de una manera atractiva, clara y ordenada. -Crear una imagen corporativa que identifique y refleje lo que allí se va a ofrecer al visitante. -Realización del manual de marca. -Diseño de las artes finales. Con este Centro de Interpretación se dará a conocer la importancia geológica de la zona de Los Barrios de Luna, donde se localiza uno de los yacimientos de trilobites más ricos de España. Con este proyecto se pretende ofrecer el completo desarrollo de todos los factores que intervienen para que la exposición se pueda realizar correctamente y tenga éxito. Poniendo de manifiesto los conocimientos, habilidades, aptitudes y actitudes adquiridos a los largo de los años de carrera.</dc:description>
  <dc:format>pdf</dc:format>
  <dc:language>spa</dc:language>
  <dc:type>info:eu-repo/semantics/bachelorThesis</dc:type>
  <dc:rights>by-nc-sa</dc:rights>
  <dc:rights>http://creativecommons.org/licenses/by-nc-sa/3.0/</dc:rights>
</oai_dc:dc>