<?xml version="1.0" encoding="UTF-8"?><oai_dc:dc xmlns:oai_dc="http://www.openarchives.org/OAI/2.0/oai_dc/" xmlns:dc="http://purl.org/dc/elements/1.1/" xmlns:xsi="http://www.w3.org/2001/XMLSchema-instance" xsi:schemaLocation="http://www.openarchives.org/OAI/2.0/oai_dc/ http://www.openarchives.org/OAI/2.0/oai_dc.xsd">
  <dc:creator>Calahorra Pérez, María</dc:creator>
  <dc:creator>García Ballarín, Isabel</dc:creator>
  <dc:title>Programa de educación dirigido a cuidadores de enfermos de Alzheimer</dc:title>
  <dc:identifier>http://zaguan.unizar.es/record/10743</dc:identifier>
  <dc:subject>alzheimer</dc:subject>
  <dc:subject>enfermería </dc:subject>
  <dc:subject>cuidador principal </dc:subject>
  <dc:subject>familia</dc:subject>
  <dc:subject>educación para la salud</dc:subject>
  <dc:publisher>Universidad de Zaragoza</dc:publisher>
  <dc:date>2013</dc:date>
  <dc:description>El Alzheimer es una enfermedad que vive y sufre el propio enfermo, pero cuyo impacto en el cuidador principal hay que tener presente. La sobrecarga que soporta el cuidador puede llegar a ser muy significativa y conllevar cambios a nivel físico, psíquico, social y económico, y además, puede ser la causa de la aparición de problemas dentro de la estructura familiar. Es por ello por lo que se ofrece a los familiares y personas cercanas al enfermo la oportunidad de valorar su situación y aceptar la ayuda de profesionales de la salud, redes de apoyo y actividades que den asistencia a este tipo de situaciones.</dc:description>
  <dc:format>pdf</dc:format>
  <dc:language>spa</dc:language>
  <dc:type>info:eu-repo/semantics/bachelorThesis</dc:type>
  <dc:rights>by-nc-sa</dc:rights>
  <dc:rights>http://creativecommons.org/licenses/by-nc-sa/3.0/</dc:rights>
</oai_dc:dc>