<?xml version="1.0" encoding="UTF-8"?><oai_dc:dc xmlns:oai_dc="http://www.openarchives.org/OAI/2.0/oai_dc/" xmlns:dc="http://purl.org/dc/elements/1.1/" xmlns:xsi="http://www.w3.org/2001/XMLSchema-instance" xsi:schemaLocation="http://www.openarchives.org/OAI/2.0/oai_dc/ http://www.openarchives.org/OAI/2.0/oai_dc.xsd">
  <dc:creator>Guimera Rubio, Aitana</dc:creator>
  <dc:creator>Subirón Valera, Ana Belén</dc:creator>
  <dc:title>Plan de cuidados de enfermería en paciente intervenido de amputación no traumática de extremidad inferior</dc:title>
  <dc:identifier>http://zaguan.unizar.es/record/10713</dc:identifier>
  <dc:subject>amputación</dc:subject>
  <dc:subject>plan de cuidados de enfermería</dc:subject>
  <dc:publisher>Universidad de Zaragoza</dc:publisher>
  <dc:date>2013</dc:date>
  <dc:description>La amputación no traumática (ANT) de extremidad inferior es considerada como el tratamiento final para la isquemia crónica. La diabetes mellitus es una patología muy frecuente en la población y está relacionada con el 50- 60% de ANT. El personal sanitario es fundamental no solo en el cuidado de estos pacientes, sino también en la prevención de la ANT mediante intervenciones encaminadas a la enseñanza del autocuidado. El objetivo del trabajo ha sido realizar un plan de cuidados de enfermería estandarizado de un paciente tras haber sido intervenido quirúrgicamente de amputación de extremidad inferior. Para conocer la evidencia científica sobre el tema se realizó la búsqueda de información en bases de datos y páginas web. Se revisaron los niveles de evidencia en el mantenimiento del catéter venoso periférico y el cuidado de la herida quirúrgica. Se utilizó la taxonomía NANDA, NOC y NIC para componer el plan de cuidados. El paciente amputado experimenta un gran cambio en su vida. Requiere de mucha atención por parte del equipo multidisciplinar ya que presenta unas características bio-psico-sociales muy especiales. Un plan estandarizado respaldado por la evidencia científica facilita al personal sanitario unas pautas a seguir, para así conseguir una favorable recuperación holística de la persona.</dc:description>
  <dc:format>pdf</dc:format>
  <dc:language>spa</dc:language>
  <dc:type>info:eu-repo/semantics/bachelorThesis</dc:type>
  <dc:rights>by-nc-sa</dc:rights>
  <dc:rights>http://creativecommons.org/licenses/by-nc-sa/3.0/</dc:rights>
</oai_dc:dc>