<?xml version="1.0" encoding="UTF-8"?><oai_dc:dc xmlns:oai_dc="http://www.openarchives.org/OAI/2.0/oai_dc/" xmlns:dc="http://purl.org/dc/elements/1.1/" xmlns:xsi="http://www.w3.org/2001/XMLSchema-instance" xsi:schemaLocation="http://www.openarchives.org/OAI/2.0/oai_dc/ http://www.openarchives.org/OAI/2.0/oai_dc.xsd">
  <dc:creator>Serrano Perucha, Cristina</dc:creator>
  <dc:creator>Sáenz Preciado, J. Carlos</dc:creator>
  <dc:title>Jerarquización del territorio bilbilitano (siglos II-I a. C.)</dc:title>
  <dc:identifier>http://zaguan.unizar.es/record/10154</dc:identifier>
  <dc:subject>bilbilis</dc:subject>
  <dc:subject>valdeherrera</dc:subject>
  <dc:subject>territorio</dc:subject>
  <dc:subject>romanización</dc:subject>
  <dc:publisher>Universidad de Zaragoza</dc:publisher>
  <dc:date>2013</dc:date>
  <dc:description>Estableciendo al Jalón como eje vertebrador y delimitado por los afluentes Jiloca, Perejiles y Ribota, este enclave se caracterizó durante los siglos III al I a. C. por su elevada concentración de asentamientos que tuvieron gran relevancia en la jerarquía territorial al mismo tiempo que jugaron un papel esencial en los acontecimientos bélicos que la conquista y romanización de la Celtiberia reportaron y los cambios socio- económicos y administrativos que dejaron huella en el paisaje. Desde el siglo XVI estudiosos e investigadores han mostrado especial interés en develar la entidad y transformación urbanística de estas poblaciones celtibéricas. A través del análisis de las fuentes clásicas, testimonios epigráficos, numismáticos y materiales recuperados de forma sistemática por los respectivos proyectos arqueológicos, se corroboran o desmienten las hipótesis planteadas hasta la fecha. Bilbilis, Sekeiza y Valdeherrera son las tres ciudades celtibéricas que ejercerán alternativamente el control en el territorio bilbilitano, puerta de influencias, pueblos y culturas que llegan desde Levante hacia el interior de la Meseta.</dc:description>
  <dc:format>pdf</dc:format>
  <dc:language>spa</dc:language>
  <dc:type>info:eu-repo/semantics/masterThesis</dc:type>
  <dc:rights>by-nc-sa</dc:rights>
  <dc:rights>http://creativecommons.org/licenses/by-nc-sa/3.0/</dc:rights>
</oai_dc:dc>