<?xml version="1.0" encoding="UTF-8"?><oai_dc:dc xmlns:oai_dc="http://www.openarchives.org/OAI/2.0/oai_dc/" xmlns:dc="http://purl.org/dc/elements/1.1/" xmlns:xsi="http://www.w3.org/2001/XMLSchema-instance" xsi:schemaLocation="http://www.openarchives.org/OAI/2.0/oai_dc/ http://www.openarchives.org/OAI/2.0/oai_dc.xsd">
  <dc:creator>Sánchez Bertola, Yésica</dc:creator>
  <dc:creator>Nuño Morer, Felipe</dc:creator>
  <dc:title>Análisis de los conocimientos y actitudes del personal de enfermería de Jaca hacia pacientes con síndrome de Down</dc:title>
  <dc:identifier>http://zaguan.unizar.es/record/10436</dc:identifier>
  <dc:subject>síndrome de Down</dc:subject>
  <dc:subject>enfermería</dc:subject>
  <dc:publisher>Universidad de Zaragoza</dc:publisher>
  <dc:date>2013</dc:date>
  <dc:description>El síndrome de Down es una de las discapacidades más reconocidas. A lo largo de la vida profesional del personal de enfermería puede presentarse la ocasión de tratar a un paciente con síndrome de Down. Los conocimientos y las actitudes correctos para tratarlos son necesarios para asegurar un buen cuidado enfermero a este colectivo. Objetivo: Analizar los conocimientos sobre síndrome de Down y las actitudes para afrontar el cuidado a los pacientes con esta anomalía del personal de enfermería de la ciudad de Jaca. Material y método: se realizó un estudio descriptivo-analítico con una muestra de 70 profesionales de enfermería de la ciudad de Jaca. El instrumento para la recogida de datos fue un cuestionario de 14 ítems. Resultados y conclusiones: el 54% de los participantes son enfermeros frente al 46% de auxiliares. Solamente el 48,5% del total se siente preparado para tratar a pacientes con síndrome de Down. En cuanto a conocimientos, el personal de enfermería de Jaca debe mejorar y propone hacerlo, principalmente, mediante una mejora en los planes de estudio de los profesionales de la salud. En cuanto a las actitudes, serían las correctas a la hora de tratar a un paciente con síndrome de Down.</dc:description>
  <dc:format>pdf</dc:format>
  <dc:language>spa</dc:language>
  <dc:type>info:eu-repo/semantics/bachelorThesis</dc:type>
  <dc:rights>by-nc-sa</dc:rights>
  <dc:rights>http://creativecommons.org/licenses/by-nc-sa/3.0/</dc:rights>
</oai_dc:dc>