<?xml version="1.0" encoding="UTF-8"?><oai_dc:dc xmlns:oai_dc="http://www.openarchives.org/OAI/2.0/oai_dc/" xmlns:dc="http://purl.org/dc/elements/1.1/" xmlns:xsi="http://www.w3.org/2001/XMLSchema-instance" xsi:schemaLocation="http://www.openarchives.org/OAI/2.0/oai_dc/ http://www.openarchives.org/OAI/2.0/oai_dc.xsd">
  <dc:creator>Antón Ramas, Sonia Pilar</dc:creator>
  <dc:creator>Belloso Alcay, Ana Victoria</dc:creator>
  <dc:title>Procedimiento de extracción sanguínea y disminución de la ansiedad concomitante</dc:title>
  <dc:identifier>http://zaguan.unizar.es/record/10682</dc:identifier>
  <dc:subject>ansiedad</dc:subject>
  <dc:subject>extracción sanguínea</dc:subject>
  <dc:subject>mecanismos de disminución de la ansiedad</dc:subject>
  <dc:subject>sangre</dc:subject>
  <dc:publisher>Universidad de Zaragoza</dc:publisher>
  <dc:date>2013</dc:date>
  <dc:description>En este trabajo se describe el procedimiento a seguir para la correcta extracción de muestras de sangre por venopunción, la ansiedad asociada que puede surgir en los momentos anteriores o durante la extracción sanguínea y métodos o técnicas para resolverlas.</dc:description>
  <dc:format>pdf</dc:format>
  <dc:language>spa</dc:language>
  <dc:type>info:eu-repo/semantics/bachelorThesis</dc:type>
  <dc:rights>by-nc-sa</dc:rights>
  <dc:rights>http://creativecommons.org/licenses/by-nc-sa/3.0/</dc:rights>
</oai_dc:dc>