<?xml version="1.0" encoding="UTF-8"?><oai_dc:dc xmlns:oai_dc="http://www.openarchives.org/OAI/2.0/oai_dc/" xmlns:dc="http://purl.org/dc/elements/1.1/" xmlns:xsi="http://www.w3.org/2001/XMLSchema-instance" xsi:schemaLocation="http://www.openarchives.org/OAI/2.0/oai_dc/ http://www.openarchives.org/OAI/2.0/oai_dc.xsd">
  <dc:creator>Toril Garrido, Adrián</dc:creator>
  <dc:creator>Orduna Onco, Ángel</dc:creator>
  <dc:title>Revisión de intervenciones de enfermería para la prevención de la neumonía asociada a la ventilación mecánica invasiva</dc:title>
  <dc:identifier>http://zaguan.unizar.es/record/10435</dc:identifier>
  <dc:subject>neumonía</dc:subject>
  <dc:subject>prevención</dc:subject>
  <dc:subject>ventilación mecánica</dc:subject>
  <dc:subject>intervenciones de enfermería</dc:subject>
  <dc:subject>neumonía asociada a ventilación mecánica</dc:subject>
  <dc:subject>unidad cuidados intensivos</dc:subject>
  <dc:publisher>Universidad de Zaragoza</dc:publisher>
  <dc:date>2013</dc:date>
  <dc:description>Objetivo: Evaluar 4 intervenciones de enfermería para prevenir la neumonía asociada a la ventilación mecánica e interrelacionarlas con la terminología enfermera NIC, destacando la importancia del papel de enfermería en este campo. Método: Se realizó una búsqueda bibliográfica durante los meses de diciembre a febrero de 2013 en las bases de datos Medline, Cochrane, Cuiden y en la revista de Medicina intensiva, en el periodo de 1990 a 2012, sin limitación en el idioma. Se incluyeron en la revisión ensayos clínicos aleatorios, estudios observacionales, prospectivos y meta-análisis, y la población incluida fueron adultos mayores de 18 años sometidos a intubación orotraqueal y ventilación mecánica invasiva ingresados en unidades de cuidados críticos. Las intervenciones revisadas fueron: lavado bucal con clorhexidina al 0,12%, aspiración subglótica continua de secreciones, posición semisentada, y cambio del circuito y del humidificador del respirador, todas ellas encaminadas a la prevención de la neumonía asociada a la ventilación mecánica. Resultados y conclusiones: Se analizaron un total de 32 artículos tras ser seleccionados según los criterios de inclusión. Se demostró que las intervenciones con mayor evidencia científica para la prevención de la neumonía asociada a la ventilación mecánica invasiva fueron: lavado bucal con clorhexidina al 0,12%, aspiración sublglótica continua, la posición semisentada a 45º, el cambio del circuito del respirador de 7 a 14 días, el cambio del humidificador a partir de 48h.</dc:description>
  <dc:format>pdf</dc:format>
  <dc:language>spa</dc:language>
  <dc:type>info:eu-repo/semantics/bachelorThesis</dc:type>
  <dc:rights>by-nc-sa</dc:rights>
  <dc:rights>http://creativecommons.org/licenses/by-nc-sa/3.0/</dc:rights>
</oai_dc:dc>