<?xml version="1.0" encoding="UTF-8"?><oai_dc:dc xmlns:oai_dc="http://www.openarchives.org/OAI/2.0/oai_dc/" xmlns:dc="http://purl.org/dc/elements/1.1/" xmlns:xsi="http://www.w3.org/2001/XMLSchema-instance" xsi:schemaLocation="http://www.openarchives.org/OAI/2.0/oai_dc/ http://www.openarchives.org/OAI/2.0/oai_dc.xsd">
  <dc:creator>Martínez Berdún, Adrián</dc:creator>
  <dc:creator>Hijós Larraz, Luis Alfonso</dc:creator>
  <dc:title>Estudio de consumo de alcohol, tabaco y otras drogas entre estudiantes de enfermería</dc:title>
  <dc:identifier>http://zaguan.unizar.es/record/10481</dc:identifier>
  <dc:subject>estudiantes universitarios</dc:subject>
  <dc:subject>consumo de alcohol</dc:subject>
  <dc:subject>tabaquismo</dc:subject>
  <dc:subject>drogodependencia</dc:subject>
  <dc:publisher>Universidad de Zaragoza</dc:publisher>
  <dc:date>2013</dc:date>
  <dc:description>Introducción: El consumo de alcohol, tabaco y otras sustancias psicoactivas es un problema sociosanitario de primer orden. La elevada frecuencia de consumo entre los jóvenes es preocupante, aunque inician el consumo en la adolescencia la etapa universitaria es donde está extendido el consumo abundante de alcohol y tabaco abriendo las puertas al consumo de otras sustancias psicoacticas. El objetivo de este proyecto es conocer la prevalencia del consumo de las diferentes sustancias psicoactivas en los estudiantes de la Escuela Universitaria de Enfermería de Huesca, con el fin de obtener información que permita diseñar intervenciones dirigidas a su prevención. Material y Método: Estudio descriptivo transversal, mediante un cuestionario anónimo y preguntando por los patrones, edad de inicio y problemas asociados al consumo de las sustancias psicoactivas. Resultados: El alcohol (98,3% consumo ultimo año) y tabaco (44,4% consumo ultimo mes) son las sustancias con más prevalencia y con una edad de inicio más baja (14,79 años y 14,97 años respectivamente). En cuanto al resto de sustancias psicoactivas el cannabis es la más consumida (70,69%) con una edad de inicio precoz (16,52 años), seguida de las anfetaminas (12,1%) y la cocaína (11,21%), que tienen una edad de inicio más alta (18,71 años y 18,77 años respectivamente). Por último un 17,2% ha tenido problemas con el consumo de estas sustancias. Discusión: Como se esperaba se muestra una alta prevalencia para alcohol, siendo en el tabaco mayor que la encontrada en otras poblaciones. Igualmente como en estudios previos, el cannabis sigue siendo la droga ilícita más consumida y con menor edad de inicio al consumo, seguida por las anfetaminas, dato que no coincide con otros estudios al ser en éstos la cocaína la segunda sustancia más consumida. Conclusiones: El alcohol y tabaco son las drogas lícitas más consumidas. Las drogas ilícitas con mayor prevalencia son el cannabis y anfetaminas, coincidiendo la edad de inicio al consumo de todas las drogas ilícitas (excepto cannabis) con la etapa universitaria. Existe una problemática asociada al consumo de drogas por parte de los estudiantes.</dc:description>
  <dc:format>pdf</dc:format>
  <dc:language>spa</dc:language>
  <dc:type>info:eu-repo/semantics/bachelorThesis</dc:type>
  <dc:rights>by-nc-sa</dc:rights>
  <dc:rights>http://creativecommons.org/licenses/by-nc-sa/3.0/</dc:rights>
</oai_dc:dc>