<?xml version="1.0" encoding="UTF-8"?><oai_dc:dc xmlns:oai_dc="http://www.openarchives.org/OAI/2.0/oai_dc/" xmlns:dc="http://purl.org/dc/elements/1.1/" xmlns:xsi="http://www.w3.org/2001/XMLSchema-instance" xsi:schemaLocation="http://www.openarchives.org/OAI/2.0/oai_dc/ http://www.openarchives.org/OAI/2.0/oai_dc.xsd">
  <dc:creator>García Garrido, Nuria</dc:creator>
  <dc:creator>Belloso Alcay, Ana Victoria</dc:creator>
  <dc:title>Plan de intervención para pacientes con trastorno límite de personalidad</dc:title>
  <dc:identifier>http://zaguan.unizar.es/record/10497</dc:identifier>
  <dc:subject>trastorno límite de la personalidad</dc:subject>
  <dc:subject>borderline</dc:subject>
  <dc:subject>programa de intervención</dc:subject>
  <dc:subject>enfermería</dc:subject>
  <dc:publisher>Universidad de Zaragoza</dc:publisher>
  <dc:date>2013</dc:date>
  <dc:description>El trastorno de personalidad constituye un problema sanitario de creciente impacto en los dispositivos de salud, social y justicia.  La Asociación Americana de Psiquiatría en su Guía de práctica clínica explica que el trastorno límite de la personalidad (TLP) es el trastorno de la personalidad más prevalente en el ámbito clínico. Afecta aproximadamente al 10% de los pacientes tratados de forma ambulatoria en centros de salud mental, el 15%–20% de los pacientes ingresados en unidades de psiquiatría y 30%–60% de la población clínica con un trastorno de la personalidad. Se estima que la prevalencia del TLP es de alrededor del 2% de la población general. El trastorno de personalidad límite o borderline se trata de un trastorno en el que aparece una marcada predisposición a actuar de un modo impulsivo, sin tener en cuenta las consecuencias, junto a un ánimo inestable y caprichoso. Debido en parte, a la falta de conocimiento de la dinámica subyacente, el trabajo con pacientes con TLP resulta a menudo difícil para el personal de enfermería. Dada la importancia de este trastorno he considerado oportuno realizar un programa de intervención de la Unidad de Trastornos de Personalidad del Hospital Nuestra Señora de Gracia de Zaragoza. En este programa se presentan las actividades diarias del equipo profesional y los pacientes, así como el trabajo desempeñado principalmente por el área de enfermería de la Unidad de Psiquiatría.</dc:description>
  <dc:format>pdf</dc:format>
  <dc:language>spa</dc:language>
  <dc:type>info:eu-repo/semantics/bachelorThesis</dc:type>
  <dc:rights>by-nc-sa</dc:rights>
  <dc:rights>http://creativecommons.org/licenses/by-nc-sa/3.0/</dc:rights>
</oai_dc:dc>