<?xml version="1.0" encoding="UTF-8"?><oai_dc:dc xmlns:oai_dc="http://www.openarchives.org/OAI/2.0/oai_dc/" xmlns:dc="http://purl.org/dc/elements/1.1/" xmlns:xsi="http://www.w3.org/2001/XMLSchema-instance" xsi:schemaLocation="http://www.openarchives.org/OAI/2.0/oai_dc/ http://www.openarchives.org/OAI/2.0/oai_dc.xsd">
  <dc:creator>Salinas Fraile, Marcos</dc:creator>
  <dc:creator>Fueyo Díaz, Norberto</dc:creator>
  <dc:creator>Montañés Bernal, Carlos</dc:creator>
  <dc:title>Análisis de variables meteorológicas con métodos de mesoescala</dc:title>
  <dc:identifier>http://zaguan.unizar.es/record/10289</dc:identifier>
  <dc:subject>análisis modelo mesoescala</dc:subject>
  <dc:subject>año meteorológico tipo</dc:subject>
  <dc:subject>weather research forecasting (wrf)</dc:subject>
  <dc:publisher>Universidad de Zaragoza</dc:publisher>
  <dc:date>2013</dc:date>
  <dc:description>El objetivo de generación eléctrica marcado por la Unión Europea para el año 2020 consiste en cubrir el 40% de la demanda de electricidad mediante energías de origen renovable. Este objetivo todavía queda lejos para la UE. En este contexto, este trabajo pretende contribuir al desarrollo de las energías renovables mediante la generación de medias de variables meteorológicas sobre el territorio español. Algunas aplicaciones de la elaboración de estas medias se encuentran en la localizaci ón de emplazamientos propicios para parques eólicos o el cálculo de parámetros que permiten estimar la demanda energética necesaria para calentar o enfriar edicios a la temperatura de confort en función de la localización geográca. El objetivo de este trabajo es, por una parte, obtener estadísticas representativas de variables meteorológicas de interés en el campo de la energía (velocidad del viento, temperatura) mediante un modelo numérico de mesoescala; por otra parte, la evaluación de la inuencia de los parámetros numéricos y físicos en la precisión de los resultados para la elaboración de años meteorológicos tipo. Para todo ello, se utiliza un modelo de predicción numérica que realiza el cálculo de las variables meteorológicas con una resolución temporal horaria, a lo largo de varios años, utilizando como condiciones de contorno los datos de reanálisis procedentes de medidas realizadas en estaciones meteorológicas a lo largo de todo el planeta. Finalmente, se procesan todos estos datos para la obtención de estadísticas.</dc:description>
  <dc:format>pdf</dc:format>
  <dc:language>spa</dc:language>
  <dc:type>info:eu-repo/semantics/masterThesis</dc:type>
  <dc:rights>by-nc-sa</dc:rights>
  <dc:rights>http://creativecommons.org/licenses/by-nc-sa/3.0/</dc:rights>
</oai_dc:dc>