<?xml version="1.0" encoding="UTF-8"?><oai_dc:dc xmlns:oai_dc="http://www.openarchives.org/OAI/2.0/oai_dc/" xmlns:dc="http://purl.org/dc/elements/1.1/" xmlns:xsi="http://www.w3.org/2001/XMLSchema-instance" xsi:schemaLocation="http://www.openarchives.org/OAI/2.0/oai_dc/ http://www.openarchives.org/OAI/2.0/oai_dc.xsd">
  <dc:creator>Santamaría García, María Soledad</dc:creator>
  <dc:creator>González Labrada, Manuel</dc:creator>
  <dc:title>Formación para mandos intermedios en prevención de riesgos laborales (energías renovables)</dc:title>
  <dc:identifier>http://zaguan.unizar.es/record/10334</dc:identifier>
  <dc:subject>Formacion en prevencion de riesgos laborales</dc:subject>
  <dc:publisher>Universidad de Zaragoza</dc:publisher>
  <dc:date>2013</dc:date>
  <dc:description>Se pretende con la metodología recabar un conjunto de normas  y determinaciones que organizan de forma global la acción formativa, conformado un ambiente cuyo objetivo será el de facilitar el desarrollo de las técnicas de enseñanza y aprendizaje.  La perspectiva fundamental es un enfoque enriquecedor de la información que hace posible que el trabajador le encuentre sentido y permita que la adquisición de estos conocimientos sea lo mas significativo posible</dc:description>
  <dc:format>pdf</dc:format>
  <dc:language>spa</dc:language>
  <dc:type>info:eu-repo/semantics/masterThesis</dc:type>
  <dc:rights>by-nc-sa</dc:rights>
  <dc:rights>http://creativecommons.org/licenses/by-nc-sa/3.0/</dc:rights>
</oai_dc:dc>