<?xml version="1.0" encoding="UTF-8"?><oai_dc:dc xmlns:oai_dc="http://www.openarchives.org/OAI/2.0/oai_dc/" xmlns:dc="http://purl.org/dc/elements/1.1/" xmlns:xsi="http://www.w3.org/2001/XMLSchema-instance" xsi:schemaLocation="http://www.openarchives.org/OAI/2.0/oai_dc/ http://www.openarchives.org/OAI/2.0/oai_dc.xsd">
  <dc:creator>Alcarria Marco, María</dc:creator>
  <dc:creator>Aso Tolosana, Lidia</dc:creator>
  <dc:creator>Borraz Jaria, Patricia</dc:creator>
  <dc:creator>Gimeno Monterde, Chabier</dc:creator>
  <dc:title>Desde la calle. Trabajando con las personas sin techo en Zaragoza</dc:title>
  <dc:identifier>http://zaguan.unizar.es/record/11020</dc:identifier>
  <dc:subject>exclusión social</dc:subject>
  <dc:subject>inserción social</dc:subject>
  <dc:subject>personas sin hogar</dc:subject>
  <dc:subject>trabajo de calle</dc:subject>
  <dc:publisher>Universidad de Zaragoza</dc:publisher>
  <dc:date>2013</dc:date>
  <dc:description>Ser una persona sin hogar no es una cualidad o condición, sino que se trata de una situación multidimensional a la que se llega por diversos factores. En este proyecto  se presenta una revisión  de los servicios y recursos dirigidos a las personas sin hogar en Zaragoza, con el fin de reorientar la intervención que se está realizando en la actualidad. Se ha partido del proyecto de atención integral a personas sin hogar que Cruz Roja Zaragoza lleva a cabo desde el año 2005, y se propone la ampliación, adaptación y mejora del mismo, fomentando el trabajo en calle con las personas sin techo.</dc:description>
  <dc:format>pdf</dc:format>
  <dc:language>spa</dc:language>
  <dc:type>info:eu-repo/semantics/bachelorThesis</dc:type>
  <dc:rights>by-nc-sa</dc:rights>
  <dc:rights>http://creativecommons.org/licenses/by-nc-sa/3.0/</dc:rights>
</oai_dc:dc>