<?xml version="1.0" encoding="UTF-8"?><oai_dc:dc xmlns:oai_dc="http://www.openarchives.org/OAI/2.0/oai_dc/" xmlns:dc="http://purl.org/dc/elements/1.1/" xmlns:xsi="http://www.w3.org/2001/XMLSchema-instance" xsi:schemaLocation="http://www.openarchives.org/OAI/2.0/oai_dc/ http://www.openarchives.org/OAI/2.0/oai_dc.xsd">
  <dc:creator>Gracia Mínguez, Carlos</dc:creator>
  <dc:creator>Oliete Tirao, María Griselda</dc:creator>
  <dc:creator>Zapata Lafuente, Laura</dc:creator>
  <dc:creator>Montalvo Ateaga, Esperanza</dc:creator>
  <dc:title>La familia en el proceso de adaptación de un TGD en menores de 10 años: aproximación desde el Trastorno Autista y el Síndrome de Asperger</dc:title>
  <dc:identifier>http://zaguan.unizar.es/record/11098</dc:identifier>
  <dc:subject>atención temprana</dc:subject>
  <dc:subject>familia</dc:subject>
  <dc:subject>menores</dc:subject>
  <dc:subject>proceso de adaptación</dc:subject>
  <dc:subject>síndrome de asperger</dc:subject>
  <dc:subject>trastorno generalizado del desarrollo (tgd)</dc:subject>
  <dc:subject>trastorno autista</dc:subject>
  <dc:publisher>Universidad de Zaragoza</dc:publisher>
  <dc:date>2013</dc:date>
  <dc:description>El objetivo principal del presente trabajo es conocer el proceso de normalización y adaptación del núcleo familiar durante el proceso de diagnóstico de un Trastorno Generalizado del Desarrollo, en concreto el Trastorno Autista y el Síndrome de Asperger. Concretamente se estudian familias cuyos hijos han sido diagnosticados antes de los 10 años, este intervalo de edad  incluye el periodo en que se ejecuta el Programa de Atención Temprana, diseñado para intervenir con niños con problemas de desarrollo de 0 a 6 años. El proceso de investigación se basa sustancialmente en la recopilación documental, la realización de entrevistas cualitativas a profesionales y familias afectadas y el análisis y valoración de los resultados obtenidos. La vía de acceso a las familias, para su posterior entrevista, ha sido posible gracias a la colaboración de la Asociación Autismo Aragón y  la Asociación Asperger y TGD de Aragón. Finalmente se exponen las conclusiones de la investigación y se plantean una serie de posibles líneas de investigación futuras.</dc:description>
  <dc:format>pdf</dc:format>
  <dc:language>spa</dc:language>
  <dc:type>info:eu-repo/semantics/bachelorThesis</dc:type>
  <dc:rights>by-nc-sa</dc:rights>
  <dc:rights>http://creativecommons.org/licenses/by-nc-sa/3.0/</dc:rights>
</oai_dc:dc>