<?xml version="1.0" encoding="UTF-8"?><oai_dc:dc xmlns:oai_dc="http://www.openarchives.org/OAI/2.0/oai_dc/" xmlns:dc="http://purl.org/dc/elements/1.1/" xmlns:xsi="http://www.w3.org/2001/XMLSchema-instance" xsi:schemaLocation="http://www.openarchives.org/OAI/2.0/oai_dc/ http://www.openarchives.org/OAI/2.0/oai_dc.xsd">
  <dc:creator>Serrano García, José Javier</dc:creator>
  <dc:creator>Fernández Navajas, Julián</dc:creator>
  <dc:title>Análisis de la interoperabilidad con entornos reales de arquitecturas de red emuladas con GNS3-Dynamips (para ámbitos profesionales y académicos)</dc:title>
  <dc:identifier>http://zaguan.unizar.es/record/10405</dc:identifier>
  <dc:publisher>Universidad de Zaragoza</dc:publisher>
  <dc:date>2013</dc:date>
  <dc:description>El objetivo del presente proyecto es abordar el estudio de las prestaciones, posibilidades y márgenes de trabajo que en la actualidad presentan ciertas herramientas destinadas a la emulación de sistemas telemáticos, para su posterior aplicación en entornos profesionales y/o académicos. En concreto, el proyecto se centra en el análisis del entorno software desimulación/emulación constituido por GNS3/Dynamips, con base y apoyo en hardware de red Cisco Systems y sus sistemas operativos, principalmente Cisco IOS, y en menor medida Cisco CatOS. Tras los necesarios capítulos introductorios 1 y 2 de la memoria, el corazón del proyecto y la carga principal de contenidos se desarrolla en los capítulos 3 y 4 (y anexos,elaborados ex profeso para este proyecto y fundamentales en el desarrollo de los análisis). En primer lugar, el desarrollo del proyecto comienza con el proceso necesario de adquisición de habilidades de trabajo en un entorno controlado de laboratorio. Este entorno está constituido por hardware de red Cisco Systems y sus S.O., en concreto el dispositivo de red Cisco Catalyst 5500 Swicth, plataforma hardware modular presente en los laboratorios de telemática del DIEC. Se profundiza, igualmente, en el estudio de los S.O. Cisco IOS y Cisco CatOS, necesarios para configurar los equipos conforme a las arquitecturas de red planteadas en el proyecto, LAN Ethernet/VTP y WAN ppp, tanto en entornos reales como emulados. Estos análisis culminan en la elaboración del anexo 1, anexo que sirve para la configuración actual de los equipos Cisco Catalyst 5500 Swicth del laboratorio de telemática del DIEC. Seguidamente, el proyecto se centra en el análisis del entorno emulador GNS3/Dynamips. Dicho entorno software permite, fundamentalmente, emular arquitecturas basadas en hardware de red Cisco Systems, utilizando el mismo S.O. que el hardware de red real. Así, se hace necesaria la integración de los S.O. en el entorno de emulación, según detalla el anexo 3. Con ello, mediante el análisis de escenarios que emulan arquitecturas de red como LAN Ethernet /VTP y WAN ppp en GNS3/Dynamips, imagen de entornos de red reales, se pretende constatar: su usabilidad, capacidad de diseño y adquisición de habilidades propias del entorno real (para su utilidad en entornos académicos o como herramienta de análisis previo a la actuación en un entorno real de trabajo), rigor y correspondencia funcional en la emulación. Ligado a lo anterior, se busca establecer los requerimientos técnicos, capacidad y rendimiento del hardware emulador bajo sistemas operativos de usuario comunes (Windows fundamentalmente, complementado con el análisis en Linux del anexo 4), la potencial escalabilidad de las arquitecturas emuladas sujeta al consumo de recursos del sistema emulador, la influencia sobre la latencia de red emulada y márgenes fiables de trabajo. Paralelamente, se acomete el objetivo fundamental y prioritario del proyecto que es el análisis de la potencial capacidad que tiene el entorno emulador de interoperar con tráfico y equipos de red reales, así como la influencia que puede tener dicha interoperación sobre un parámetro de red crítico y decisivo, como la latencia. El comportamiento de la latencia de red puede considerarse indicativo del comportamiento en tiempo real del entorno emulador. Finalmente, en el capítulo 5 se analizan los resultados obtenidos y se extraen conclusiones sobre los objetivos prioritarios y todo el trabajo desarrollado, planteando así mismo líneas futuras de trabajo y/o investigación relacionadas con este proyecto.</dc:description>
  <dc:format>pdf</dc:format>
  <dc:language>spa</dc:language>
  <dc:type>info:eu-repo/semantics/masterThesis</dc:type>
  <dc:rights>by-nc-sa</dc:rights>
  <dc:rights>http://creativecommons.org/licenses/by-nc-sa/3.0/</dc:rights>
</oai_dc:dc>