<?xml version="1.0" encoding="UTF-8"?><oai_dc:dc xmlns:oai_dc="http://www.openarchives.org/OAI/2.0/oai_dc/" xmlns:dc="http://purl.org/dc/elements/1.1/" xmlns:xsi="http://www.w3.org/2001/XMLSchema-instance" xsi:schemaLocation="http://www.openarchives.org/OAI/2.0/oai_dc/ http://www.openarchives.org/OAI/2.0/oai_dc.xsd">
  <dc:creator>Guajardo Garcia, Tania</dc:creator>
  <dc:creator>Guillén Torres, Jesús</dc:creator>
  <dc:title>Estudio de impacto ambiental de una planta de obtención de energía a partir de biomasa agrícola y tres parques eólicos en Sariñena (Huesca). Promotor: Comunidad de Regantes de LASESA</dc:title>
  <dc:identifier>http://zaguan.unizar.es/record/10837</dc:identifier>
  <dc:subject>biomasa</dc:subject>
  <dc:subject>energia</dc:subject>
  <dc:subject>eolico</dc:subject>
  <dc:subject>impacto ambiental</dc:subject>
  <dc:publisher>Universidad de Zaragoza</dc:publisher>
  <dc:date>2013</dc:date>
  <dc:description>La Comunidad de Regantes de LASESA situada en la zona sur del Somontano de Barbastro, en la provincia de Huesca, es el lugar donde se localiza el proyecto de la planta de gasificación de biomasa y de los tres parques eólicos. Esta comunidad de regantes, construyó un embalse para solventar una serie de problemas en el riego de sus más de 10800 hectáreas. Para la financiación de las obras del embalse, se planteó la utilización de energías renovables ya que, en ese año, las primas a la utilización de este tipo de energías todavía estaban vigentes. Por diversos motivos, las energías renovables escogidas para la financiación de las obras del embalse fueron la solar (proyecto ya construido), la eólica y la biomasa. Estas dos últimas, mediante tres parques eólicos conocidos como instalaciones singulares, cuyo objetivo es la investigación y el desarrollo de la energía eólica; y mediante una planta de gasificación de biomasa, son las desarrolladas en un proyecto que se está planteando retomar cuando las primas a la utilización de energías renovables se instauren de nuevo. 	 A petición de la Comunidad de Regantes se desarrolla un estudio de impacto ambiental, para conocer el impacto que la realización de este proyecto tiene para tenerlo en cuenta en su futura construcción. Según la Ley 7/2006, de protección ambiental de Aragón, y el Decreto 74/2011, por el que se modifican los anexos de la Ley nombrada, este proyecto requiere de una EIA, tal y como se recoge en el artículo 24, apartado 1, de la Ley 7/2006.</dc:description>
  <dc:format>pdf</dc:format>
  <dc:language>spa</dc:language>
  <dc:type>info:eu-repo/semantics/bachelorThesis</dc:type>
  <dc:rights>by-nc-sa</dc:rights>
  <dc:rights>http://creativecommons.org/licenses/by-nc-sa/3.0/</dc:rights>
</oai_dc:dc>