<?xml version="1.0" encoding="UTF-8"?><oai_dc:dc xmlns:oai_dc="http://www.openarchives.org/OAI/2.0/oai_dc/" xmlns:dc="http://purl.org/dc/elements/1.1/" xmlns:xsi="http://www.w3.org/2001/XMLSchema-instance" xsi:schemaLocation="http://www.openarchives.org/OAI/2.0/oai_dc/ http://www.openarchives.org/OAI/2.0/oai_dc.xsd">
  <dc:creator>Gimeno Mauri, Francisco</dc:creator>
  <dc:creator>Escolano Vizcarra, Rafael</dc:creator>
  <dc:title>La Integral Definida en 2º de Bachillerato</dc:title>
  <dc:identifier>http://zaguan.unizar.es/record/10982</dc:identifier>
  <dc:subject>integral definida</dc:subject>
  <dc:subject>integración,</dc:subject>
  <dc:subject>cálculo de áreas</dc:subject>
  <dc:publisher>Universidad de Zaragoza</dc:publisher>
  <dc:date>2013</dc:date>
  <dc:description>Trabajo Fin de Master sobre la docencia de la Integral Definida en 2º de Bachillerato. Propuesta de enseñanza en la que la integral definida aparece como cálculo de áreas y no como anti-derivada.</dc:description>
  <dc:format>pdf</dc:format>
  <dc:language>spa</dc:language>
  <dc:type>info:eu-repo/semantics/masterThesis</dc:type>
  <dc:rights>by-nc-sa</dc:rights>
  <dc:rights>http://creativecommons.org/licenses/by-nc-sa/3.0/</dc:rights>
</oai_dc:dc>