<?xml version="1.0" encoding="UTF-8"?><oai_dc:dc xmlns:oai_dc="http://www.openarchives.org/OAI/2.0/oai_dc/" xmlns:dc="http://purl.org/dc/elements/1.1/" xmlns:xsi="http://www.w3.org/2001/XMLSchema-instance" xsi:schemaLocation="http://www.openarchives.org/OAI/2.0/oai_dc/ http://www.openarchives.org/OAI/2.0/oai_dc.xsd">
  <dc:creator>Collados Pérez-Hiraldo, María del Pilar</dc:creator>
  <dc:creator>Monzón Fernández, Araceli</dc:creator>
  <dc:title>Prevención de la mutilación genital femenina en mujeres inmigrantes de Zaragoza</dc:title>
  <dc:identifier>http://zaguan.unizar.es/record/10754</dc:identifier>
  <dc:subject>mutilación genital femenina</dc:subject>
  <dc:subject>prevención</dc:subject>
  <dc:publisher>Universidad de Zaragoza</dc:publisher>
  <dc:date>2013</dc:date>
  <dc:description>El término Mutilación Genital Femenina refiere todos aquellos procedimientos consistentes en la resección de los genitales externos femeninos por motivos no médicos. Su tipología, causas, consecuencias y referencias legales, son mencionadas con el fin de contemplar, en su totalidad, la mutilación genital femenina como un problema de salud a escala mundial a erradicar. Los resultados tanto de la experiencia personal como de las encuestas realizadas muestran un déficit de conocimientos considerable de la MGF en todos sus aspectos. Mediante el estudio piloto pre-post, se evalúa el incremento de conocimientos, junto con el cambio de opinión y actitud, de las asistentes a un plan de prevención de la MGF; obteniéndose resultados muy positivos que suscitan la necesidad de promover más este tipo de actividades.</dc:description>
  <dc:format>pdf</dc:format>
  <dc:language>spa</dc:language>
  <dc:type>info:eu-repo/semantics/bachelorThesis</dc:type>
  <dc:rights>by-nc-sa</dc:rights>
  <dc:rights>http://creativecommons.org/licenses/by-nc-sa/3.0/</dc:rights>
</oai_dc:dc>