<?xml version="1.0" encoding="UTF-8"?><oai_dc:dc xmlns:oai_dc="http://www.openarchives.org/OAI/2.0/oai_dc/" xmlns:dc="http://purl.org/dc/elements/1.1/" xmlns:xsi="http://www.w3.org/2001/XMLSchema-instance" xsi:schemaLocation="http://www.openarchives.org/OAI/2.0/oai_dc/ http://www.openarchives.org/OAI/2.0/oai_dc.xsd">
  <dc:creator>Valtueña Peydró, Ana</dc:creator>
  <dc:creator>Gobantes Bilbao, Maite</dc:creator>
  <dc:title>Aproximación al movimiento okupa y su tratamiento en la prensa local: el caso de Zaragoza</dc:title>
  <dc:identifier>http://zaguan.unizar.es/record/10027</dc:identifier>
  <dc:subject>Periodismo</dc:subject>
  <dc:subject>Movimientos sociales</dc:subject>
  <dc:subject>Okupación</dc:subject>
  <dc:subject>Zaragoza</dc:subject>
  <dc:publisher>Universidad de Zaragoza</dc:publisher>
  <dc:date>2013</dc:date>
  <dc:description>El movimiento okupa surge en las ciudades españolas a partir de la década de 1980, justo cuando acontece la primera crisis importante del movimiento vecinal y ciudadano que protagonizó gran parte del período de la Transición. Los activistas eran fundamentalmente jóvenes y comenzaron a poner en práctica estilos de vida e ideas que ya se habían propagado durante las décadas anteriores por otros países europeos y que, de forma algo difusa, intentaron imitar. A pesar de ello, se trata de un tema muy actual debido a la situación de la que estamos siendo testigo: paro, difícil acceso a la vivienda, especulación, descontento general con la clase política, etc. El trabajo se aproxima desde el punto de vista periodístico a uno de los movimientos sociales más radicales y diferenciados, si bien menos estudiado. El desarrollo del análisis lleva a concluir de que los medios de comunicación de masas son determinantes a la hora de crear discursos favorables o desfavorables al movimiento okupa e influir en su duración en el tiempo y en el número de apoyos que puedan recibir.</dc:description>
  <dc:format>pdf</dc:format>
  <dc:language>spa</dc:language>
  <dc:type>info:eu-repo/semantics/bachelorThesis</dc:type>
  <dc:rights>by-nc-sa</dc:rights>
  <dc:rights>http://creativecommons.org/licenses/by-nc-sa/3.0/</dc:rights>
</oai_dc:dc>