<?xml version="1.0" encoding="UTF-8"?><oai_dc:dc xmlns:oai_dc="http://www.openarchives.org/OAI/2.0/oai_dc/" xmlns:dc="http://purl.org/dc/elements/1.1/" xmlns:xsi="http://www.w3.org/2001/XMLSchema-instance" xsi:schemaLocation="http://www.openarchives.org/OAI/2.0/oai_dc/ http://www.openarchives.org/OAI/2.0/oai_dc.xsd">
  <dc:creator>Ferrer Carles, Aída Pilar</dc:creator>
  <dc:creator>Nuño Morer, Felipe</dc:creator>
  <dc:title>Yodoprofilaxis y/o aumento de la ingesta de alimentos ricos en yodo en la mujer embarazada. Revisión bibliográfica</dc:title>
  <dc:identifier>http://zaguan.unizar.es/record/10467</dc:identifier>
  <dc:subject>yodoprofilaxis</dc:subject>
  <dc:subject>embarazo</dc:subject>
  <dc:subject>lactancia materna</dc:subject>
  <dc:subject>deficiencia de yodo</dc:subject>
  <dc:subject>cretinismo</dc:subject>
  <dc:publisher>Universidad de Zaragoza</dc:publisher>
  <dc:date>2013</dc:date>
  <dc:description>El yodo es un mineral necesario en la dieta ya que el organismo no es capaz de producirlo. Éste es necesario para la producción de hormona tiroidea. Una deficiencia de yodo puede producir bocio, hipotiroidismo y un desarrollo anormal en el feto si la deficiencia se produce cuando la mujer está embarazada o durante el periodo de lactancia materna. Las  recomendaciones actuales de ingesta en la dieta de la mujer son de 220 µg/día. La deficiencia de yodo es una de las causas nutricionales más frecuentes en el retraso mental prevenible; por ello, los profesionales sanitarios recomiendan el uso de sal yodada y otros alimentos ricos en yodo a toda la población, pero especialmente a las mujeres gestantes.  Objetivos: Evaluar la necesidad de yodoprofilaxis en mujeres gestantes para evitar los daños que puede provocar la falta de este mineral en el feto. Metodología: Se realiza una amplia revisión bibliográfica a través de la información recogida en libros y revistas de la Escuela de Enfermería, además de utilizar las siguientes bases de datos: Pubmet, Medline, Cuiden.  Desarrollo: Algunos expertos afirman que serían necesarios los suplementos de yodo en mujeres embarazadas y lactantes e, incluso, unos meses antes del embarazo, si están pensando en ello, para asegurar los 200 µg/día recomendados. Por otro lado, otros autores describen que no existen estudios concluyentes para recomendar la yodoprofilaxis, si no que simplemente es necesario recomendar a las mujeres embarazadas el aumento de la ingesta de alimentos ricos en yodo.</dc:description>
  <dc:format>pdf</dc:format>
  <dc:language>spa</dc:language>
  <dc:type>info:eu-repo/semantics/bachelorThesis</dc:type>
  <dc:rights>by-nc-sa</dc:rights>
  <dc:rights>http://creativecommons.org/licenses/by-nc-sa/3.0/</dc:rights>
</oai_dc:dc>