<?xml version="1.0" encoding="UTF-8"?><oai_dc:dc xmlns:oai_dc="http://www.openarchives.org/OAI/2.0/oai_dc/" xmlns:dc="http://purl.org/dc/elements/1.1/" xmlns:xsi="http://www.w3.org/2001/XMLSchema-instance" xsi:schemaLocation="http://www.openarchives.org/OAI/2.0/oai_dc/ http://www.openarchives.org/OAI/2.0/oai_dc.xsd">
  <dc:creator>Pelayo Abascal, Laura</dc:creator>
  <dc:creator>Tomás Gimeno, María</dc:creator>
  <dc:creator>Mora Alfonso, Mario</dc:creator>
  <dc:title>Influencia de la concentración de nanopartículas de sílice en la estabilidad y desestabilidad de suspensiones de sílice micrométrica</dc:title>
  <dc:identifier>http://zaguan.unizar.es/record/10237</dc:identifier>
  <dc:publisher>Universidad de Zaragoza</dc:publisher>
  <dc:date>2013</dc:date>
  <dc:description>En este proyecto se ha estudiado la influencia del contenido de nanopartículas de sílice en la estabilización y desestabilización de suspensiones de sílice micrométrica.</dc:description>
  <dc:format>pdf</dc:format>
  <dc:language>spa</dc:language>
  <dc:type>info:eu-repo/semantics/masterThesis</dc:type>
  <dc:rights>by-nc-sa</dc:rights>
  <dc:rights>http://creativecommons.org/licenses/by-nc-sa/3.0/</dc:rights>
</oai_dc:dc>