<?xml version="1.0" encoding="UTF-8"?><oai_dc:dc xmlns:oai_dc="http://www.openarchives.org/OAI/2.0/oai_dc/" xmlns:dc="http://purl.org/dc/elements/1.1/" xmlns:xsi="http://www.w3.org/2001/XMLSchema-instance" xsi:schemaLocation="http://www.openarchives.org/OAI/2.0/oai_dc/ http://www.openarchives.org/OAI/2.0/oai_dc.xsd">
  <dc:creator>Fernández Martínez-Losa, Laura</dc:creator>
  <dc:creator>Pasamar Tudela, Yolanda</dc:creator>
  <dc:creator>Santos Juarez María Jesús</dc:creator>
  <dc:creator>Marí Klose, Pau</dc:creator>
  <dc:title>Familias que acogen. Un análisis de las relaciones familiares en hogares que participan en un programa de acogimiento familiar no preadoptivo</dc:title>
  <dc:identifier>http://zaguan.unizar.es/record/11105</dc:identifier>
  <dc:subject>acogimiento familiar</dc:subject>
  <dc:subject>familia</dc:subject>
  <dc:subject>grupo de convivencia</dc:subject>
  <dc:subject>sistema familiar</dc:subject>
  <dc:publisher>Universidad de Zaragoza</dc:publisher>
  <dc:date>2013</dc:date>
  <dc:description>La institución familiar está cambiando a una velocidad inusitada. En últimos años están proliferando nuevas formas familiares atípicas. Las familias monoparentales, las familias reconstituidas, las familias homoparentales, las familias que adoptan, son algunas de las expresiones más conocidas y estudiadas de ese cambio. El objetivo del estudio es acercarnos a una modalidad familiar que ha merecido menor atención, las familias "que acogen" familias en el marco de un programa de acogimiento familiar no pre­adoptivo. Muchas de estas familias establecen relaciones duraderas e intensas con los menores  que tienen (o han tenido) acogidos de manera transitoria o permanente. Nuestro objetivo en este trabajo es analizar las características de las relaciones intergeneracionales dentro de estos grupos de convivencia, contrastándolas con la evidencia que existe sobre estas relaciones en otro tipo de familias. En particular, estamos interesados el ejercicio de la "maternidad" y la “paternidad” (sucedánea) en este tipo de familias, y como se expresa en los usos del tiempo compartido, la gestión de afectos y reproches, el  seguimiento de las actividades del menor, y en definitiva la construcción de significados atribuidos a esas relaciones.</dc:description>
  <dc:format>pdf</dc:format>
  <dc:language>spa</dc:language>
  <dc:type>info:eu-repo/semantics/masterThesis</dc:type>
  <dc:rights>by-nc-sa</dc:rights>
  <dc:rights>http://creativecommons.org/licenses/by-nc-sa/3.0/</dc:rights>
</oai_dc:dc>