<?xml version="1.0" encoding="UTF-8"?><oai_dc:dc xmlns:oai_dc="http://www.openarchives.org/OAI/2.0/oai_dc/" xmlns:dc="http://purl.org/dc/elements/1.1/" xmlns:xsi="http://www.w3.org/2001/XMLSchema-instance" xsi:schemaLocation="http://www.openarchives.org/OAI/2.0/oai_dc/ http://www.openarchives.org/OAI/2.0/oai_dc.xsd">
  <dc:creator>Narro Lázaro, Miriam</dc:creator>
  <dc:creator>Valdearcos Enguidanos, Santiago</dc:creator>
  <dc:title>Manejo de los broncodilatadores en pacientes diagnosticados de EPOC en un centro de salud urbano</dc:title>
  <dc:identifier>http://zaguan.unizar.es/record/10543</dc:identifier>
  <dc:subject>EPOC</dc:subject>
  <dc:subject>técnica inhalatoria</dc:subject>
  <dc:subject>inhaladores</dc:subject>
  <dc:publisher>Universidad de Zaragoza</dc:publisher>
  <dc:date>2013</dc:date>
  <dc:description>Objetivos: Evaluar si los pacientes con EPOC tienen el suficiente conocimiento acerca de la técnica de inhalación que realizan y si llevan a cabo todos los pasos correctamente. Describir los métodos de inhalación utilizados por un paciente con EPOC. Material y métodos: Se trata de un estudio descriptivo transversal realizado en el Centro de Salud Centro (Teruel) a todos los pacientes con enfermedad pulmonar obstructiva crónica (EPOC) registrados en OMI en el año 2012. Se estudió a 27 pacientes con EPOC en tratamiento con aerosoles presurizados. Se realizó un test práctico donde se evaluaba paso a paso la técnica inhalatoria para cada uno de los diferentes sistemas de inhalación siguiendo las normativas SEPAR (Sociedad Española de Neumología y Cirugía Torácica). Para la evaluación se contabilizó el número de respuestas incorrectas. Resultados: El 85% de los pacientes estudiados eran hombres con una media de edad de 71,78 años (DE=9,577). El 18,5% usaban tres inhaladores distintos. Las maniobras con mayor porcentaje de error fueron la de efectuar una espiración previa a la inhalación (70,2%) y el mantenimiento de la apnea postinspiración y espiración lenta tras la inhalación (61,7%). La técnica inhalatoria fue incorrecta en el 85,7% de los pacientes que usaban inhaladores de aerosol, el 72,2% de aquellos que utilizaban inhaladores en polvo y del 100% de aquellos que utilizaban inhaladores en cápsulas. De todos estos, el 22,2% de los pacientes no habían recibido instrucción previa alguna. Conclusiones: En vista de los resultados obtenidos, se concluye que existe un elevado número de pacientes que realizan incorrectamente la técnica inhalatoria y se considera imprescindible la puesta en marcha de programas de educación para la salud sobre el uso correcto de los inhaladores, en los que se incida principalmente en los errores que cometen los pacientes durante la evaluación.</dc:description>
  <dc:format>pdf</dc:format>
  <dc:language>spa</dc:language>
  <dc:type>info:eu-repo/semantics/bachelorThesis</dc:type>
  <dc:rights>by-nc-sa</dc:rights>
  <dc:rights>http://creativecommons.org/licenses/by-nc-sa/3.0/</dc:rights>
</oai_dc:dc>