<?xml version="1.0" encoding="UTF-8"?><oai_dc:dc xmlns:oai_dc="http://www.openarchives.org/OAI/2.0/oai_dc/" xmlns:dc="http://purl.org/dc/elements/1.1/" xmlns:xsi="http://www.w3.org/2001/XMLSchema-instance" xsi:schemaLocation="http://www.openarchives.org/OAI/2.0/oai_dc/ http://www.openarchives.org/OAI/2.0/oai_dc.xsd">
  <dc:creator>Bravo Iborte, Karen</dc:creator>
  <dc:creator>Germán Bes, Concha</dc:creator>
  <dc:title>¿Conocen nuestros adolescentes los beneficios que ofrece la lactancia materna?</dc:title>
  <dc:identifier>http://zaguan.unizar.es/record/10762</dc:identifier>
  <dc:subject>lactancia materna exclusiva</dc:subject>
  <dc:subject>beneficios lactancia materna</dc:subject>
  <dc:subject>programa educativo</dc:subject>
  <dc:publisher>Universidad de Zaragoza</dc:publisher>
  <dc:date>2013</dc:date>
  <dc:description>En los últimos años se han destacado los beneficios inigualables para la madre y el niño que representa la alimentación al pecho: aspectos biológicos, psicoafectivos, económicos y sociales, que se ven aumentados exponencialmente cuando se realiza de forma exclusiva hasta los seis meses de vida del lactante y después de forma complementaria hasta los dos años de edad. Como profesionales de la salud es nuestro deber ético y moral dar a conocer toda esta información con el objetivo de aportar información básica sobre la importancia y los beneficios que ofrece la lactancia materna, en nuestro caso a los alumnos de institutos a través de un programa educativo. Para ello se ha desarrollado un temario explicativo sobre las ventajas de la lactancia materna mediante una búsqueda bibliográfica intensiva, de modo que nuestros adolescentes, quienes están en un período de continuos cambios y aprendiendo a hacer ellos mismos, obtengan la información adecuada con la que poder tomar en un futuro la decisión correcta.</dc:description>
  <dc:format>pdf</dc:format>
  <dc:language>spa</dc:language>
  <dc:type>info:eu-repo/semantics/bachelorThesis</dc:type>
  <dc:rights>by-nc-sa</dc:rights>
  <dc:rights>http://creativecommons.org/licenses/by-nc-sa/3.0/</dc:rights>
</oai_dc:dc>