<?xml version="1.0" encoding="UTF-8"?><oai_dc:dc xmlns:oai_dc="http://www.openarchives.org/OAI/2.0/oai_dc/" xmlns:dc="http://purl.org/dc/elements/1.1/" xmlns:xsi="http://www.w3.org/2001/XMLSchema-instance" xsi:schemaLocation="http://www.openarchives.org/OAI/2.0/oai_dc/ http://www.openarchives.org/OAI/2.0/oai_dc.xsd">
  <dc:creator>Coronado Escudero, Ana</dc:creator>
  <dc:creator>Vallejo Dacosta, Ruth</dc:creator>
  <dc:title>Organización de la actividad preventiva y requisitos para la acreditación de los servicios de prevención: un estudio comparado entre países de la Unión Europea (España, Portugal, Reino Unido y Rumanía).</dc:title>
  <dc:identifier>http://zaguan.unizar.es/record/10085</dc:identifier>
  <dc:publisher>Universidad de Zaragoza</dc:publisher>
  <dc:date>2013</dc:date>
  <dc:description>El objetivo de este trabajo es analizar la organización de la actividad preventiva y los requisitos de acreditación de los servicios de prevención; haciendo un estudio comparativo entre el sistema Español y los de Portugal, Reino Unido y Rumania. La organización de la prevención en los citados países presenta sus diferencias y similitudes. El análisis comparativo que se ha llevado a cabo, constituye, sin lugar a dudas, una herramienta importante para comparar estilos de organización y trabajo, de saber que es mejor y descartar lo que creamos que no.</dc:description>
  <dc:format>pdf</dc:format>
  <dc:language>spa</dc:language>
  <dc:type>info:eu-repo/semantics/masterThesis</dc:type>
  <dc:rights>by-nc-sa</dc:rights>
  <dc:rights>http://creativecommons.org/licenses/by-nc-sa/3.0/</dc:rights>
</oai_dc:dc>