<?xml version="1.0" encoding="UTF-8"?><oai_dc:dc xmlns:oai_dc="http://www.openarchives.org/OAI/2.0/oai_dc/" xmlns:dc="http://purl.org/dc/elements/1.1/" xmlns:xsi="http://www.w3.org/2001/XMLSchema-instance" xsi:schemaLocation="http://www.openarchives.org/OAI/2.0/oai_dc/ http://www.openarchives.org/OAI/2.0/oai_dc.xsd">
  <dc:creator>Población González, Ane</dc:creator>
  <dc:creator>Martínez Quiñones, Félix</dc:creator>
  <dc:title>Inestabilidad patelofemoral: Intervención fisioterápica tras ligamentoplastia del LPFM</dc:title>
  <dc:identifier>http://zaguan.unizar.es/record/10865</dc:identifier>
  <dc:subject>inestabilidad patelofemoral</dc:subject>
  <dc:subject>ligamento patelofemoral medial</dc:subject>
  <dc:subject>ligamentoplastia LPFM</dc:subject>
  <dc:publisher>Universidad de Zaragoza</dc:publisher>
  <dc:date>2013</dc:date>
  <dc:description>Introducción: La IPF es una condición en la que se presentan episodios de luxación o subluxación recurrente de la patela. Es un problema relativamente común de origen multifactorial que requiere de un examen clínico minucioso y de diagnóstico por imagen para su detección. En el 96% de los casos de luxación aguda de rótula hay presencia de lesión del LPFM y su reconstrucción está indicada en pacientes con o sin predisposición anatómica que presentan IPF.  Objetivo: Presentar el caso clínico real de un paciente intervenido mediante una ligamentoplastia del LPFM y conseguir su reincorporación a las AVD y a la actividad deportiva. Metodología: Estudio experimental intrasujeto con una muestra de un solo sujeto. Se realiza una valoración inicial de las variables dependientes y se aplica un plan de intervención (variable independiente) dividido en dos fases: la primera dirigida a la disminución de la inflamación, ganancia de la amplitud articular y fortalecimiento del cuádriceps; y la segunda dirigida a la mejora del control propioceptivo y de la estabilidad articular y a la potenciación de la musculatura. Se realiza una valoración final para observar el efecto de la intervención sobre las variables dependientes. Desarrollo: Los resultados obtenidos son favorables para todas las variables dependientes medidas en la valoración inicial lo que permite al paciente reincorporarse a las AVD y retomar de manera progresiva la actividad deportiva. Conclusiones: El tratamiento aplicado resulta efectivo, pero se precisa una mayor investigación sobre el tratamiento post-quirúrgico de la ligamentoplastia del LPFM.</dc:description>
  <dc:format>pdf</dc:format>
  <dc:language>spa</dc:language>
  <dc:type>info:eu-repo/semantics/bachelorThesis</dc:type>
  <dc:rights>by-nc-sa</dc:rights>
  <dc:rights>http://creativecommons.org/licenses/by-nc-sa/3.0/</dc:rights>
</oai_dc:dc>