<?xml version="1.0" encoding="UTF-8"?><oai_dc:dc xmlns:oai_dc="http://www.openarchives.org/OAI/2.0/oai_dc/" xmlns:dc="http://purl.org/dc/elements/1.1/" xmlns:xsi="http://www.w3.org/2001/XMLSchema-instance" xsi:schemaLocation="http://www.openarchives.org/OAI/2.0/oai_dc/ http://www.openarchives.org/OAI/2.0/oai_dc.xsd">
  <dc:creator>Andrés Nilsson, Erika Berta</dc:creator>
  <dc:creator>Guallar Abós, Concepción</dc:creator>
  <dc:creator>Vilas Buendía, Luis Manuel</dc:creator>
  <dc:title>Fondo de Alimentos de Utebo. Una experiencia de Trabajo Social Comunitario</dc:title>
  <dc:identifier>http://zaguan.unizar.es/record/11056</dc:identifier>
  <dc:subject>exclusion social</dc:subject>
  <dc:subject>fondo de alimentos</dc:subject>
  <dc:subject>trabajo social comunitario</dc:subject>
  <dc:publisher>Universidad de Zaragoza</dc:publisher>
  <dc:date>2013</dc:date>
  <dc:description>El aumento de la situación de necesidad dentro de la población de Utebo, que ha supuesto un incremento del número de familias atendidas en el Servicio Social de Base. En concreto existe un aumento de las demandas explicitas de alimentos. Esto hace necesario la implantación de un servicio que es la base de este proyecto. Establecer un fondo de alimentos como entidad social que aglutina a la comunidad en acción de un municipio concreto (Utebo, Zaragoza, España), encargado de la recogida y distribución de productos de alimentación, higiene personal y doméstica, proporcionando en la medida de las posiblidades, una dieta equilibrada entre las personas beneficiarias, en colaboración con los servicios sociales del Ayuntamiento.</dc:description>
  <dc:format>pdf</dc:format>
  <dc:language>spa</dc:language>
  <dc:type>info:eu-repo/semantics/bachelorThesis</dc:type>
  <dc:rights>by-nc-sa</dc:rights>
  <dc:rights>http://creativecommons.org/licenses/by-nc-sa/3.0/</dc:rights>
</oai_dc:dc>