<?xml version="1.0" encoding="UTF-8"?><oai_dc:dc xmlns:oai_dc="http://www.openarchives.org/OAI/2.0/oai_dc/" xmlns:dc="http://purl.org/dc/elements/1.1/" xmlns:xsi="http://www.w3.org/2001/XMLSchema-instance" xsi:schemaLocation="http://www.openarchives.org/OAI/2.0/oai_dc/ http://www.openarchives.org/OAI/2.0/oai_dc.xsd">
  <dc:creator>Sebastián Lascorz, Cristina</dc:creator>
  <dc:creator>Fernández Rodrigo, María Teresa</dc:creator>
  <dc:title>Revisión bibliográfica: Adherencia a la terapia inmunomoduladora en la esclerosis múltiple</dc:title>
  <dc:identifier>http://zaguan.unizar.es/record/10766</dc:identifier>
  <dc:subject>esclerosis múltiple</dc:subject>
  <dc:subject>adherencia</dc:subject>
  <dc:subject>terapia inmunomoduladora</dc:subject>
  <dc:publisher>Universidad de Zaragoza</dc:publisher>
  <dc:date>2013</dc:date>
  <dc:description>La esclerosis múltiple (EM) es una enfermedad que se caracteriza por la aparición de lesiones desmielinizantes crónicas en el sistema nervioso central. Afecta principalmente a adultos jóvenes de entre 20 y 40 años. Puede presentar una serie de síntomas que evolucionan a brotes o progresan en el tiempo. A día de hoy no se conoce cura, aunque bajo tratamiento puede frenar el desarrollo de la enfermedad y combatir la sintomatología.  El objetivo de este trabajo es analizar los estudios realizados en relación a la adherencia a terapia inmunomoduladora, evaluar la adherencia a la misma y conocer los factores que la afectan. De esta forma se podrá incidir en ellos directamente con el fin de optimizar los beneficios del tratamiento tanto para el paciente como para el sistema sanitario.</dc:description>
  <dc:format>pdf</dc:format>
  <dc:language>spa</dc:language>
  <dc:type>info:eu-repo/semantics/bachelorThesis</dc:type>
  <dc:rights>by-nc-sa</dc:rights>
  <dc:rights>http://creativecommons.org/licenses/by-nc-sa/3.0/</dc:rights>
</oai_dc:dc>