<?xml version="1.0" encoding="UTF-8"?><oai_dc:dc xmlns:oai_dc="http://www.openarchives.org/OAI/2.0/oai_dc/" xmlns:dc="http://purl.org/dc/elements/1.1/" xmlns:xsi="http://www.w3.org/2001/XMLSchema-instance" xsi:schemaLocation="http://www.openarchives.org/OAI/2.0/oai_dc/ http://www.openarchives.org/OAI/2.0/oai_dc.xsd">
  <dc:creator>Solán Colazet, Sandra</dc:creator>
  <dc:creator>Alloza Lahoz, Rafael</dc:creator>
  <dc:title>Alimentador de corriente constante para módulos de LED</dc:title>
  <dc:identifier>http://zaguan.unizar.es/record/10350</dc:identifier>
  <dc:subject>led</dc:subject>
  <dc:publisher>Universidad de Zaragoza</dc:publisher>
  <dc:date>2013</dc:date>
  <dc:description>Diseño de un alimentador de corriente constante para módulos LED.  El alimentador está diseñado en tecnología multipotencia hasta 25W, alto factor de potencia y limitador de picos de corriente a la salida. En el proyecto se describe todo el proceso de diseño en una empresa. Desde las especificaciones de partida, pasando por cálculos y diseños de PCB, hasta la puesta en marcha y la certificación del producto.</dc:description>
  <dc:format>pdf</dc:format>
  <dc:language>spa</dc:language>
  <dc:type>info:eu-repo/semantics/masterThesis</dc:type>
  <dc:rights>by-nc-sa</dc:rights>
  <dc:rights>http://creativecommons.org/licenses/by-nc-sa/3.0/</dc:rights>
</oai_dc:dc>