<?xml version="1.0" encoding="UTF-8"?><oai_dc:dc xmlns:oai_dc="http://www.openarchives.org/OAI/2.0/oai_dc/" xmlns:dc="http://purl.org/dc/elements/1.1/" xmlns:xsi="http://www.w3.org/2001/XMLSchema-instance" xsi:schemaLocation="http://www.openarchives.org/OAI/2.0/oai_dc/ http://www.openarchives.org/OAI/2.0/oai_dc.xsd">
  <dc:creator>Pedro Sangrós, Edurne de</dc:creator>
  <dc:creator>Lidón López, Iván</dc:creator>
  <dc:title>Influencia del diseño de etiquetas de aceite de oliva en las expectativas del consumidor español y la predisposición a la compra</dc:title>
  <dc:identifier>http://zaguan.unizar.es/record/10130</dc:identifier>
  <dc:subject>packaging</dc:subject>
  <dc:subject>diseño</dc:subject>
  <dc:subject>percepción de producto</dc:subject>
  <dc:publisher>Universidad de Zaragoza</dc:publisher>
  <dc:date>2013</dc:date>
  <dc:description>El trabajo fin de grado que se presenta, se enmarca dentro de una investigación sobre la percepción de imagen de productos alimenticios. Tras haber realizado estudios sobre distintos tipos de producto, se propone al estudiante del proyecto comenzar una nueva investigación dedicada al aceite, poniendo especial atención en sus cualidades saludables y ecológicas. Con este proyecto se pretende identificar qué variables de la imagen del producto influyen en el mensaje que percibe el consumidor español y en qué medida unas prevalecen sobre otras. Para ello, tendrán que analizarse envases, materiales, packagings, etiquetas, logotipos, etc. Y siempre atendiendo al tema de la salud y el cuidado del medioambiente.</dc:description>
  <dc:format>pdf</dc:format>
  <dc:language>spa</dc:language>
  <dc:type>info:eu-repo/semantics/bachelorThesis</dc:type>
  <dc:rights>by-nc-sa</dc:rights>
  <dc:rights>http://creativecommons.org/licenses/by-nc-sa/3.0/</dc:rights>
</oai_dc:dc>