<?xml version="1.0" encoding="UTF-8"?><oai_dc:dc xmlns:oai_dc="http://www.openarchives.org/OAI/2.0/oai_dc/" xmlns:dc="http://purl.org/dc/elements/1.1/" xmlns:xsi="http://www.w3.org/2001/XMLSchema-instance" xsi:schemaLocation="http://www.openarchives.org/OAI/2.0/oai_dc/ http://www.openarchives.org/OAI/2.0/oai_dc.xsd">
  <dc:creator>Pinilla Varona, Laura</dc:creator>
  <dc:creator>Samaniego Díaz de Corcuera, María Esther</dc:creator>
  <dc:title>Intervención de enfermería en rehabilitación psicosocial mediante un programa psicoeducativo para personas con TMG (trastorno mental grave)</dc:title>
  <dc:identifier>http://zaguan.unizar.es/record/10749</dc:identifier>
  <dc:subject>trastorno mental grave</dc:subject>
  <dc:subject>rehabilitación psicosocial</dc:subject>
  <dc:subject>psicoeducación</dc:subject>
  <dc:publisher>Universidad de Zaragoza</dc:publisher>
  <dc:date>2013</dc:date>
  <dc:description>Introducción: El trastorno mental grave es un trastorno de elevada prevalencia en la población, el concepto de TMG incluye 3 dimensiones, diagnóstico, duración y presencia de discapacidad. La rehabilitación psicosocial junto con el tratamiento farmacológico es una de las principales intervenciones en pacientes con TMG. En estas intervenciones rehabilitadoras se pretende mejorar el funcionamiento de los pacientes, sus capacidades personales y sociales, mejorar su autonomía y la mejora de la calidad de vida. Para conseguir estas mejoras se procederá al desarrollo de un programa psicoeducativo en el que se desarrollarán un módulo de entrenamiento de habilidades sociales, otro de habilidades de vida diaria y uno de adherencia. Metodología: Estudio observacional descriptivo que se desarrolla durante el periodo de un año. En el primer cuatrimestre del año se incluirán pacientes de centros de atención especializada de Aragón a los que se facilitará escalas para su inclusión hasta un máximo de 20 pacientes. Posteriormente se comenzará el desarrollo de los módulos que durará un año a partir de ese momento. Desarrollo: Una vez incluidos los pacientes en nuestro estudio se realizará una valoración de enfermería a través de los patrones funcionales de Gordon y se establecerán unos diagnósticos utilizando los criterios NANDA,NIC Y NOC para abordarlos en el desarrollo de los 3 módulos, posteriormente se desarrollarán las distintas sesiones de los módulos. En la discusión llevada a cabo tras la búsqueda bibliográfica no hay unanimidad, en cuanto a opiniones, acerca de los beneficios del desarrollo de los 3 módulos pero existen diversos estudios y recomendaciones que defienden el desarrollo y aceptación de estos módulos para las personas con TMG. Conclusión: Existen recomendaciones acerca del desarrollo e implantación de módulo de entrenamiento de habilidades de la vida diaria por lo que hay que seguir desarrollando e investigando acerca de este tipo de intervenciones. En el módulo de entrenamiento de habilidades sociales se concluye que existen recomendaciones que proponen la importancia de su accesibilidad para personas con TMG por lo que es necesario su desarrollo.  En cuanto al módulo de adherencia, existen recomendaciones acerca de la inclusión de estrategias de manejo de la enfermedad y de la toma de medicación junto con la psicoeducación que si son efectivas, ya que la adherencia al tratamiento mejora la estabilidad de síntomas y evita recaídas por lo que es importante su desarrollo en personas con TMG.</dc:description>
  <dc:format>pdf</dc:format>
  <dc:language>spa</dc:language>
  <dc:type>info:eu-repo/semantics/bachelorThesis</dc:type>
  <dc:rights>by-nc-sa</dc:rights>
  <dc:rights>http://creativecommons.org/licenses/by-nc-sa/3.0/</dc:rights>
</oai_dc:dc>