<?xml version="1.0" encoding="UTF-8"?><oai_dc:dc xmlns:oai_dc="http://www.openarchives.org/OAI/2.0/oai_dc/" xmlns:dc="http://purl.org/dc/elements/1.1/" xmlns:xsi="http://www.w3.org/2001/XMLSchema-instance" xsi:schemaLocation="http://www.openarchives.org/OAI/2.0/oai_dc/ http://www.openarchives.org/OAI/2.0/oai_dc.xsd">
  <dc:creator>Torres Gómez, Azahara</dc:creator>
  <dc:creator>Gabelas Barroso, José Antonio</dc:creator>
  <dc:title>Accesibilidad de las personas sordas a los medios de comunicación: Análisis de la realidad en España</dc:title>
  <dc:identifier>http://zaguan.unizar.es/record/10029</dc:identifier>
  <dc:subject>periodismo</dc:subject>
  <dc:subject>televisión</dc:subject>
  <dc:subject>accesibilidad</dc:subject>
  <dc:subject>comunidad sorda</dc:subject>
  <dc:subject>lengua de signos</dc:subject>
  <dc:subject>subtitulado para sordos</dc:subject>
  <dc:publisher>Universidad de Zaragoza</dc:publisher>
  <dc:date>2013</dc:date>
  <dc:description>Por la poca visibilidad que tiene la deficiencia auditiva, la Comunidad Sorda ha sido durante toda la historia protagonista de numerosos episodios discriminatorios.  Con la llegada de los medios de comunicación audiovisuales, lo que podría haber facilitado la inclusión de las personas sordas a la sociedad –pues ya no se depende exclusivamente de la radio para conocer las novedades con celeridad- se ha convertido, más bien, en un nuevo medio de discriminación al no tener en cuenta las necesidades de esta Comunidad. Si bien es cierto que hoy en día existe legislación y medios -como el Subtitulado para Sordos o la inclusión en la pantalla de una ventana con Intérprete en Lengua de Signos- que intentan paliar este aislamiento informativo; todavía falta mucho camino por andar.  Con la presente investigación se intenta indagar en la realidad de la accesibilidad a los medios de comunicación para las personas sordas, centrándonos exclusivamente en la televisión como instrumento informativo y de entretenimiento dotado de la inmediatez que exige el momento que estamos viviendo.</dc:description>
  <dc:format>pdf</dc:format>
  <dc:language>spa</dc:language>
  <dc:type>info:eu-repo/semantics/bachelorThesis</dc:type>
  <dc:rights>by-nc-sa</dc:rights>
  <dc:rights>http://creativecommons.org/licenses/by-nc-sa/3.0/</dc:rights>
</oai_dc:dc>