<?xml version="1.0" encoding="UTF-8"?><oai_dc:dc xmlns:oai_dc="http://www.openarchives.org/OAI/2.0/oai_dc/" xmlns:dc="http://purl.org/dc/elements/1.1/" xmlns:xsi="http://www.w3.org/2001/XMLSchema-instance" xsi:schemaLocation="http://www.openarchives.org/OAI/2.0/oai_dc/ http://www.openarchives.org/OAI/2.0/oai_dc.xsd">
  <dc:creator>Vicente Beltrán, Ana</dc:creator>
  <dc:creator>Lafuente Pastor, Vicente Pedro</dc:creator>
  <dc:title>Transcendencia de la Reforma Laboral 2012 en la Negociación Colectiva Española.</dc:title>
  <dc:identifier>http://zaguan.unizar.es/record/10972</dc:identifier>
  <dc:publisher>Universidad de Zaragoza</dc:publisher>
  <dc:date>2013</dc:date>
  <dc:description>Trascendencia y consecuencias sobre el sistema de negociación colectiva español de las nuevas regulaciones legales, en el contexto económico y social actual en nuestro pais. Análisis sobre las repercusiones en el derecho colectivo e individuel de los trabajadores.</dc:description>
  <dc:format>pdf</dc:format>
  <dc:language>spa</dc:language>
  <dc:type>info:eu-repo/semantics/bachelorThesis</dc:type>
  <dc:rights>by-nc-sa</dc:rights>
  <dc:rights>http://creativecommons.org/licenses/by-nc-sa/3.0/</dc:rights>
</oai_dc:dc>