<?xml version="1.0" encoding="UTF-8"?><oai_dc:dc xmlns:oai_dc="http://www.openarchives.org/OAI/2.0/oai_dc/" xmlns:dc="http://purl.org/dc/elements/1.1/" xmlns:xsi="http://www.w3.org/2001/XMLSchema-instance" xsi:schemaLocation="http://www.openarchives.org/OAI/2.0/oai_dc/ http://www.openarchives.org/OAI/2.0/oai_dc.xsd">
  <dc:creator>Gaite Villagrá, Antonio</dc:creator>
  <dc:creator>León Puy, Juan Francisco</dc:creator>
  <dc:title>Propuesta de formación en comunicación eficaz dirigida a enfermeras de atención primaria y atención especializada</dc:title>
  <dc:identifier>http://zaguan.unizar.es/record/10874</dc:identifier>
  <dc:subject>enfermera</dc:subject>
  <dc:subject>comunicación eficaz</dc:subject>
  <dc:subject>conflicto</dc:subject>
  <dc:subject>agresiones</dc:subject>
  <dc:subject>persuasión</dc:subject>
  <dc:publisher>Universidad de Zaragoza</dc:publisher>
  <dc:date>2013</dc:date>
  <dc:description>En la profesión enfermera se da la paradoja de que, siendo la comunicación  una de las herramientas esenciales para el desempeño diario del trabajo, no  figura esta disciplina en los planes de estudio de la carrera en España, salvo  en algunas facultades que son la excepción. De tal forma que, en esta situación, una enfermera que desee mejorar sus habilidades en comunicación debe acudir a la formación posgrado. El objetivo de este trabajo ha sido presentar una programación de sesiones de formación dirigidas a enfermeras, tanto de atención primaria como de atención especializada, cuyo contenido esté enfocado a mejorar las habilidades en comunicación eficaz, planteando las sesiones con un enfoque práctico. Método: A través de los hallazgos de una búsqueda bibliográfica se han elaborado los contenidos y las estrategias didácticas de un curso compuesto por seis sesiones teórico-prácticas, en el que se enseña a usar a las enfermeras aspectos de la comunicación eficaz, tales como: la escucha activa, la empatía, el lenguaje no verbal, la gestión eficaz de conflictos, anticipación de agresiones y comunicación de malas noticias, entre otras herramientas. Conclusiones: Es aconsejable elaborar sesiones formativas específicas para enfermeras, dirigidas a mejorar las habilidades en comunicación eficaz, enseñándolas y practicándolas de forma muy participativa, de modo que las profesionales sean capaces, al terminar, de poner en práctica lo aprendido de forma inmediata.</dc:description>
  <dc:format>pdf</dc:format>
  <dc:language>spa</dc:language>
  <dc:type>info:eu-repo/semantics/bachelorThesis</dc:type>
  <dc:rights>by-nc-sa</dc:rights>
  <dc:rights>http://creativecommons.org/licenses/by-nc-sa/3.0/</dc:rights>
</oai_dc:dc>