<?xml version="1.0" encoding="UTF-8"?><oai_dc:dc xmlns:oai_dc="http://www.openarchives.org/OAI/2.0/oai_dc/" xmlns:dc="http://purl.org/dc/elements/1.1/" xmlns:xsi="http://www.w3.org/2001/XMLSchema-instance" xsi:schemaLocation="http://www.openarchives.org/OAI/2.0/oai_dc/ http://www.openarchives.org/OAI/2.0/oai_dc.xsd">
  <dc:creator>Aguilar Rodríguez, Ana</dc:creator>
  <dc:creator>Martín-Albo Lucas, José</dc:creator>
  <dc:title>Proyecto de Intervención en la Conducta Alimentaria del caso de un niño con TEA</dc:title>
  <dc:identifier>http://zaguan.unizar.es/record/11140</dc:identifier>
  <dc:subject>autismo</dc:subject>
  <dc:subject>problemas de alimentación</dc:subject>
  <dc:subject>programa de contingencia</dc:subject>
  <dc:publisher>Universidad de Zaragoza</dc:publisher>
  <dc:date>2013</dc:date>
  <dc:description>La hora de la comida puede terminar siendo una fuente de ansiedad y miedo para los niños con Trastorno del Espectro Autista y de estrés para sus familias. Por ello, se propone una intervención conductual para un caso real de conducta alimentaria alterada en un niño con autismo. Partiendo de la literatura existente acerca de la intervención en estos casos, ésta se realizaría en el contexto natural del hogar y centra su actuación tanto en los padres como en el niño. Se esperan resultados satisfactorios puesto que la intervención ha sido adaptada al caso particular.</dc:description>
  <dc:format>pdf</dc:format>
  <dc:language>spa</dc:language>
  <dc:type>info:eu-repo/semantics/bachelorThesis</dc:type>
  <dc:rights>by-nc-sa</dc:rights>
  <dc:rights>http://creativecommons.org/licenses/by-nc-sa/3.0/</dc:rights>
</oai_dc:dc>