<?xml version="1.0" encoding="UTF-8"?><oai_dc:dc xmlns:oai_dc="http://www.openarchives.org/OAI/2.0/oai_dc/" xmlns:dc="http://purl.org/dc/elements/1.1/" xmlns:xsi="http://www.w3.org/2001/XMLSchema-instance" xsi:schemaLocation="http://www.openarchives.org/OAI/2.0/oai_dc/ http://www.openarchives.org/OAI/2.0/oai_dc.xsd">
  <dc:creator>Flores Polo, Ester</dc:creator>
  <dc:creator>Rincón Ruiz, María Mar del</dc:creator>
  <dc:creator>Marco Fabre, Miguel</dc:creator>
  <dc:title>Una visión de la discapacidad intelectual desde la perspectiva familiar</dc:title>
  <dc:identifier>http://zaguan.unizar.es/record/11122</dc:identifier>
  <dc:subject>discapacidad</dc:subject>
  <dc:subject>familia</dc:subject>
  <dc:subject>intelectual</dc:subject>
  <dc:publisher>Universidad de Zaragoza</dc:publisher>
  <dc:date>2013</dc:date>
  <dc:description>La familia es uno de los principales motores que construyen el desarrollo de una persona, no sólo en la primera etapa de su vida con los cuidados que puedan proporcionarle, sino a lo largo de toda el proceso vital. Si todo esto es algo que se aprecia claramente en familias normalizadas, la importancia de este vínculo aumenta considerablemente cuando tenemos en cuenta que la familia se encuentra ante la situación de que uno de sus miembros tiene discapacidad intelectual. Vivimos en una época y sociedad en que es algo imprescindible valorar el futuro que nos depara, y más aún si se trata de personas con discapacidad intelectual, de las cuales, la mayoría dependen de otras personas para poder llevar a cabo las actividades básicas de la vida diaria.</dc:description>
  <dc:format>pdf</dc:format>
  <dc:language>spa</dc:language>
  <dc:type>info:eu-repo/semantics/bachelorThesis</dc:type>
  <dc:rights>by-nc-sa</dc:rights>
  <dc:rights>http://creativecommons.org/licenses/by-nc-sa/3.0/</dc:rights>
</oai_dc:dc>