<?xml version="1.0" encoding="UTF-8"?><oai_dc:dc xmlns:oai_dc="http://www.openarchives.org/OAI/2.0/oai_dc/" xmlns:dc="http://purl.org/dc/elements/1.1/" xmlns:xsi="http://www.w3.org/2001/XMLSchema-instance" xsi:schemaLocation="http://www.openarchives.org/OAI/2.0/oai_dc/ http://www.openarchives.org/OAI/2.0/oai_dc.xsd">
  <dc:creator>Montón Ledesma, Alberto</dc:creator>
  <dc:creator>Bono Nuez, Antonio</dc:creator>
  <dc:creator>Ferrer López, María Pilar</dc:creator>
  <dc:title>Localización en interiores: Guía multimedia</dc:title>
  <dc:identifier>http://zaguan.unizar.es/record/10559</dc:identifier>
  <dc:subject>localización en interiores: guía multimedia</dc:subject>
  <dc:subject>cd multimedia</dc:subject>
  <dc:subject>cd interactivo</dc:subject>
  <dc:subject>pfc ingeniería técnica electrónica</dc:subject>
  <dc:publisher>Universidad de Zaragoza</dc:publisher>
  <dc:date>2013</dc:date>
  <dc:description>El proyecto de final de carrera LOCALIZACIÓN EN INTERIORES: GUÍA MULTIMEDIA, contiene: En primer lugar, una visión general de las distintas tecnologías inalámbricas con las cuales se han desarrollado sistemas de localización en interiores. Se muestran sus características, su información técnica, la arquitectura hardware de las mismas, los distintos tipos y variantes que existen dentro de una misma tecnología, las especificaciones, la estandarización y como se han implementado dichas tecnologías para realizar la localización. En segundo lugar, una descripción de los métodos utilizados para la localización y el seguimiento en interiores, describiendo las distintas maneras en que se estudian las ondas de radio para realizar una triangulación y determinar así la posición. También se han descrito los fenómenos que pueden afectar a la propagación de las ondas de radio, afectando directamente a la estimación de la posición. Por último, se ha realizado un trabajo de búsqueda e investigación, para mostrar, describir y explicar, algunos de los nuevos proyectos, prototipos y estudios, que se han desarrollado recientemente, con la intención de mejorar los sistemas de localización en interiores. Con el fin de poner a disposición del mayor número de usuarios toda esta información, se ha diseñado una guía multimedia e interactiva, sencilla e intuitiva que facilita el acceso a la información y la comprensión de la misma. También se ha realizado una Memoria explicativa donde se indican los procesos realizados durante el desarrollo del proyecto, que contiene el manual de usuario, donde viene explicado el diseño y funcionamiento de la aplicación.</dc:description>
  <dc:format>pdf</dc:format>
  <dc:language>spa</dc:language>
  <dc:type>info:eu-repo/semantics/masterThesis</dc:type>
  <dc:rights>by-nc-sa</dc:rights>
  <dc:rights>http://creativecommons.org/licenses/by-nc-sa/3.0/</dc:rights>
</oai_dc:dc>