<?xml version="1.0" encoding="UTF-8"?><oai_dc:dc xmlns:oai_dc="http://www.openarchives.org/OAI/2.0/oai_dc/" xmlns:dc="http://purl.org/dc/elements/1.1/" xmlns:xsi="http://www.w3.org/2001/XMLSchema-instance" xsi:schemaLocation="http://www.openarchives.org/OAI/2.0/oai_dc/ http://www.openarchives.org/OAI/2.0/oai_dc.xsd">
  <dc:creator>Jiménez Victorio, Mario</dc:creator>
  <dc:creator>Pallás Gibanel, Miguel Ángel</dc:creator>
  <dc:creator>Lafuente Pastor, Vicente Pedro</dc:creator>
  <dc:title>Análisis e incidencia del RD Ley 3/2012 de 6 de julio en los Expedientes de Regulación. Gestión práctica de un expediente de suspensión en la empresa privada</dc:title>
  <dc:identifier>http://zaguan.unizar.es/record/11104</dc:identifier>
  <dc:subject>expediente de regulación de empleo</dc:subject>
  <dc:subject>procedimiento de suspensión de contratos</dc:subject>
  <dc:subject>reforma laboral 2012</dc:subject>
  <dc:publisher>Universidad de Zaragoza</dc:publisher>
  <dc:date>2013</dc:date>
  <dc:description>Actualmente, y prácticamente a diario, nos encontramos con noticias referidas a regulaciones de empleo, ERE´s, en todos los medios de comunicación. Dichas palabras se han convertido en muy comunes en nuestro vocabulario. Observamos como dichas palabras van asociadas a destrucción de empleo, reducción de horario o jornadas laborales. Asociándolo a la actual crisis económica, y como consecuencia de ella a la reforma laboral llevada a cabo, nos encontramos con la realidad del aumento en el uso habitual de esta práctica, y como todo el mundo habla de ella, aunque algunos no saben siquiera que significan realmente. En el presente trabajo vamos a explicar qué es un Expediente de Regulación de Empleo, e igualmente vamos a ejemplificar de manera práctica su implantación y gestión en una empresa, además de diferentes estadísticas para comprobar como la última reforma laboral ha afectado en su número e implantación.</dc:description>
  <dc:format>pdf</dc:format>
  <dc:language>spa</dc:language>
  <dc:type>info:eu-repo/semantics/bachelorThesis</dc:type>
  <dc:rights>by-nc-sa</dc:rights>
  <dc:rights>http://creativecommons.org/licenses/by-nc-sa/3.0/</dc:rights>
</oai_dc:dc>