<?xml version="1.0" encoding="UTF-8"?><oai_dc:dc xmlns:oai_dc="http://www.openarchives.org/OAI/2.0/oai_dc/" xmlns:dc="http://purl.org/dc/elements/1.1/" xmlns:xsi="http://www.w3.org/2001/XMLSchema-instance" xsi:schemaLocation="http://www.openarchives.org/OAI/2.0/oai_dc/ http://www.openarchives.org/OAI/2.0/oai_dc.xsd">
  <dc:creator>Vallespín Ajenjo, Fernando</dc:creator>
  <dc:creator>Blasco Sánchez, Mariano</dc:creator>
  <dc:title>Control Vectorial Indirecto de motor asíncrono mediante microcontrolador</dc:title>
  <dc:identifier>http://zaguan.unizar.es/record/10638</dc:identifier>
  <dc:subject>control vectorial</dc:subject>
  <dc:subject>foc</dc:subject>
  <dc:subject>regulación motor</dc:subject>
  <dc:publisher>Universidad de Zaragoza</dc:publisher>
  <dc:date>2013</dc:date>
  <dc:description>Este proyecto trata de la técnica de regulación de velocidad de motores llamada Control Vectorial; aunque también se habla de la evolución de los dispositivos electrónicos utilizados para esta finalidad a lo largo del tiempo y de las ventajas y desventajas que presentan cada uno de ellos. Este trabajo se ha centrado en realizar el diseño y simulación del circuito de control de dicho tipo de regulación; desde la modelización matemática de la máquina asíncrona hasta el control de los disparos de los IGBTs del inversor mediante modulación PWM. Realmente, existen dos técnicas de control vectorial, el directo e indirecto. En este caso se ha elegido el Indirecto debido a que se consiguen los mismos resultados que con el directo pero con un ahorro considerable, ya que no se utiliza ningún tipo de sensor, salvo uno de velocidad.</dc:description>
  <dc:format>pdf</dc:format>
  <dc:language>spa</dc:language>
  <dc:type>info:eu-repo/semantics/masterThesis</dc:type>
  <dc:rights>by-nc-sa</dc:rights>
  <dc:rights>http://creativecommons.org/licenses/by-nc-sa/3.0/</dc:rights>
</oai_dc:dc>