<?xml version="1.0" encoding="UTF-8"?><oai_dc:dc xmlns:oai_dc="http://www.openarchives.org/OAI/2.0/oai_dc/" xmlns:dc="http://purl.org/dc/elements/1.1/" xmlns:xsi="http://www.w3.org/2001/XMLSchema-instance" xsi:schemaLocation="http://www.openarchives.org/OAI/2.0/oai_dc/ http://www.openarchives.org/OAI/2.0/oai_dc.xsd">
  <dc:creator>Genzor Ríos, Cristina</dc:creator>
  <dc:creator>Roche Asensio, María José de la Cueva Santa</dc:creator>
  <dc:title>Diferencias entre hemodiálisis y diálisis peritoneal: calidad de vida, costes y cuidados asistenciales</dc:title>
  <dc:identifier>http://zaguan.unizar.es/record/10712</dc:identifier>
  <dc:subject>hemodiálisis</dc:subject>
  <dc:subject>diálisis peritoneal</dc:subject>
  <dc:subject>insuficiencia renal crónica</dc:subject>
  <dc:publisher>Universidad de Zaragoza</dc:publisher>
  <dc:date>2013</dc:date>
  <dc:description>La insuficiencia renal crónica provoca un cambio en la vida de las personas que la sufren, y preocupa el aumento de la prevalencia de esta enfermedad en países como España. En la actualidad la mayoría de enfermos que comienzan un tratamiento de hemodiálisis desconocen la existencia de otros tipos de técnicas de diálisis como la diálisis peritoneal. Este trabajo propone una comparación de ambas técnicas desde el punto de vista de la calidad de vida, de los costes económicos y de los cuidados asistenciales para ofrecer una base de información tanto para los pacientes como para los profesionales a la hora de elegir el mejor tratamiento. La falta de formación de los profesionales sanitarios cercanos al tema provoca una mayor elección de la técnica que más tiempo lleva siendo utilizada, la hemodiálisis. El paciente tiene derecho a elegir el tratamiento, tras recibir toda la información existente en la actualidad acerca de ambos tipos de diálisis.</dc:description>
  <dc:format>pdf</dc:format>
  <dc:language>spa</dc:language>
  <dc:type>info:eu-repo/semantics/bachelorThesis</dc:type>
  <dc:rights>by-nc-sa</dc:rights>
  <dc:rights>http://creativecommons.org/licenses/by-nc-sa/3.0/</dc:rights>
</oai_dc:dc>