<?xml version="1.0" encoding="UTF-8"?><oai_dc:dc xmlns:oai_dc="http://www.openarchives.org/OAI/2.0/oai_dc/" xmlns:dc="http://purl.org/dc/elements/1.1/" xmlns:xsi="http://www.w3.org/2001/XMLSchema-instance" xsi:schemaLocation="http://www.openarchives.org/OAI/2.0/oai_dc/ http://www.openarchives.org/OAI/2.0/oai_dc.xsd">
  <dc:creator>Martínez Arriola, Ibai</dc:creator>
  <dc:creator>Nerín Ballabriga, Sara María</dc:creator>
  <dc:title>Plan de intervención en fisioterapia para un caso de atrofia muscular secundaria a linfoma cerebral primario</dc:title>
  <dc:identifier>http://zaguan.unizar.es/record/10955</dc:identifier>
  <dc:subject>linfoma cerebral primario</dc:subject>
  <dc:subject>atrofia muscular</dc:subject>
  <dc:subject>fisioterapia</dc:subject>
  <dc:publisher>Universidad de Zaragoza</dc:publisher>
  <dc:date>2013</dc:date>
  <dc:description>Introducción: El linfoma cerebral primario (PCL) es un tumor de crecimiento rápido, poco frecuente y de comportamiento agresivo que deriva de linfocitos B y T. Provoca síntomas variados dependiendo del área cerebral afectada, lo que sumado al tratamiento de radioterapia y el largo periodo de hospitalización que éste implica, facilita la aparición de efectos secundarios entre los que destaca la atrofia muscular. Éste consiste en una disminución del tamaño, volumen y fuerza de los músculos, y crea muchas dificultades para llevar a cabo las actividades básicas de la vida diaria (ABVD). Objetivo: Presentar el caso clínico de un paciente con atrofia muscular secundaria a un linfoma cerebral y valorar su respuesta a la aplicación de un plan de intervención en fisioterapia basado en el uso de la cinesiterapia activa, la electroestimulación y la reeducación de la marcha. Metodología: Estudio experimental intrasujeto con una sola muestra. Se realiza una evaluación inicial de las variables dependientes objeto de estudio, y se aplica un plan de intervención (variable independiente) centrado en la tonificación muscular y la reeducación de la marcha. Por último, se realiza una valoración final para observar el efecto del tratamiento sobre las variables dependientes. Desarrollo: Se observa un aumento de la fuerza y del volumen muscular global y una mejoría del nivel de consciencia del paciente, que permite recuperar parte de la funcionalidad e independencia para las ABVD. Conclusiones: el tratamiento aplicado resulta efectivo en este caso concreto, pero se precisa una mayor investigación al respecto.</dc:description>
  <dc:format>pdf</dc:format>
  <dc:language>spa</dc:language>
  <dc:type>info:eu-repo/semantics/bachelorThesis</dc:type>
  <dc:rights>by-nc-sa</dc:rights>
  <dc:rights>http://creativecommons.org/licenses/by-nc-sa/3.0/</dc:rights>
</oai_dc:dc>