<?xml version="1.0" encoding="UTF-8"?><oai_dc:dc xmlns:oai_dc="http://www.openarchives.org/OAI/2.0/oai_dc/" xmlns:dc="http://purl.org/dc/elements/1.1/" xmlns:xsi="http://www.w3.org/2001/XMLSchema-instance" xsi:schemaLocation="http://www.openarchives.org/OAI/2.0/oai_dc/ http://www.openarchives.org/OAI/2.0/oai_dc.xsd">
  <dc:creator>Ortega Nebra, Javier</dc:creator>
  <dc:creator>González Cebollada, César</dc:creator>
  <dc:title>Construcción, caracterización hidráulica y estudio de aplicación de una bomba de ariete para el riego de una finca agrícola</dc:title>
  <dc:identifier>http://zaguan.unizar.es/record/10487</dc:identifier>
  <dc:subject>bomba de ariete</dc:subject>
  <dc:subject>ariete hidráulico</dc:subject>
  <dc:subject>ram pump</dc:subject>
  <dc:subject>belier hidraulique</dc:subject>
  <dc:subject>sistema de bombeo</dc:subject>
  <dc:publisher>Universidad de Zaragoza</dc:publisher>
  <dc:date>2013</dc:date>
  <dc:description>La bomba de ariete es un sistema de impulsión que aprovecha la energía potencial gravitatoria del agua para la elevación de una porción de la misma, mediante la transformación de la energía potencial, primero, en energía cinética y posteriormente en ondas de presión, conocidas como golpes de ariete. La bomba de ariete ha estado en desuso en los países desarrollados durante el siglo XX, debido a los bajos costes de la electricidad y de los combustibles fósiles. Por otra parte, su campo de aplicación es limitado, ya que requiere una cantidad excedentaria de agua capaz de ceder su energía potencial al agua impulsada. No obstante, la bomba de ariete continúa presente, ya sea en países en vías de desarrollo o bien en determinados usos agrícolas a pequeña escala en países desarrollados, donde se suele utilizar por razones de sensibilidad ambiental, o también por ahorro de costes energéticos, siempre en lugares donde se puedan dar las condiciones apropiadas. Por ello, desde el documento que tienes entre tus manos se ha realizado un trabajo de consulta bibliográfica sobre el funcionamiento y los aspectos relacionados con las bombas de ariete, además de construir y caracterizar hidráulicamente un prototipo realizado mediante piezas de fontanería, para después estudiar teóricamente su aplicación al riego de una finca agrícola.</dc:description>
  <dc:format>pdf</dc:format>
  <dc:language>spa</dc:language>
  <dc:type>info:eu-repo/semantics/masterThesis</dc:type>
  <dc:rights>by-nc-sa</dc:rights>
  <dc:rights>http://creativecommons.org/licenses/by-nc-sa/3.0/</dc:rights>
</oai_dc:dc>