<?xml version="1.0" encoding="UTF-8"?><oai_dc:dc xmlns:oai_dc="http://www.openarchives.org/OAI/2.0/oai_dc/" xmlns:dc="http://purl.org/dc/elements/1.1/" xmlns:xsi="http://www.w3.org/2001/XMLSchema-instance" xsi:schemaLocation="http://www.openarchives.org/OAI/2.0/oai_dc/ http://www.openarchives.org/OAI/2.0/oai_dc.xsd">
  <dc:creator>Sancho Monllor, Borja</dc:creator>
  <dc:creator>Pellejero Álvarez, Santiago Ángel</dc:creator>
  <dc:title>Plan de intervención fisioterápico de una rigidez de codo ante una fractura de codo, supraintercondilea y de olécranon, en una paciente con osteoporosis y de edad avanzada</dc:title>
  <dc:identifier>http://zaguan.unizar.es/record/10920</dc:identifier>
  <dc:subject>rigidez codo</dc:subject>
  <dc:subject>fisioterapia</dc:subject>
  <dc:subject>movilización</dc:subject>
  <dc:subject>fractura</dc:subject>
  <dc:publisher>Universidad de Zaragoza</dc:publisher>
  <dc:date>2013</dc:date>
  <dc:description>Introducción. Dentro de las fracturas del codo se pueden incluir cualquiera o todas de la parte distal del húmero, proximal del radio y proximal del cúbito. Las fracturas múltiples y desplazadas se suelen reducir quirúrgicamente y se fijan con osteosíntesis. La rigidez del codo después de un traumatismo es habitual. El tratamiento fisioterápico para la rigidez articular en las fracturas de codo suele ser la movilización activa temprana, técnicas pasivas al final del rango del movimiento y posturas osteoarticulares. Objetivo. Diseñar y ejecutar un plan de intervención en fisioterapia para una paciente con fractura de codo supraintercondilea y de olécranon. Metodología. La paciente es una mujer de 70 años con antecedente médico de osteoporosis e intervenida quirúrgicamente de varicectomía bilateral. Sufrió una caída que ocasionó una fractura supraintercondílea cerrada de húmero izquierdo y de olécranon. Se le aplicó un tratamiento dividido en dos fases: La primera se centró en aumentar la movilidad de la cicatriz, el rango de movimiento del codo y de la muñeca, así como integrar la ganancia de amplitud articular de manera activa. La segunda fue como la primera pero sin incluir la muñeca. Desarrollo. Con la aplicación del tratamiento se observó una ganancia marcada de la amplitud de movimiento en la articulación del codo y una mayor facilidad para la realización de las actividades de la vida diaria al mes y una semana del inicio del tratamiento de fisioterapia. Conclusiones. Las técnicas utilizadas en el plan de intervención en fisioterapia parecen ser eficaces para este caso.</dc:description>
  <dc:format>pdf</dc:format>
  <dc:language>spa</dc:language>
  <dc:type>info:eu-repo/semantics/bachelorThesis</dc:type>
  <dc:rights>by-nc-sa</dc:rights>
  <dc:rights>http://creativecommons.org/licenses/by-nc-sa/3.0/</dc:rights>
</oai_dc:dc>