<?xml version="1.0" encoding="UTF-8"?><oai_dc:dc xmlns:oai_dc="http://www.openarchives.org/OAI/2.0/oai_dc/" xmlns:dc="http://purl.org/dc/elements/1.1/" xmlns:xsi="http://www.w3.org/2001/XMLSchema-instance" xsi:schemaLocation="http://www.openarchives.org/OAI/2.0/oai_dc/ http://www.openarchives.org/OAI/2.0/oai_dc.xsd">
  <dc:creator>Sedano García, Jorge</dc:creator>
  <dc:creator>Sánchez Álvarez, Eduardo José</dc:creator>
  <dc:title>Implantación e integración de un sistema de gestión OHSAS 18001:2007 en una cooperativa agrícola</dc:title>
  <dc:identifier>http://zaguan.unizar.es/record/10087</dc:identifier>
  <dc:publisher>Universidad de Zaragoza</dc:publisher>
  <dc:date>2013</dc:date>
  <dc:description>El presente proyecto es el diseño, desarrollo, integración e implantación de un Sistema de Prevención de Riesgos Laborales basado en la Norma OHSAS 18001:2007 para lograr en la empresa del sector agrario COOPERATIVA GARU S.COOP (LA RIOJA)  un Sistema de Gestión Integrada que abarque los tres pilares en  los que se asienta la mejora continua de toda empresa: Calidad, Medio Ambiente y  Seguridad y Salud Laboral, basándose en las normas ISO 9001:2001, ISO 14001:2004  y OHSAS 18001:2007, además de lograr la certificación por parte de una entidad  acreditada por OSHAS 18001:2007.</dc:description>
  <dc:format>pdf</dc:format>
  <dc:language>spa</dc:language>
  <dc:type>info:eu-repo/semantics/masterThesis</dc:type>
  <dc:rights>by-nc-sa</dc:rights>
  <dc:rights>http://creativecommons.org/licenses/by-nc-sa/3.0/</dc:rights>
</oai_dc:dc>