<?xml version="1.0" encoding="UTF-8"?><oai_dc:dc xmlns:oai_dc="http://www.openarchives.org/OAI/2.0/oai_dc/" xmlns:dc="http://purl.org/dc/elements/1.1/" xmlns:xsi="http://www.w3.org/2001/XMLSchema-instance" xsi:schemaLocation="http://www.openarchives.org/OAI/2.0/oai_dc/ http://www.openarchives.org/OAI/2.0/oai_dc.xsd">
  <dc:creator>Alquézar García, José Ángel</dc:creator>
  <dc:creator>Altarribas Bolsa, Elena José</dc:creator>
  <dc:title>Efectos adversos o incidentes que pueden producir los estudiantes de 4º curso de enfermería de la Facultad de Ciencias de la Salud de Zaragoza en el transcurso de sus estancias clínicas</dc:title>
  <dc:identifier>http://zaguan.unizar.es/record/10821</dc:identifier>
  <dc:subject>efectos adversos</dc:subject>
  <dc:subject>incidentes</dc:subject>
  <dc:subject>seguridad</dc:subject>
  <dc:subject>pacientes</dc:subject>
  <dc:subject>estudiantes</dc:subject>
  <dc:subject>enfermería</dc:subject>
  <dc:publisher>Universidad de Zaragoza</dc:publisher>
  <dc:date>2013</dc:date>
  <dc:description>La tasa de Efectos Adversos (EA) en hospitales ha sido estimada entre un 4 y un 17%, de los que alrededor de un 50% han sido considerados evitables. Se entiende EA como: lesión o complicación que prolongue la estancia hospitalaria, que precise procedimientos diagnósticos o tratamiento adicional o que esté relacionado con éxitus o incapacidad al alta. Efectos adversos e incidentes que son producidos por los profesionales, por lo que lleva a pensar que los estudiantes de enfermería también podrían producirlos. Objetivo principal: identificar los posibles efectos adversos o incidentes producidos por dichos estudiantes. Se utiliza el ciclo de Deming, también conocido como círculo PDCA. Los estudiantes de enfermería pertenecientes a 4º curso de la Facultad de Ciencias de la Salud de Zaragoza son consultados mediante un Check list. Conclusión: se ha observado que los estudiantes de 4º de enfermería de la Facultad de Ciencias de la Salud de Zaragoza producen diversos efectos adversos o incidentes y los de mayor incidencia son: flebitis, error en la identificación de pacientes, suspensión de la exploración por insuficiente preparación del paciente, deficiente valoración del estado del enfermo, escaras, UPPs y hemorragias o hematomas a consecuencia de un procedimiento; por lo que es necesario trabajar en ellos para conseguir una mejora de la calidad en los servicios prestados a los pacientes.</dc:description>
  <dc:format>pdf</dc:format>
  <dc:language>spa</dc:language>
  <dc:type>info:eu-repo/semantics/bachelorThesis</dc:type>
  <dc:rights>by-nc-sa</dc:rights>
  <dc:rights>http://creativecommons.org/licenses/by-nc-sa/3.0/</dc:rights>
</oai_dc:dc>