<?xml version="1.0" encoding="UTF-8"?><oai_dc:dc xmlns:oai_dc="http://www.openarchives.org/OAI/2.0/oai_dc/" xmlns:dc="http://purl.org/dc/elements/1.1/" xmlns:xsi="http://www.w3.org/2001/XMLSchema-instance" xsi:schemaLocation="http://www.openarchives.org/OAI/2.0/oai_dc/ http://www.openarchives.org/OAI/2.0/oai_dc.xsd">
  <dc:creator>Lausín Lahuerta, Cristina</dc:creator>
  <dc:creator>Gascón Catalán, Ana María</dc:creator>
  <dc:title>El método canguro: una labor de enfermería</dc:title>
  <dc:identifier>http://zaguan.unizar.es/record/10741</dc:identifier>
  <dc:subject>método canguro</dc:subject>
  <dc:publisher>Universidad de Zaragoza</dc:publisher>
  <dc:date>2013</dc:date>
  <dc:description>El método canguro (MC) se basa en la colocación del recién nacido (RN) desnudo en posición decúbito ventral sobre el torso, también desnudo, de la madre e idealmente en el primer minuto de vida. Por sus numerosos beneficios, tanto para el RN como para sus padres, está especialmente indicado para bebés prematuros. Es un método seguro y fácil de aplicar, que además de humanizar los cuidados que se les ofrece a estos niños, permite involucrar a los padres en el cuidado de su hijo. El principal objetivo de este trabajo es desarrollar un protocolo del MC dirigido al personal de enfermería de las unidades neonatales en el que se expliquen pautas como la duración del método, la forma de transferir al niño de la incubadora a sus padres, la alimentación basada en la lactancia materna o la posición del bebé durante las sesiones. La existencia de un protocolo consensuado, el registro de las actividades que se realizan en estas unidades y la adecuada formación del personal, permitiría unificar criterios, optimizar resultados y mejorar la calidad de esta práctica.</dc:description>
  <dc:format>pdf</dc:format>
  <dc:language>spa</dc:language>
  <dc:type>info:eu-repo/semantics/bachelorThesis</dc:type>
  <dc:rights>by-nc-sa</dc:rights>
  <dc:rights>http://creativecommons.org/licenses/by-nc-sa/3.0/</dc:rights>
</oai_dc:dc>