<?xml version="1.0" encoding="UTF-8"?><oai_dc:dc xmlns:oai_dc="http://www.openarchives.org/OAI/2.0/oai_dc/" xmlns:dc="http://purl.org/dc/elements/1.1/" xmlns:xsi="http://www.w3.org/2001/XMLSchema-instance" xsi:schemaLocation="http://www.openarchives.org/OAI/2.0/oai_dc/ http://www.openarchives.org/OAI/2.0/oai_dc.xsd">
  <dc:creator>Fillat Lambistos, Yolanda</dc:creator>
  <dc:creator>Lasierra Pérez, María Cruz</dc:creator>
  <dc:creator>Ezpeleta Tarin, Jesús Manuel</dc:creator>
  <dc:title>Análisis de la estructura salarial y política retributiva del Personal de Administración y Servicios en la Universidad de Zaragoza</dc:title>
  <dc:identifier>http://zaguan.unizar.es/record/11072</dc:identifier>
  <dc:publisher>Universidad de Zaragoza</dc:publisher>
  <dc:date>2013</dc:date>
  <dc:description>El presente trabajo se centra en primer lugar en situar el origen de la Gestión de los Recursos Humanos explicando: la evolución de la función de personal, y el desarrollo del departamento de recursos humanos en general y la gestión de las personas en las administraciones públicas en particular, analizando su problemática y tendencias actuales.  En segundo lugar, ubicar el punto de partida de la carrera administrativa de los funcionarios públicos, explicando la transformación y los cambios surgidos en la misma, detallando en qué consiste la estructura salarial y política retributiva del personal de administración y servicios en la Universidad de Zaragoza y cómo se desarrolla. En tercer lugar, analizar el solapamiento de niveles de este personal, así como su incidencia en el clima laboral y viendo como se lleva a cabo en la Universidad de Zaragoza.</dc:description>
  <dc:format>pdf</dc:format>
  <dc:language>spa</dc:language>
  <dc:type>info:eu-repo/semantics/bachelorThesis</dc:type>
  <dc:rights>by-nc-sa</dc:rights>
  <dc:rights>http://creativecommons.org/licenses/by-nc-sa/3.0/</dc:rights>
</oai_dc:dc>