<?xml version="1.0" encoding="UTF-8"?><oai_dc:dc xmlns:oai_dc="http://www.openarchives.org/OAI/2.0/oai_dc/" xmlns:dc="http://purl.org/dc/elements/1.1/" xmlns:xsi="http://www.w3.org/2001/XMLSchema-instance" xsi:schemaLocation="http://www.openarchives.org/OAI/2.0/oai_dc/ http://www.openarchives.org/OAI/2.0/oai_dc.xsd">
  <dc:creator>Villa Oro, María Jesús</dc:creator>
  <dc:creator>Laborda Soriano, Ana Alejandra</dc:creator>
  <dc:title>Fisioterapia y pedalear: programa de intervención en el Centro de Educación Especial Arboleda</dc:title>
  <dc:identifier>http://zaguan.unizar.es/record/10930</dc:identifier>
  <dc:subject>ciclismo y discapacidad</dc:subject>
  <dc:subject>fisioterapia y pedalea</dc:subject>
  <dc:publisher>Universidad de Zaragoza</dc:publisher>
  <dc:date>2013</dc:date>
  <dc:description>Los niños y los adolescentes con discapacidad tienen determinadas necesidades que difícilmente suelen ser cubiertas, y montar en bici es una de las experiencias de juego tempranas más importantes y emocionantes. La actividad física y el deporte es una pieza clave para la rehabilitación y socialización de personas con discapacidad. “Fisioterapia y pedalear” se desarrolla a través del trabajo en equipo y  engloba un conjunto de actividades psicomotrices en bici, individualizadas, en pequeño grupo, adaptadas al desarrollo motriz y cognitivo del alumno. El programa es coordinado por las dos fisioterapeutas y la profesora de psicomotricidad del colegio. Se realizan dos sesiones semanales de 45 minutos cada una, los jueves en horario lectivo de 15.30 a 17 horas. Los objetivos generales del programa son: integrar al alumnado del CEE Arboleda en la práctica de una actividad física a través de la bicicleta con el fin de mejorar las funciones motoras, sensoriales y mentales; mejorar  la salud de sus participantes y favorecer la integración del alumno en su grupo y en la sociedad. Se desarrolla en tres fases: fase de evaluación, fase de intervención y fase de evaluación final del proyecto. “Fisioterapia y pedalear” es una experiencia divertida, gratificante y enriquecedora para los niños en todos los aspectos (físico, social y mental), que fortalece su imagen y les ofrece una sensación de realización. Hacerlo posible exige la participación de muchos profesionales del centro que deben implicarse directa o indirectamente para que pueda llevarse a cabo.</dc:description>
  <dc:format>pdf</dc:format>
  <dc:language>spa</dc:language>
  <dc:type>info:eu-repo/semantics/bachelorThesis</dc:type>
  <dc:rights>by-nc-sa</dc:rights>
  <dc:rights>http://creativecommons.org/licenses/by-nc-sa/3.0/</dc:rights>
</oai_dc:dc>