<?xml version="1.0" encoding="UTF-8"?><oai_dc:dc xmlns:oai_dc="http://www.openarchives.org/OAI/2.0/oai_dc/" xmlns:dc="http://purl.org/dc/elements/1.1/" xmlns:xsi="http://www.w3.org/2001/XMLSchema-instance" xsi:schemaLocation="http://www.openarchives.org/OAI/2.0/oai_dc/ http://www.openarchives.org/OAI/2.0/oai_dc.xsd">
  <dc:creator>Gómez Vera, María del Pilar</dc:creator>
  <dc:creator>Turégano Romero, José Antonio</dc:creator>
  <dc:title>Validación tecnología híbrida PVT</dc:title>
  <dc:identifier>http://zaguan.unizar.es/record/10328</dc:identifier>
  <dc:subject>híbrido</dc:subject>
  <dc:publisher>Universidad de Zaragoza</dc:publisher>
  <dc:date>2013</dc:date>
  <dc:description>Se presenta la validación de la tecnología PVT, colectores fotovoltaicos que aprovechan la temperatura producida en el panel para la producción de calor.</dc:description>
  <dc:format>pdf</dc:format>
  <dc:language>spa</dc:language>
  <dc:type>info:eu-repo/semantics/masterThesis</dc:type>
  <dc:rights>by-nc-sa</dc:rights>
  <dc:rights>http://creativecommons.org/licenses/by-nc-sa/3.0/</dc:rights>
</oai_dc:dc>