<?xml version="1.0" encoding="UTF-8"?><oai_dc:dc xmlns:oai_dc="http://www.openarchives.org/OAI/2.0/oai_dc/" xmlns:dc="http://purl.org/dc/elements/1.1/" xmlns:xsi="http://www.w3.org/2001/XMLSchema-instance" xsi:schemaLocation="http://www.openarchives.org/OAI/2.0/oai_dc/ http://www.openarchives.org/OAI/2.0/oai_dc.xsd">
  <dc:creator>Cauhe Martín, Elisa</dc:creator>
  <dc:creator>Mena Nieto, Eduardo</dc:creator>
  <dc:title>BUSCOBUS: BUScador del Camino Óptimo en BUS</dc:title>
  <dc:identifier>http://zaguan.unizar.es/record/10670</dc:identifier>
  <dc:subject>geolocalización</dc:subject>
  <dc:subject>gis</dc:subject>
  <dc:subject>grafos</dc:subject>
  <dc:subject>gps</dc:subject>
  <dc:subject>smartphone</dc:subject>
  <dc:subject>dispositivos móviles</dc:subject>
  <dc:subject>autobús</dc:subject>
  <dc:subject>rutas</dc:subject>
  <dc:publisher>Universidad de Zaragoza</dc:publisher>
  <dc:date>2013</dc:date>
  <dc:description>BUSCOBUS, Buscador del Camino Óptimo en BUS, es un PFC que consiste en una aplicación para dispositivo móvil con GPS y conexión a Internet que permite calcular en tiempo real  la mejor combinación de autobuses urbanos para desplazarse en la ciudad de Zaragoza. Esta aplicación tiene como objetivo ayudar a los usuarios de la red de autobús con varias combinaciones de líneas posibles, a elegir la mejor de ellas en tiempo real para desplazarse en la ciudad. Para ello el sistema se servirá de información dinámica sobre las estimaciones de tiempo de llegada que cada línea tiene en cada parada de la ciudad, además de los datos estáticos asociado a la red de transporte urbano.</dc:description>
  <dc:format>pdf</dc:format>
  <dc:language>spa</dc:language>
  <dc:type>info:eu-repo/semantics/masterThesis</dc:type>
  <dc:rights>by-nc-sa</dc:rights>
  <dc:rights>http://creativecommons.org/licenses/by-nc-sa/3.0/</dc:rights>
</oai_dc:dc>