<?xml version="1.0" encoding="UTF-8"?><oai_dc:dc xmlns:oai_dc="http://www.openarchives.org/OAI/2.0/oai_dc/" xmlns:dc="http://purl.org/dc/elements/1.1/" xmlns:xsi="http://www.w3.org/2001/XMLSchema-instance" xsi:schemaLocation="http://www.openarchives.org/OAI/2.0/oai_dc/ http://www.openarchives.org/OAI/2.0/oai_dc.xsd">
  <dc:creator>Rodríguez Rodríguez, Helena</dc:creator>
  <dc:creator>Iglesias Gonzalo, María José</dc:creator>
  <dc:creator>Ramos Romero, Elena</dc:creator>
  <dc:title>Terapia ocupacional y psicomotricidad en un caso de retraso madurativo por prematuridad</dc:title>
  <dc:identifier>http://zaguan.unizar.es/record/10939</dc:identifier>
  <dc:subject>terapia ocupacional</dc:subject>
  <dc:subject>psicomotricidad</dc:subject>
  <dc:subject>retraso psicomotor</dc:subject>
  <dc:publisher>Universidad de Zaragoza</dc:publisher>
  <dc:date>2013</dc:date>
  <dc:description>El retraso psicomotor en los niños se acompaña de distintos tipos y grados de déficits, siendo una de sus consecuencias los problemas en la realización de sus actividades de la vida diaria, requiriendo y haciendo necesaria la participación de la terapia ocupacional (T.O.) en su proceso de recuperación. El trabajo que se presenta corresponde a un estudio centrado en un niño con retraso psicomotor por prematuridad, y en el que se realizó la implementación y evaluación de un programa de psicomotricidad para mejorar la ejecución psicomotriz del niño. Se realizó una evaluación pre-post del sujeto mediante la escala Battelle y un protocolo de recogida de información específico mediante la observación en la ejecución de ejercicios psicomotrices. Los resultados obtenidos nos permiten considerar la existencia de una mejoría significativa a nivel psicomotriz del niño con repercusión sobre sus actividades de la vida diaria.</dc:description>
  <dc:format>pdf</dc:format>
  <dc:language>spa</dc:language>
  <dc:type>info:eu-repo/semantics/bachelorThesis</dc:type>
  <dc:rights>by-nc-sa</dc:rights>
  <dc:rights>http://creativecommons.org/licenses/by-nc-sa/3.0/</dc:rights>
</oai_dc:dc>