<?xml version="1.0" encoding="UTF-8"?><oai_dc:dc xmlns:oai_dc="http://www.openarchives.org/OAI/2.0/oai_dc/" xmlns:dc="http://purl.org/dc/elements/1.1/" xmlns:xsi="http://www.w3.org/2001/XMLSchema-instance" xsi:schemaLocation="http://www.openarchives.org/OAI/2.0/oai_dc/ http://www.openarchives.org/OAI/2.0/oai_dc.xsd">
  <dc:creator>Vicente Calvo, Marta</dc:creator>
  <dc:creator>Altarribas Bolsa, Elena José</dc:creator>
  <dc:title>Mejora de los cuidados psicosociales al paciente terminal</dc:title>
  <dc:identifier>http://zaguan.unizar.es/record/10829</dc:identifier>
  <dc:subject>cuidados psicosociales</dc:subject>
  <dc:subject>enfermería</dc:subject>
  <dc:subject>paciente terminal</dc:subject>
  <dc:subject>comunicación terapéutica</dc:subject>
  <dc:publisher>Universidad de Zaragoza</dc:publisher>
  <dc:date>2013</dc:date>
  <dc:description>En la sociedad actual encontramos un número relevante de pacientes en situación terminal. Los cuidados paliativos se desarrollaron como el modelo idóneo para abordar esta situación, siendo su objetivo principal proporcionar una buena calidad de vida, atendiendo no sólo las necesidades físicas sino también las psicosociales. A pesar de ello podemos observar como el personal de enfermería presenta dificultades a la hora de proporcionar apoyo psicoemocional. Objetivo: Mejorar el manejo de los cuidados psicosociales ofertados por los profesionales de enfermería al paciente terminal, proporcionando habilidades de la comunicación y elaborando una escala visual para facilitar la identificación de las distintas etapas de adaptación al proceso final de la vida. Metodología: El diseño de este estudio está basado en el Ciclo de Mejora Continua o PDCA, siendo el ámbito de estudio Atención Primaria y Atención Especializada y los sujetos de estudio los pacientes terminales. Conclusiones: Se ha elaborado una sesión con el nombre “Manejo del paciente terminal: cuidados psicosociales” en la que desarrollamos la comunicación terapéutica con el paciente terminal, las diferentes fases adaptativas que atraviesa el enfermo moribundo y cómo intervenir en cada una de ellas. Además se hace entrega de una tabla y una escala visual como material de apoyo. De esta forma mejorará la capacidad de los profesionales de enfermería para comunicarse, informar, afrontar el sufrimiento psicoemocional y cumplir las expectativas de los pacientes moribundos.</dc:description>
  <dc:format>pdf</dc:format>
  <dc:language>spa</dc:language>
  <dc:type>info:eu-repo/semantics/bachelorThesis</dc:type>
  <dc:rights>by-nc-sa</dc:rights>
  <dc:rights>http://creativecommons.org/licenses/by-nc-sa/3.0/</dc:rights>
</oai_dc:dc>