<?xml version="1.0" encoding="UTF-8"?><oai_dc:dc xmlns:oai_dc="http://www.openarchives.org/OAI/2.0/oai_dc/" xmlns:dc="http://purl.org/dc/elements/1.1/" xmlns:xsi="http://www.w3.org/2001/XMLSchema-instance" xsi:schemaLocation="http://www.openarchives.org/OAI/2.0/oai_dc/ http://www.openarchives.org/OAI/2.0/oai_dc.xsd">
  <dc:creator>Irigoyen Andrade, Javier</dc:creator>
  <dc:creator>Sancho Sora, Agustín</dc:creator>
  <dc:title>Economía social y desarrollo económico: Experiencia Cooperativa de Mondragón</dc:title>
  <dc:identifier>http://zaguan.unizar.es/record/11076</dc:identifier>
  <dc:subject>cooperativa</dc:subject>
  <dc:subject>economía social</dc:subject>
  <dc:subject>Mondragon Corporación Cooperativa</dc:subject>
  <dc:subject>nuevo estilo de relaciones</dc:subject>
  <dc:publisher>Universidad de Zaragoza</dc:publisher>
  <dc:date>2013</dc:date>
  <dc:description>Exponer cómo la economía social, y, el caso práctico de la Experiencia Cooperativa de Mondragón, aportan valor en el crecimiento y desarrollo socio-económico contribuyendo de manera sostenible en la sociedad para que evolucione hacia otra manera de entender la economía y las relaciones laborales para dar paso a un modelo de sociedad más humano, más participativo e igualitario.</dc:description>
  <dc:format>pdf</dc:format>
  <dc:language>spa</dc:language>
  <dc:type>info:eu-repo/semantics/bachelorThesis</dc:type>
  <dc:rights>by-nc-sa</dc:rights>
  <dc:rights>http://creativecommons.org/licenses/by-nc-sa/3.0/</dc:rights>
</oai_dc:dc>