<?xml version="1.0" encoding="UTF-8"?><oai_dc:dc xmlns:oai_dc="http://www.openarchives.org/OAI/2.0/oai_dc/" xmlns:dc="http://purl.org/dc/elements/1.1/" xmlns:xsi="http://www.w3.org/2001/XMLSchema-instance" xsi:schemaLocation="http://www.openarchives.org/OAI/2.0/oai_dc/ http://www.openarchives.org/OAI/2.0/oai_dc.xsd">
  <dc:creator>Sasot Murillo, Lara</dc:creator>
  <dc:creator>Oliván Blázquez, Bárbara</dc:creator>
  <dc:title>Programa de intervención a través del ocio con personas que presentan una patología mental grave de larga evolución y que viven solos</dc:title>
  <dc:identifier>http://zaguan.unizar.es/record/11117</dc:identifier>
  <dc:subject>enfermedad mental grave</dc:subject>
  <dc:subject>patología mental grave</dc:subject>
  <dc:subject>programa de intervención</dc:subject>
  <dc:subject>programa de ocio</dc:subject>
  <dc:publisher>Universidad de Zaragoza</dc:publisher>
  <dc:date>2013</dc:date>
  <dc:description>El presente Trabajo de Fin de Grado que a continuación se presenta trata de abordar el tema de salud mental desde una perspectiva de Trabajo Social. Cómo a través de esta disciplina se puede contribuir a la mejora en la calidad de vida de las personas que sufren un Trastorno Mental Grave (TMG). Los destinatarios son personas que sufren un Trastorno Mental Grave (Esquizofrenia), con una evolución larga de la enfermedad (más de veinte años) y que viven solas. Por tanto, lo que se pretende con este trabajo es: Favorecer la integración social de los participantes a través de un Programa de Ocio y tiempo libre, que incluya el aprendizaje de habilidades sociales básicas, y contribuir así a mejorar su competencia individual.</dc:description>
  <dc:format>pdf</dc:format>
  <dc:language>spa</dc:language>
  <dc:type>info:eu-repo/semantics/bachelorThesis</dc:type>
  <dc:rights>by-nc-sa</dc:rights>
  <dc:rights>http://creativecommons.org/licenses/by-nc-sa/3.0/</dc:rights>
</oai_dc:dc>