<?xml version="1.0" encoding="UTF-8"?><oai_dc:dc xmlns:oai_dc="http://www.openarchives.org/OAI/2.0/oai_dc/" xmlns:dc="http://purl.org/dc/elements/1.1/" xmlns:xsi="http://www.w3.org/2001/XMLSchema-instance" xsi:schemaLocation="http://www.openarchives.org/OAI/2.0/oai_dc/ http://www.openarchives.org/OAI/2.0/oai_dc.xsd">
  <dc:creator>Luna Laguarta, Sandra Úrsula</dc:creator>
  <dc:creator>Ruidiaz Peña, Mercedes</dc:creator>
  <dc:title>Plan de cuidados en atención primaria para mujeres diagnosticadas de osteoporosis</dc:title>
  <dc:identifier>http://zaguan.unizar.es/record/10725</dc:identifier>
  <dc:publisher>Universidad de Zaragoza</dc:publisher>
  <dc:date>2013</dc:date>
  <dc:description>La osteoporosis actualmente afecta a un gran número de personas siendo un problema de salud cada vez mayor, lo que supone un gran coste al Sistema Sanitario.  La osteoporosis es una enfermedad en la que disminuye la masa ósea y existe un gran riesgo de fracturas, por ello es importante conocer y disminuir los factores de riesgo para su prevención y evitar el avance de la enfermedad. Desde el punto de vista de enfermería consideramos interesante llevar a cabo un plan de cuidados en la educación a mujeres posmenopáusicas afectadas de osteoporosis , centrándonos en el ejercicio físico, hábitos alimentarios y motivación para cumplimentar el tratamiento, con la finalidad de mejorar la calidad de vida de estas  pacientes, ya que es motivo frecuente de consulta en los centros de atención primaria.</dc:description>
  <dc:format>pdf</dc:format>
  <dc:language>spa</dc:language>
  <dc:type>info:eu-repo/semantics/bachelorThesis</dc:type>
  <dc:rights>by-nc-sa</dc:rights>
  <dc:rights>http://creativecommons.org/licenses/by-nc-sa/3.0/</dc:rights>
</oai_dc:dc>