<?xml version="1.0" encoding="UTF-8"?><oai_dc:dc xmlns:oai_dc="http://www.openarchives.org/OAI/2.0/oai_dc/" xmlns:dc="http://purl.org/dc/elements/1.1/" xmlns:xsi="http://www.w3.org/2001/XMLSchema-instance" xsi:schemaLocation="http://www.openarchives.org/OAI/2.0/oai_dc/ http://www.openarchives.org/OAI/2.0/oai_dc.xsd">
  <dc:creator>Pablo Concha, Jorge</dc:creator>
  <dc:creator>Pallarés Ranz, Javier</dc:creator>
  <dc:title>Implantación de un sistema de trigeneración en la planta ERVISA</dc:title>
  <dc:identifier>http://zaguan.unizar.es/record/10564</dc:identifier>
  <dc:subject>trigeneración</dc:subject>
  <dc:publisher>Universidad de Zaragoza</dc:publisher>
  <dc:date>2013</dc:date>
  <dc:description>El documento que se presenta a continuación trata sobre la implantación de un sistema de trigeneración en la planta ERVISA, sustituyendo la instalación existente. La principal motivación para la elaboración de este proyecto es la de satisfacer las necesidades energéticas de la planta de una modo más eficiente que el actual, proporcionando a su vez un ahorro económico para la empresa. El sistema de trigeneración se implantaría en la planta que dispone ERVISA en la localidad de La Puebla de Alfindén (Zaragoza), dedicada a la elaboración de films retractiles de alta calidad para envase y embalaje de artículos de consumo. El documento está dividido en cuatro partes. La primera contiene la memoria, en la cual se realiza una introducción teórica a la cogeneración, se analizan los consumos de la planta y los nuevos equipos a implantar, así como la viabilidad del proyecto. La segunda parte contiene el pliego de condiciones. La tercera parte detalla el presupuesto de la instalación. Por último se presentan los planos del proyecto.</dc:description>
  <dc:format>pdf</dc:format>
  <dc:language>spa</dc:language>
  <dc:type>info:eu-repo/semantics/masterThesis</dc:type>
  <dc:rights>by-nc-sa</dc:rights>
  <dc:rights>http://creativecommons.org/licenses/by-nc-sa/3.0/</dc:rights>
</oai_dc:dc>