<?xml version="1.0" encoding="UTF-8"?><oai_dc:dc xmlns:oai_dc="http://www.openarchives.org/OAI/2.0/oai_dc/" xmlns:dc="http://purl.org/dc/elements/1.1/" xmlns:xsi="http://www.w3.org/2001/XMLSchema-instance" xsi:schemaLocation="http://www.openarchives.org/OAI/2.0/oai_dc/ http://www.openarchives.org/OAI/2.0/oai_dc.xsd">
  <dc:creator>Muriel Aibar, Roberto</dc:creator>
  <dc:creator>Lekuona Amiano, Alberto</dc:creator>
  <dc:creator>López Tello, Celia</dc:creator>
  <dc:title>Efectos de una intervención fisioterápica mediante lecho postural y programa de bipedestación en una niña con parálisis cerebral infantil</dc:title>
  <dc:identifier>http://zaguan.unizar.es/record/10842</dc:identifier>
  <dc:publisher>Universidad de Zaragoza</dc:publisher>
  <dc:date>2013</dc:date>
  <dc:description>Introducción. La parálisis cerebral sigue siendo una patología común en la sociedad actual dentro del marco de la neurología pediátrica, con una prevalencia que ha aumentado en los últimos años. A pesar de ello, las opciones de tratamiento son limitadas y controvertidas. En la actualidad, no hay consenso respecto a qué tratamiento fisioterápico resulta más adecuado. Objetivo. En este estudio se busca diseñar y llevar a cabo un plan de intervención para mejorar la sedestación y facilitar la bipedestación en una niña con parálisis cerebral infantil (PCI). Metodología. Se aplicó un diseño AB. El sujeto es una niña de 14 años de edad con parálisis cerebral infantil, de etiología perinatal, siendo diagnosticada de tetraparesia espástica a consecuencia de una encefalopatía hipóxico isquémica grave. Se le realizó un lecho postural para la sedestación y se continuó con el programa de bipedestación o standing para mejorar el control postural. Desarrollo. Con la aplicación del tratamiento se observó que la incorporación del lecho postural y el programa de standing son algunos de los principales medios para la corrección postural en los tres planos del espacio. Conclusiones. Teniendo en cuenta las limitaciones presentes del estudio no es posible generalizar los resultados. A pesar de ello, parece ser efectivo el plan de intervención fisioterápica propuesto, pero sería necesaria una mayor investigación.</dc:description>
  <dc:format>pdf</dc:format>
  <dc:language>spa</dc:language>
  <dc:type>info:eu-repo/semantics/bachelorThesis</dc:type>
  <dc:rights>by-nc-sa</dc:rights>
  <dc:rights>http://creativecommons.org/licenses/by-nc-sa/3.0/</dc:rights>
</oai_dc:dc>