<?xml version="1.0" encoding="UTF-8"?><oai_dc:dc xmlns:oai_dc="http://www.openarchives.org/OAI/2.0/oai_dc/" xmlns:dc="http://purl.org/dc/elements/1.1/" xmlns:xsi="http://www.w3.org/2001/XMLSchema-instance" xsi:schemaLocation="http://www.openarchives.org/OAI/2.0/oai_dc/ http://www.openarchives.org/OAI/2.0/oai_dc.xsd">
  <dc:creator>Malandía García, Nazaret</dc:creator>
  <dc:creator>Villarrolla Lacilla, María Milagros</dc:creator>
  <dc:title>Detección del maltrato al adulto mayor en atención primaria</dc:title>
  <dc:identifier>http://zaguan.unizar.es/record/10734</dc:identifier>
  <dc:publisher>Universidad de Zaragoza</dc:publisher>
  <dc:date>2013</dc:date>
  <dc:description>El maltrato al adulto mayor  es un problema que se ha comenzado a abordar recientemente. En España se inició su reconocimiento en 1990 en un congreso en Toledo. Debido a los escasos estudios realizados no se conoce la dimensión real del problema, se acepta que se trata de un fenómeno “iceberg” del que al menos cinco de cada seis casos no serán reconocidos. No existe una definición única para describir qué es el maltrato al adulto mayor pero todas siguen una misma línea. Los efectos que tiene para la salud de los que lo padecen son muy negativos. Se han identificado algunas situaciones que incrementan el riesgo de que se produzca. La falta de concienciación y de sensibilización dificulta su detección. Una herramienta fundamental para la detección de este fenómeno es la valoración de enfermería de  atención primaria que junto con la visita domiciliaria permite la valoración integral del usuario, su familia y/o cuidadores. Mediante la entrevista de enfermería, y siguiendo el modelos de las catorce necesidades básicas de Virginia Henderson, la enfermera puede detectar signos que indiquen sospecha o existencia de maltrato. La taxonomía de la North American Nursing Diagnosis Association ofrece una serie de diagnósticos indicativos de maltrato. Existen una serie de cuestionarios elaborados con el fin de detectar casos que resultan muy útiles y  que la enfermera pueda utilizar para confirmar su sospecha de maltrato.</dc:description>
  <dc:format>pdf</dc:format>
  <dc:language>spa</dc:language>
  <dc:type>info:eu-repo/semantics/bachelorThesis</dc:type>
  <dc:rights>by-nc-sa</dc:rights>
  <dc:rights>http://creativecommons.org/licenses/by-nc-sa/3.0/</dc:rights>
</oai_dc:dc>