<?xml version="1.0" encoding="UTF-8"?><oai_dc:dc xmlns:oai_dc="http://www.openarchives.org/OAI/2.0/oai_dc/" xmlns:dc="http://purl.org/dc/elements/1.1/" xmlns:xsi="http://www.w3.org/2001/XMLSchema-instance" xsi:schemaLocation="http://www.openarchives.org/OAI/2.0/oai_dc/ http://www.openarchives.org/OAI/2.0/oai_dc.xsd">
  <dc:creator>Gómez Duro, Ana</dc:creator>
  <dc:creator>Roche Asensio, María José de la Cueva Santa</dc:creator>
  <dc:title>Educación para la salud. Alimentación en pacientes sometidos a hemodiálisis</dc:title>
  <dc:identifier>http://zaguan.unizar.es/record/10702</dc:identifier>
  <dc:subject>alimentación</dc:subject>
  <dc:subject>hemodiálisis</dc:subject>
  <dc:subject>enfermedad renal crónica</dc:subject>
  <dc:subject>educación para la salud</dc:subject>
  <dc:publisher>Universidad de Zaragoza</dc:publisher>
  <dc:date>2013</dc:date>
  <dc:description>La Enfermedad Renal Crónica se define como la disminución del filtrado glomerular por debajo de los 60ml/min. Cuando disminuye por debajo de 15ml/min, se hace necesario el tratamiento renal sustitutivo. En este trabajo se aborda la educación sanitaria al paciente sometido a hemodiálisis, en concreto, educación sobre la alimentación, puesto que se trata de uno de los pilares en el tratamiento de la enfermedad. Se desarrolla una sesión dirigida a pacientes que acaban de comenzar el tratamiento en hemodiálisis. Para su elaboración, se han consultado protocolos de distintas unidades de hemodiálisis y guías de alimentación del paciente con enfermedad renal crónica. Es esencial que los pacientes tengan conocimientos adecuados acerca de su dieta y es de gran importancia la implicación del personal de enfermería para desarrollar una buena educación sanitaria.</dc:description>
  <dc:format>pdf</dc:format>
  <dc:language>spa</dc:language>
  <dc:type>info:eu-repo/semantics/bachelorThesis</dc:type>
  <dc:rights>by-nc-sa</dc:rights>
  <dc:rights>http://creativecommons.org/licenses/by-nc-sa/3.0/</dc:rights>
</oai_dc:dc>