<?xml version="1.0" encoding="UTF-8"?><oai_dc:dc xmlns:oai_dc="http://www.openarchives.org/OAI/2.0/oai_dc/" xmlns:dc="http://purl.org/dc/elements/1.1/" xmlns:xsi="http://www.w3.org/2001/XMLSchema-instance" xsi:schemaLocation="http://www.openarchives.org/OAI/2.0/oai_dc/ http://www.openarchives.org/OAI/2.0/oai_dc.xsd">
  <dc:creator>Valiente Castillo, Raquel</dc:creator>
  <dc:creator>Anguas Gracia, Ana</dc:creator>
  <dc:title>El momento del parto, un acontecimiento para disfrutar</dc:title>
  <dc:identifier>http://zaguan.unizar.es/record/10799</dc:identifier>
  <dc:subject>parto humanizado</dc:subject>
  <dc:subject>parto natural</dc:subject>
  <dc:subject>parto obstétrico</dc:subject>
  <dc:subject>cuidados de enfermería</dc:subject>
  <dc:subject>cesárea</dc:subject>
  <dc:publisher>Universidad de Zaragoza</dc:publisher>
  <dc:date>2013</dc:date>
  <dc:description>La atención al parto en nuestro Sistema de Salud se lleva a cabo en los hospitales, los cuales están dotados con medios cada vez más sofisticados, lo que permite garantizar una adecuada asistencia al parto especialmente en  los casos de riesgo que presentan o pueden presentar complicaciones. Pero también la atención al parto normal se ha visto afectada por la intervención médica creciente. El objetivo de este trabajo fue revisar las  alternativas existentes que se pueden realizar  durante el proceso del parto,  evitando la excesiva tecnificación, así como explicar la posibilidad que tienen las mujeres de disfrutar de su parto y de ser las protagonistas en la toma de decisiones. Se siguió un diseño de carácter descriptivo basado en una revisión bibliográfica en diferentes bases datos, limitando los años de  la búsqueda entre el 2000 y 2013, con el análisis de una muestra de los artículos originales publicados. Como conclusión se destaca la posibilidad de disfrutar de un parto digno, íntimo, humanizado y lo más fisiológico posible. Es fundamental que la mujer pueda ser partícipe de la toma de decisiones, sintiéndose protagonista durante todo el proceso del parto.</dc:description>
  <dc:format>pdf</dc:format>
  <dc:language>spa</dc:language>
  <dc:type>info:eu-repo/semantics/bachelorThesis</dc:type>
  <dc:rights>by-nc-sa</dc:rights>
  <dc:rights>http://creativecommons.org/licenses/by-nc-sa/3.0/</dc:rights>
</oai_dc:dc>