<?xml version="1.0" encoding="UTF-8"?><oai_dc:dc xmlns:oai_dc="http://www.openarchives.org/OAI/2.0/oai_dc/" xmlns:dc="http://purl.org/dc/elements/1.1/" xmlns:xsi="http://www.w3.org/2001/XMLSchema-instance" xsi:schemaLocation="http://www.openarchives.org/OAI/2.0/oai_dc/ http://www.openarchives.org/OAI/2.0/oai_dc.xsd">
  <dc:creator>Pérez Preciado, Rubén</dc:creator>
  <dc:creator>Gracia Villa, Luis</dc:creator>
  <dc:title>Diseño y cálculo de una plaza de toros con cubierta, de estructura mixta hormigón-acero</dc:title>
  <dc:identifier>http://zaguan.unizar.es/record/10259</dc:identifier>
  <dc:subject>construcción modular</dc:subject>
  <dc:subject>construcción</dc:subject>
  <dc:subject>estructura metálica</dc:subject>
  <dc:subject>estructura de hormigón</dc:subject>
  <dc:subject>público</dc:subject>
  <dc:subject>hormigón armado</dc:subject>
  <dc:subject>hormigón prefabricado</dc:subject>
  <dc:subject>presupuesto</dc:subject>
  <dc:publisher>Universidad de Zaragoza</dc:publisher>
  <dc:date>2013</dc:date>
  <dc:description>Diseño y cálculo estructural de una Plaza de Toros con cubierta para los graderíos (dejando descubierto el ruedo). El aforo de los graderíos es de 3424 espectadores. Incluye todos los cálculos realizados, tanto de la estructura de Hormigón (normativa EHE), como de la cubierta de Acero (normativa CTE), y los procedimientos seguidos para ello.  Para el cálculo de la estructura de cubierta se ha utilizado el programa IDEAS (pasos seguidos indicados en la memoria).  El diseño se ha hecho siguiendo el Reglamento de Espectáculos Taurinos (Real Decreto 145/96, de 2 de Febrero), además de los anteriormente nombrados. El Proyecto incluye Memoria y Anexos, Pliego de Condiciones, Presupuesto y Planos.</dc:description>
  <dc:format>pdf</dc:format>
  <dc:language>spa</dc:language>
  <dc:type>info:eu-repo/semantics/masterThesis</dc:type>
  <dc:rights>by-nc-sa</dc:rights>
  <dc:rights>http://creativecommons.org/licenses/by-nc-sa/3.0/</dc:rights>
</oai_dc:dc>