<?xml version="1.0" encoding="UTF-8"?><oai_dc:dc xmlns:oai_dc="http://www.openarchives.org/OAI/2.0/oai_dc/" xmlns:dc="http://purl.org/dc/elements/1.1/" xmlns:xsi="http://www.w3.org/2001/XMLSchema-instance" xsi:schemaLocation="http://www.openarchives.org/OAI/2.0/oai_dc/ http://www.openarchives.org/OAI/2.0/oai_dc.xsd">
  <dc:creator>Betrán Cebrián, María</dc:creator>
  <dc:creator>Aibar Lete, Joaquín</dc:creator>
  <dc:title>Control biológico de la araña roja del manzano Panonychus ulmi (Koch) mediante el ácaro fitoseido Amblyseius andersoni (Chant)</dc:title>
  <dc:identifier>http://zaguan.unizar.es/record/10340</dc:identifier>
  <dc:subject>amblyseius</dc:subject>
  <dc:subject>andersoni</dc:subject>
  <dc:subject>biológico</dc:subject>
  <dc:subject>fitoseido</dc:subject>
  <dc:subject>panonychus </dc:subject>
  <dc:subject>ulmi</dc:subject>
  <dc:subject>manzano</dc:subject>
  <dc:subject>araña</dc:subject>
  <dc:subject>calatayud</dc:subject>
  <dc:publisher>Universidad de Zaragoza</dc:publisher>
  <dc:date>2013</dc:date>
  <dc:description>En este trabajo se realiza un ensayo de control biológico de Panonychus ulmi en manzano, mediante la suelta del depredador fitoseido Amblyseius andersoni. El ensayo tiene lugar en una finca de manzano con amplio historial de araña roja situada en Calatayud. Se plantean varias tesis y mediante muestreos semanales en campo y cada quince días mediante muestreos procesados con embudos Berlese, en los que se cuentan el número de arañas y de depredadores, se determinan las condiciones de instalación y desarrollo de los fitoseidos y su influencia en la población de araña roja. Se realiza el análisis estadístico pertinente de los resultados así como un estudio económico de las diferencias de coste entre un tratamiento químico convencional y un tratamiento biológico.</dc:description>
  <dc:format>pdf</dc:format>
  <dc:language>spa</dc:language>
  <dc:type>info:eu-repo/semantics/masterThesis</dc:type>
  <dc:rights>by-nc-sa</dc:rights>
  <dc:rights>http://creativecommons.org/licenses/by-nc-sa/3.0/</dc:rights>
</oai_dc:dc>