<?xml version="1.0" encoding="UTF-8"?><oai_dc:dc xmlns:oai_dc="http://www.openarchives.org/OAI/2.0/oai_dc/" xmlns:dc="http://purl.org/dc/elements/1.1/" xmlns:xsi="http://www.w3.org/2001/XMLSchema-instance" xsi:schemaLocation="http://www.openarchives.org/OAI/2.0/oai_dc/ http://www.openarchives.org/OAI/2.0/oai_dc.xsd">
  <dc:creator>Ruiz-Borau Sanz, Yolanda</dc:creator>
  <dc:creator>Ruidíaz Peña, Mercedes</dc:creator>
  <dc:title>La información en el medio hospitalario</dc:title>
  <dc:identifier>http://zaguan.unizar.es/record/10714</dc:identifier>
  <dc:subject>información </dc:subject>
  <dc:subject>pacientes</dc:subject>
  <dc:publisher>Universidad de Zaragoza</dc:publisher>
  <dc:date>2013</dc:date>
  <dc:description>Durante la estancia hospitalaria el paciente tiene derecho a la información en los términos que establece la ley. Recae sobre médicos y enfermeras la obligación de mantener informado al enfermo de todo aquello concerniente a su salud. Los sanitarios han de aprender a informar, tienen que tomar parte en la información pero no en la decisión -salvo que lo solicite el paciente-. Es, realmente, un ejercicio de fortaleza moral dejar las opiniones personales al margen y ofrecer una información sin sesgos. Los sanitarios han de aprender además a aceptar las decisiones de los enfermos, que tienen derecho a elegir, a no elegir y, lo más complicado de aceptar: derecho a no hacer nada.</dc:description>
  <dc:format>pdf</dc:format>
  <dc:language>spa</dc:language>
  <dc:type>info:eu-repo/semantics/bachelorThesis</dc:type>
  <dc:rights>by-nc-sa</dc:rights>
  <dc:rights>http://creativecommons.org/licenses/by-nc-sa/3.0/</dc:rights>
</oai_dc:dc>