<?xml version="1.0" encoding="UTF-8"?><oai_dc:dc xmlns:oai_dc="http://www.openarchives.org/OAI/2.0/oai_dc/" xmlns:dc="http://purl.org/dc/elements/1.1/" xmlns:xsi="http://www.w3.org/2001/XMLSchema-instance" xsi:schemaLocation="http://www.openarchives.org/OAI/2.0/oai_dc/ http://www.openarchives.org/OAI/2.0/oai_dc.xsd">
  <dc:creator>Echarri Aramburu, Ana</dc:creator>
  <dc:creator>Ayensa Vázquez, José Ángel</dc:creator>
  <dc:title>Cuidados de enfermería al paciente con ventilación mecánica</dc:title>
  <dc:identifier>http://zaguan.unizar.es/record/10709</dc:identifier>
  <dc:subject>ventilación mecánica </dc:subject>
  <dc:subject>plan de cuidados UCI </dc:subject>
  <dc:subject>NANDA</dc:subject>
  <dc:publisher>Universidad de Zaragoza</dc:publisher>
  <dc:date>2013</dc:date>
  <dc:description>El cuidado a los pacientes con ventilación mecánica es una práctica muy común en las unidades de cuidados intensivos. La presencia de calidad en el desarrollo de estos cuidados es fundamental para mejorar el estado de salud de estos pacientes y así evitar complicaciones.  El plan de cuidados realizado sirve de herramienta a los enfermeros que trabajan con este tipo de pacientes, ya que orienta las actividades de enfermería con el fin de  realizar unos cuidados seguros, basados en la evidencia y de máxima calidad.   En este trabajo se utiliza el marco referencial  de los patrones funcionales de Marjory Gordon y  el método e instrumentos de un proceso de atención de enfermería. Todo ello utilizando las taxonomías del lenguaje enfermero  NANDA, NOC Y NIC.</dc:description>
  <dc:format>pdf</dc:format>
  <dc:language>spa</dc:language>
  <dc:type>info:eu-repo/semantics/bachelorThesis</dc:type>
  <dc:rights>by-nc-sa</dc:rights>
  <dc:rights>http://creativecommons.org/licenses/by-nc-sa/3.0/</dc:rights>
</oai_dc:dc>