<?xml version="1.0" encoding="UTF-8"?><oai_dc:dc xmlns:oai_dc="http://www.openarchives.org/OAI/2.0/oai_dc/" xmlns:dc="http://purl.org/dc/elements/1.1/" xmlns:xsi="http://www.w3.org/2001/XMLSchema-instance" xsi:schemaLocation="http://www.openarchives.org/OAI/2.0/oai_dc/ http://www.openarchives.org/OAI/2.0/oai_dc.xsd">
  <dc:creator>Loshuertos Saz, Ester</dc:creator>
  <dc:creator>Garcés Mascareñas, Marina</dc:creator>
  <dc:title>Hacia las pedagogías nómadas</dc:title>
  <dc:identifier>http://zaguan.unizar.es/record/10013</dc:identifier>
  <dc:subject>pedagogías nómadas</dc:subject>
  <dc:publisher>Universidad de Zaragoza</dc:publisher>
  <dc:date>2013</dc:date>
  <dc:description>Las teorías de la postmodernidad ponen en tela de juicio lo que la modernidad venía dando por supuesto y plantean una nueva perspectiva desde la que poder reflexionar sobre la supuesta objetividad y la universalidad  del conocimiento. También ponen de manifiesto que las diferencias y rasgos particulares del contexto social y cultural, dan origen a distintas subjetividades. Como consecuencia de esta nueva visión surge una pedagogía preocupada por los sujetos que de alguna forma la sociedad ha dejado excluidos por distintas razones, una pedagogía interesada en la creación de otras alternativas que sirvan de zonas de identificación y de expresión crítica. Partiendo de la obra de Deleuze y Rosi Braidotti, analizaremos aquellos conceptos y categorías que  nos aportan la comprensión de las llamadas pedagogías nómadas.</dc:description>
  <dc:format>pdf</dc:format>
  <dc:language>spa</dc:language>
  <dc:type>info:eu-repo/semantics/masterThesis</dc:type>
  <dc:rights>by-nc-sa</dc:rights>
  <dc:rights>http://creativecommons.org/licenses/by-nc-sa/3.0/</dc:rights>
</oai_dc:dc>