<?xml version="1.0" encoding="UTF-8"?><oai_dc:dc xmlns:oai_dc="http://www.openarchives.org/OAI/2.0/oai_dc/" xmlns:dc="http://purl.org/dc/elements/1.1/" xmlns:xsi="http://www.w3.org/2001/XMLSchema-instance" xsi:schemaLocation="http://www.openarchives.org/OAI/2.0/oai_dc/ http://www.openarchives.org/OAI/2.0/oai_dc.xsd">
  <dc:creator>González Montero, Cristina</dc:creator>
  <dc:creator>Torres Sánchez, María Reyes</dc:creator>
  <dc:title>Beneficios de las actividades asistidas con perros en ancianos institucionalizados</dc:title>
  <dc:identifier>http://zaguan.unizar.es/record/11005</dc:identifier>
  <dc:subject>ancianos institucionalizados</dc:subject>
  <dc:subject>actividades asistidas con perros</dc:subject>
  <dc:subject>calidad de vida</dc:subject>
  <dc:publisher>Universidad de Zaragoza</dc:publisher>
  <dc:date>2013</dc:date>
  <dc:description>La investigación trata de ver si, a través de las actividades asistidas con perros, existen beneficios sobre los ancianos institucionalizados en aspectos de la calidad de vida tales como: la movilidad, reacciones emocionales y relaciones sociales.</dc:description>
  <dc:format>pdf</dc:format>
  <dc:language>spa</dc:language>
  <dc:type>info:eu-repo/semantics/masterThesis</dc:type>
  <dc:rights>by-nc-sa</dc:rights>
  <dc:rights>http://creativecommons.org/licenses/by-nc-sa/3.0/</dc:rights>
</oai_dc:dc>