<?xml version="1.0" encoding="UTF-8"?><oai_dc:dc xmlns:oai_dc="http://www.openarchives.org/OAI/2.0/oai_dc/" xmlns:dc="http://purl.org/dc/elements/1.1/" xmlns:xsi="http://www.w3.org/2001/XMLSchema-instance" xsi:schemaLocation="http://www.openarchives.org/OAI/2.0/oai_dc/ http://www.openarchives.org/OAI/2.0/oai_dc.xsd">
  <dc:creator>San Emeterio Marzo, Laura</dc:creator>
  <dc:creator>Cebrián Guajardo, Ana Carmen</dc:creator>
  <dc:title>Intervención fisioterápica ante un caso de linfedema postmastectomía</dc:title>
  <dc:identifier>http://zaguan.unizar.es/record/10733</dc:identifier>
  <dc:subject>linfedema</dc:subject>
  <dc:subject>cáncer de mama</dc:subject>
  <dc:subject>fisioterapia</dc:subject>
  <dc:subject>terapia física descongestiva</dc:subject>
  <dc:publisher>Universidad de Zaragoza</dc:publisher>
  <dc:date>2013</dc:date>
  <dc:description>El linfedema es un proceso crónico que surge con frecuencia en el tratamiento postoperatorio de cáncer de mama. En este caso clínico se describe la labor fisioterápica ante una paciente con linfedema postmastectomía en su miembro superior derecho. Tras la aplicación del tratamiento se constatan los logros obtenidos tanto en la disminución volumétrica de su extremidad como en la mejora de su calidad de vida y la disminución de discapacidad funcional.</dc:description>
  <dc:format>pdf</dc:format>
  <dc:language>spa</dc:language>
  <dc:type>info:eu-repo/semantics/bachelorThesis</dc:type>
  <dc:rights>by-nc-sa</dc:rights>
  <dc:rights>http://creativecommons.org/licenses/by-nc-sa/3.0/</dc:rights>
</oai_dc:dc>