<?xml version="1.0" encoding="UTF-8"?><oai_dc:dc xmlns:oai_dc="http://www.openarchives.org/OAI/2.0/oai_dc/" xmlns:dc="http://purl.org/dc/elements/1.1/" xmlns:xsi="http://www.w3.org/2001/XMLSchema-instance" xsi:schemaLocation="http://www.openarchives.org/OAI/2.0/oai_dc/ http://www.openarchives.org/OAI/2.0/oai_dc.xsd">
  <dc:creator>Rodríguez Mata, Silvia</dc:creator>
  <dc:creator>Villas Palau, Ana Blanca</dc:creator>
  <dc:creator>Marcos Marín, Beatriz</dc:creator>
  <dc:title>Representaciones y Vivencias sobre la Violencia de Género en Estudiantes de Ingenierías y Arquitectura de la Universidad de Zaragoza</dc:title>
  <dc:identifier>http://zaguan.unizar.es/record/11073</dc:identifier>
  <dc:subject>violencia de género</dc:subject>
  <dc:publisher>Universidad de Zaragoza</dc:publisher>
  <dc:date>2013</dc:date>
  <dc:description>Representaciones y vivencias que tienen los jóvenes universitarios de la Escuela de Ingeniería y Arquitectura sobre la violencia de género y sus costos subjetivos</dc:description>
  <dc:format>pdf</dc:format>
  <dc:language>spa</dc:language>
  <dc:type>info:eu-repo/semantics/bachelorThesis</dc:type>
  <dc:rights>by-nc-sa</dc:rights>
  <dc:rights>http://creativecommons.org/licenses/by-nc-sa/3.0/</dc:rights>
</oai_dc:dc>