<?xml version="1.0" encoding="UTF-8"?><oai_dc:dc xmlns:oai_dc="http://www.openarchives.org/OAI/2.0/oai_dc/" xmlns:dc="http://purl.org/dc/elements/1.1/" xmlns:xsi="http://www.w3.org/2001/XMLSchema-instance" xsi:schemaLocation="http://www.openarchives.org/OAI/2.0/oai_dc/ http://www.openarchives.org/OAI/2.0/oai_dc.xsd">
  <dc:creator>Sánchez Gómez, Sergio</dc:creator>
  <dc:creator>Lentzen, Sven </dc:creator>
  <dc:title>Desarrollo e implementación de una librería orientada a objeto para problemas multifísicos</dc:title>
  <dc:identifier>http://zaguan.unizar.es/record/10151</dc:identifier>
  <dc:subject>método de elementos finitos</dc:subject>
  <dc:publisher>Universidad de Zaragoza</dc:publisher>
  <dc:date>2013</dc:date>
  <dc:description>Actualmente ningún software cumple por completo con las exigencias computacionales requeridas en la ingeniería, exigencias que se han ido generando a lo largo de los a˜nos debido a la multidisciplinidad de los proyectos, donde la computación numérica juega un papel muy importante. En la acutalidad debido a esta multidisciplinalidad en los proyectos es inevitable utilizar diferentes softwares comerciales para analizar por completo un problema. Esta es una situación indeseada ya sea por costes, licencias, tiempo de espera etc... Por este motivo un nuevo entorno de trabajo se esta desarrollando desde hace 3 años y medio en TNO. Este nuevo entorno de trabajo se llama UIL, en este nuevo software diferentes tipos de modelos y procedimientos se pueden acoplar perfectamente. El objetivo de este proyecto es implementar una librería para tratar diferentes modelos usando el método de los elementos finitos con mallados no coincidentes, con el objetivo de conseguir el entendimiento entre ellos. El proyecto consiste en la elecci´on de un metodo idóneo para realizar el acoplamiento entre objetos, respetando la filosofia ya crada del entorono, así como la implementación y validación del mismo.</dc:description>
  <dc:format>pdf</dc:format>
  <dc:language>spa</dc:language>
  <dc:type>info:eu-repo/semantics/masterThesis</dc:type>
  <dc:rights>by-nc-sa</dc:rights>
  <dc:rights>http://creativecommons.org/licenses/by-nc-sa/3.0/</dc:rights>
</oai_dc:dc>