<?xml version="1.0" encoding="UTF-8"?><oai_dc:dc xmlns:oai_dc="http://www.openarchives.org/OAI/2.0/oai_dc/" xmlns:dc="http://purl.org/dc/elements/1.1/" xmlns:xsi="http://www.w3.org/2001/XMLSchema-instance" xsi:schemaLocation="http://www.openarchives.org/OAI/2.0/oai_dc/ http://www.openarchives.org/OAI/2.0/oai_dc.xsd">
  <dc:creator>Ramírez Comet, Paula</dc:creator>
  <dc:creator>Morte García, Carmen</dc:creator>
  <dc:title>El Renacer del Patrimonio</dc:title>
  <dc:identifier>http://zaguan.unizar.es/record/10212</dc:identifier>
  <dc:subject>Contrebia Belaisca</dc:subject>
  <dc:subject>La Cabañeta</dc:subject>
  <dc:subject>Presa Romana de Muel</dc:subject>
  <dc:publisher>Universidad de Zaragoza</dc:publisher>
  <dc:date>2013</dc:date>
  <dc:description>Este proyecto consiste en la investigación y en la puesta en valor de tres yacimientos arqueológicos, tales como Contrebia Belaisca, La Cabañeta y la Presa Romana de Muel. Se ha realizado debido al poco conocimiento e importancia dada a dichos bienes inmuebles. Se realizará una buena gestión complementándose de una gran difusión que se llevarán a cabo mediante diferentes procesos. De esta manera se fomentará el turismo rural  de la provincia, además se trata de una ruta accesible y cercana a la ciudad de Zaragoza, por tanto se completaría la visita a  la capital, con la de estos pueblos citados. Se  ha realizado una investigación de cada uno de ellos, de su historia, y de los restos encontrados. En Botorrita, se hizo un gran hallazgo con el yacimiento de Contrebia Belaisca, como en El Burgo de Ebro y su yacimiento de La Cabañeta, así como en Muel y su presa romana y la necrópolis que contiene. Todos ellos aguardan con restos arqueológicos de civilizaciones íberas o romanas, las cuales debemos de mantener y conservar, para que tanto las presentes como las futuras generaciones, puedan informarse de hechos acontecidos en épocas pasadas. Con una buena gestión del proyecto se conseguirá además de la conservación del territorio, ampliar la educación de los visitantes a nivel cultural y sensibilizarlos con el entorno natural y los bienes patrimoniales. De esta manera podrían volver a resurgir las localidades que se beneficiarían a nivel cultural y económico.</dc:description>
  <dc:format>pdf</dc:format>
  <dc:language>spa</dc:language>
  <dc:type>info:eu-repo/semantics/masterThesis</dc:type>
  <dc:rights>by-nc-sa</dc:rights>
  <dc:rights>http://creativecommons.org/licenses/by-nc-sa/3.0/</dc:rights>
</oai_dc:dc>