<?xml version="1.0" encoding="UTF-8"?><oai_dc:dc xmlns:oai_dc="http://www.openarchives.org/OAI/2.0/oai_dc/" xmlns:dc="http://purl.org/dc/elements/1.1/" xmlns:xsi="http://www.w3.org/2001/XMLSchema-instance" xsi:schemaLocation="http://www.openarchives.org/OAI/2.0/oai_dc/ http://www.openarchives.org/OAI/2.0/oai_dc.xsd">
  <dc:creator>Ipas Lagraba, Raquel</dc:creator>
  <dc:creator>Fernández del Río, Elena</dc:creator>
  <dc:title>Ictus cerebral: análisis de las necesidades de los afectados y sus familiares tras el alta hospitalaria</dc:title>
  <dc:identifier>http://zaguan.unizar.es/record/11036</dc:identifier>
  <dc:publisher>Universidad de Zaragoza</dc:publisher>
  <dc:date>2013</dc:date>
  <dc:description>El ictus es una de las principales causas de muerte en nuestra sociedad, afectando cada año a unas 125.000 personas en España; es la principal causa de incapacidad grave y de larga duración y la segunda de demencia. El primer objetivo del presente trabajo es conocer cuáles son las necesidades de este colectivo tras el alta hospitalaria. Una vez detectadas dichas necesidades, el segundo objetivo es realizar un análisis de los recursos disponibles (a nivel público y privado) en Zaragoza, y evaluar en qué medida estas quedan cubiertas, así como detectar aquellas necesidades que quedan sin cubrir.</dc:description>
  <dc:format>pdf</dc:format>
  <dc:language>spa</dc:language>
  <dc:type>info:eu-repo/semantics/bachelorThesis</dc:type>
  <dc:rights>by-nc-sa</dc:rights>
  <dc:rights>http://creativecommons.org/licenses/by-nc-sa/3.0/</dc:rights>
</oai_dc:dc>