<?xml version="1.0" encoding="UTF-8"?><oai_dc:dc xmlns:oai_dc="http://www.openarchives.org/OAI/2.0/oai_dc/" xmlns:dc="http://purl.org/dc/elements/1.1/" xmlns:xsi="http://www.w3.org/2001/XMLSchema-instance" xsi:schemaLocation="http://www.openarchives.org/OAI/2.0/oai_dc/ http://www.openarchives.org/OAI/2.0/oai_dc.xsd">
  <dc:creator>Antón Martín, Inés</dc:creator>
  <dc:creator>Castañer Aparicio, Miguel Ángel</dc:creator>
  <dc:creator>Rocha Esaá, María Soledad</dc:creator>
  <dc:title>Conflicto de conciliación entre vida personal y la vida laboral en las pymes de Aragón</dc:title>
  <dc:identifier>http://zaguan.unizar.es/record/11044</dc:identifier>
  <dc:subject>conciliación</dc:subject>
  <dc:subject>conciliación de la vida familiar y laboral</dc:subject>
  <dc:subject>conflicto </dc:subject>
  <dc:subject>pymes</dc:subject>
  <dc:publisher>Universidad de Zaragoza</dc:publisher>
  <dc:date>2013</dc:date>
  <dc:description>El presente trabajo trata el conflicto por falta de conciliación entre vida personal y laboral en las pymes de Aragón. Primero se expone la investigación teórica sobre el conflicto y más concretamente la conciliación y tras la investigación a través de entrevistas a hombres y mujeres entre 25 y 40 años trabajadores por cuenta ajena para pymes en Aragón se exponen los datos y su análisis para terminar con unas conclusiones sobre el tema a las que llegamos tras toda la investigación.</dc:description>
  <dc:format>pdf</dc:format>
  <dc:language>spa</dc:language>
  <dc:type>info:eu-repo/semantics/bachelorThesis</dc:type>
  <dc:rights>by-nc-sa</dc:rights>
  <dc:rights>http://creativecommons.org/licenses/by-nc-sa/3.0/</dc:rights>
</oai_dc:dc>