<?xml version="1.0" encoding="UTF-8"?><oai_dc:dc xmlns:oai_dc="http://www.openarchives.org/OAI/2.0/oai_dc/" xmlns:dc="http://purl.org/dc/elements/1.1/" xmlns:xsi="http://www.w3.org/2001/XMLSchema-instance" xsi:schemaLocation="http://www.openarchives.org/OAI/2.0/oai_dc/ http://www.openarchives.org/OAI/2.0/oai_dc.xsd">
  <dc:creator>Estella Pozo, José María</dc:creator>
  <dc:creator>Ibarz Montaner, Elena</dc:creator>
  <dc:title>Cálculo de zapatas de grandes dimensiones para aerogeneradores</dc:title>
  <dc:identifier>http://zaguan.unizar.es/record/10170</dc:identifier>
  <dc:subject>zapatas aerogenerador</dc:subject>
  <dc:publisher>Universidad de Zaragoza</dc:publisher>
  <dc:date>2013</dc:date>
  <dc:description>En el  presente proyecto se ha realizado un estudio comparativo de zapatas flexibles cuadradas y circulares para la cimentación de aerogeneradores de grandes dimensiones. Estas zapatas han sido modelizadas mediante el programa NX I-DEAS, en el que el suelo está simulado mediante el método del coeficiente de balasto, esto es, aproximar el comportamiento del suelo mediante muelles. La zapata de hormigón ha sido creada por elementos finitos. Una vez diseñados los modelos, se han lanzado los cálculos en ABAQUS, donde se realiza un cálculo iterativo para la obtención de una solución convergente. Con los datos de ABAQUS se ha hecho un estudio de las reacciones y los esfuerzos internos de la zapata para el cálculo de elementos de refuerzo y las principales comprobaciones ante los efectos de punzonamiento y cortadura. De esta manera, se sabe si se necesitan elementos secundarios con los que reforzar la armadura principal. Como conclusión puede observarse que el comportamiento de las zapatas circulares reporta grandes beneficios en cuanto a reparto de tensiones en el terreno, esfuerzos internos y armado de la zapata comparadas con las cuadradas.</dc:description>
  <dc:format>pdf</dc:format>
  <dc:language>spa</dc:language>
  <dc:type>info:eu-repo/semantics/masterThesis</dc:type>
  <dc:rights>by-nc-sa</dc:rights>
  <dc:rights>http://creativecommons.org/licenses/by-nc-sa/3.0/</dc:rights>
</oai_dc:dc>