<?xml version="1.0" encoding="UTF-8"?><oai_dc:dc xmlns:oai_dc="http://www.openarchives.org/OAI/2.0/oai_dc/" xmlns:dc="http://purl.org/dc/elements/1.1/" xmlns:xsi="http://www.w3.org/2001/XMLSchema-instance" xsi:schemaLocation="http://www.openarchives.org/OAI/2.0/oai_dc/ http://www.openarchives.org/OAI/2.0/oai_dc.xsd">
  <dc:creator>García Ovejas, Elías</dc:creator>
  <dc:creator>Marcén Román, Yolanda</dc:creator>
  <dc:title>Intervención fisioterápica en un niño prematuro con hemorragia intraventricular e hipertonía</dc:title>
  <dc:identifier>http://zaguan.unizar.es/record/10875</dc:identifier>
  <dc:subject>hipertonía infantil</dc:subject>
  <dc:subject>recién nacido pretérmino</dc:subject>
  <dc:subject>niño prematuro</dc:subject>
  <dc:subject>hemorragia intraventricular</dc:subject>
  <dc:publisher>Universidad de Zaragoza</dc:publisher>
  <dc:date>2013</dc:date>
  <dc:description>Un niño es considerado prematuro cuando nace entre las 20 y las 37 semanas de gestación, o cuando su peso al nacimiento es inferior a los 2.500 g. Los cambios en el tono muscular (hipo- o hipertonía) y los trastornos del desarrollo psicomotor son dos de las causas más importantes por las que el niño prematuro acude al servicio de fisioterapia. Entre el 15 – 20% de los nacidos vivos antes de las 32 semanas de gestación o con un peso inferior a 1500 gramos presentan alteraciones del desarrollo a los dos años de edad corregida (EC) y un 10 – 13% presentan parálisis cerebral. El número de pacientes con trastornos leves del desarrollo asciende hasta un 50%. Este trabajo consiste en el análisis y desarrollo de un tratamiento de fisioterapia de un niño prematuro con hemorragia intraventricular (HIV) e hipertonía. El objetivo general del tratamiento es restablecer el tono muscular normal del niño y ayudar al seguimiento de su desarrollo psicomotor correcto. El tratamiento se ha desarrollado según las técnicas más habituales de la bibliografía existente.  Se describirá en este trabajo fin de grado el tratamiento de fisioterapia realizado, con una frecuencia de dos/tres sesiones semanales durante ocho meses, las técnicas empleadas y la justificación del uso de las mismas. Así mismo, se expondrán los resultados obtenidos en la valoración del tono muscular y el desarrollo psicomotor de manera previa y posterior al tratamiento.</dc:description>
  <dc:format>pdf</dc:format>
  <dc:language>spa</dc:language>
  <dc:type>info:eu-repo/semantics/bachelorThesis</dc:type>
  <dc:rights>by-nc-sa</dc:rights>
  <dc:rights>http://creativecommons.org/licenses/by-nc-sa/3.0/</dc:rights>
</oai_dc:dc>