<?xml version="1.0" encoding="UTF-8"?><oai_dc:dc xmlns:oai_dc="http://www.openarchives.org/OAI/2.0/oai_dc/" xmlns:dc="http://purl.org/dc/elements/1.1/" xmlns:xsi="http://www.w3.org/2001/XMLSchema-instance" xsi:schemaLocation="http://www.openarchives.org/OAI/2.0/oai_dc/ http://www.openarchives.org/OAI/2.0/oai_dc.xsd">
  <dc:creator>Mateo Meléndez, Miguel</dc:creator>
  <dc:creator>Castejón Herrer, Luis</dc:creator>
  <dc:creator>Valladares Hernando, David</dc:creator>
  <dc:title>Optimización topológica de los largueros del bastidor de un semirremolque de tipo bañera</dc:title>
  <dc:identifier>http://zaguan.unizar.es/record/10107</dc:identifier>
  <dc:subject>vehículo</dc:subject>
  <dc:subject>semirremolque</dc:subject>
  <dc:subject>bastidor</dc:subject>
  <dc:subject>elementos finitos</dc:subject>
  <dc:subject>optimización</dc:subject>
  <dc:subject>masa</dc:subject>
  <dc:subject>espesor</dc:subject>
  <dc:subject>largueros</dc:subject>
  <dc:subject>resistencia</dc:subject>
  <dc:subject>rigidez</dc:subject>
  <dc:subject>acero</dc:subject>
  <dc:publisher>Universidad de Zaragoza</dc:publisher>
  <dc:date>2013</dc:date>
  <dc:description>Este proyecto trata sobre la optimización topológica de los largueros de un bastidor de un semirremolque del tipo bañera. Esta optimización consistirá en un estudio sobre que espesor es el idóneo para cada una de las partes de los largueros del bastidor, las cuales son: ala inferior, ala superior y alma. Para conseguir una mejor calidad y exactitud en los resultados se dividirán las partes de los largueros en tramos de 500 mm, y se darán diferentes valores de espesor a cada tramo según los resultados del estudio de optimización. El objetivo de este proyecto es, como ya se ha comentado, conseguir un diseño óptimo de los largueros en cuanto al espesor de cada uno de los tramos se refiere, atendiendo a una serie de variables de rigidez y resistencia tales como tensiones, desplazamientos, coeficientes de seguridad, etc. Con este análisis se pretende minimizar la masa del bastidor manteniendo (disminuyendo ó aumentando ligeramente en algunos casos) todas estas variables dentro de unos límites previamente establecidos. Para realizar este estudio se utilizarán algunas herramientas informáticas tanto de elementos finitos como de optimización.</dc:description>
  <dc:format>pdf</dc:format>
  <dc:language>spa</dc:language>
  <dc:type>info:eu-repo/semantics/masterThesis</dc:type>
  <dc:rights>by-nc-sa</dc:rights>
  <dc:rights>http://creativecommons.org/licenses/by-nc-sa/3.0/</dc:rights>
</oai_dc:dc>