<?xml version="1.0" encoding="UTF-8"?><oai_dc:dc xmlns:oai_dc="http://www.openarchives.org/OAI/2.0/oai_dc/" xmlns:dc="http://purl.org/dc/elements/1.1/" xmlns:xsi="http://www.w3.org/2001/XMLSchema-instance" xsi:schemaLocation="http://www.openarchives.org/OAI/2.0/oai_dc/ http://www.openarchives.org/OAI/2.0/oai_dc.xsd">
  <dc:creator>Monserrat Hernández, Fernando</dc:creator>
  <dc:creator>Turégano Romero, José Antonio</dc:creator>
  <dc:title>Análisis CFD del efecto cañón en Eco-Ciudad Valdespartera, su atenuación y efectos en las características de ventilación interna de viviendas según su ubicación y orientación en los edificios</dc:title>
  <dc:identifier>http://zaguan.unizar.es/record/10005</dc:identifier>
  <dc:subject>cfd</dc:subject>
  <dc:subject>valdespartera</dc:subject>
  <dc:subject>viento</dc:subject>
  <dc:subject>ventilación</dc:subject>
  <dc:subject>design builder</dc:subject>
  <dc:publisher>Universidad de Zaragoza</dc:publisher>
  <dc:date>2013</dc:date>
  <dc:description>El presente proyecto pretende evaluar con una herramienta informática de cálculo y simulación para CFD (Design Builder), si la disposición en la que se encuentran actualmente los edificios del barrio de Valdespartera en Zaragoza es beneficiosa para la ventilación y si existiera alguna mejora tecnológica que pudiera aplicarse a dichos edificios.</dc:description>
  <dc:format>pdf</dc:format>
  <dc:language>spa</dc:language>
  <dc:type>info:eu-repo/semantics/masterThesis</dc:type>
  <dc:rights>by-nc-sa</dc:rights>
  <dc:rights>http://creativecommons.org/licenses/by-nc-sa/3.0/</dc:rights>
</oai_dc:dc>