<?xml version="1.0" encoding="UTF-8"?><oai_dc:dc xmlns:oai_dc="http://www.openarchives.org/OAI/2.0/oai_dc/" xmlns:dc="http://purl.org/dc/elements/1.1/" xmlns:xsi="http://www.w3.org/2001/XMLSchema-instance" xsi:schemaLocation="http://www.openarchives.org/OAI/2.0/oai_dc/ http://www.openarchives.org/OAI/2.0/oai_dc.xsd">
  <dc:creator>Barrio Huarte, Adriana</dc:creator>
  <dc:creator>Herranz Bercedo, Félix</dc:creator>
  <dc:title>Efecto de un programa de entrenamiento neuromuscular en la prevención de lesiones del miembro inferior en baloncesto de formación</dc:title>
  <dc:identifier>http://zaguan.unizar.es/record/10915</dc:identifier>
  <dc:publisher>Universidad de Zaragoza</dc:publisher>
  <dc:date>2013</dc:date>
  <dc:description>Introducción: Escasa evidencia científica determina la epidemiología y prevención de lesiones en edades de formación en baloncesto. Objetivos: Demostrar la eficacia de un programa de prevención específico para lesiones de miembros inferiores en el baloncesto en jóvenes entre 9-18 años. Metodología: Estudio de casos-control. 154 sujetos fueron asignados aleatoriamente por conglomerados al grupo control e intervención. Los equipos asignados al grupo de intervención realizaron un programa de ejercicios de 16 semanas centrado en estiramientos, propiocepción y coordinación. Los equipos del grupo control continuaron con su actividad habitual. Análisis estadístico con Microsoft Excel y R Comamander (versión 2.14.2). Desarrollo: La incidencia de lesiones del miembro inferior en general fue significativamente inferior para los sujetos del grupo intervención (P-valor=0,011), también lo fue para los esguinces de tobillo (P-valor=0,035) y las lesiones de rodilla (P-valor=0,029). Conclusiones: Un programa de prevención basado en estiramientos, trabajo propioceptivo y coordinación reduce significativamente el riesgo de sufrir lesiones del miembro inferior en jugadores de baloncesto entre 9 y 18 años.</dc:description>
  <dc:format>pdf</dc:format>
  <dc:language>spa</dc:language>
  <dc:type>info:eu-repo/semantics/bachelorThesis</dc:type>
  <dc:rights>by-nc-sa</dc:rights>
  <dc:rights>http://creativecommons.org/licenses/by-nc-sa/3.0/</dc:rights>
</oai_dc:dc>