<?xml version="1.0" encoding="UTF-8"?><oai_dc:dc xmlns:oai_dc="http://www.openarchives.org/OAI/2.0/oai_dc/" xmlns:dc="http://purl.org/dc/elements/1.1/" xmlns:xsi="http://www.w3.org/2001/XMLSchema-instance" xsi:schemaLocation="http://www.openarchives.org/OAI/2.0/oai_dc/ http://www.openarchives.org/OAI/2.0/oai_dc.xsd">
  <dc:creator>Salazar Calurano, Alberto</dc:creator>
  <dc:creator>Ibáñez Carabantes, Pedro</dc:creator>
  <dc:title>Instalación en baja tensión de Opera Club</dc:title>
  <dc:identifier>http://zaguan.unizar.es/record/10629</dc:identifier>
  <dc:subject>Baja tensión</dc:subject>
  <dc:subject>Opera</dc:subject>
  <dc:publisher>Universidad de Zaragoza</dc:publisher>
  <dc:date>2013</dc:date>
  <dc:description>El proyecto consiste en la instalación en baja tensión del local Opera Club, situado en la Calle Azoque 64. Está compuesto por memoria, planos, pliego de condiciones y presupuesto.</dc:description>
  <dc:format>pdf</dc:format>
  <dc:language>spa</dc:language>
  <dc:type>info:eu-repo/semantics/masterThesis</dc:type>
  <dc:rights>by-nc-sa</dc:rights>
  <dc:rights>http://creativecommons.org/licenses/by-nc-sa/3.0/</dc:rights>
</oai_dc:dc>