<?xml version="1.0" encoding="UTF-8"?><oai_dc:dc xmlns:oai_dc="http://www.openarchives.org/OAI/2.0/oai_dc/" xmlns:dc="http://purl.org/dc/elements/1.1/" xmlns:xsi="http://www.w3.org/2001/XMLSchema-instance" xsi:schemaLocation="http://www.openarchives.org/OAI/2.0/oai_dc/ http://www.openarchives.org/OAI/2.0/oai_dc.xsd">
  <dc:creator>Aznar Vázquez, Irene</dc:creator>
  <dc:creator>Labay Matías, Miguel Víctor</dc:creator>
  <dc:title>¿En la guardería o en casa? Relación entre escolarización temprana  y enfermedad infecciosa aguda en niños menores de 3 años en el sector de Teruel rural</dc:title>
  <dc:identifier>http://zaguan.unizar.es/record/10561</dc:identifier>
  <dc:subject>guardería</dc:subject>
  <dc:subject>infecciones agudas</dc:subject>
  <dc:subject>lactancia materna</dc:subject>
  <dc:subject>atopia</dc:subject>
  <dc:subject>escolarización temprana</dc:subject>
  <dc:publisher>Universidad de Zaragoza</dc:publisher>
  <dc:date>2013</dc:date>
  <dc:description>La asistencia a la guardería es un tema controvertido, ya que diversos estudios han documentado que la escolarización de niños de muy corta edad aumenta los episodios infecciosos agudos respecto de los niños que reciben cuidado en el entorno familiar. El objetivo de este estudio es evaluar si existe relación entre la escolarización temprana y el padecimiento de enfermedades infecciosas agudas en una población rural. Se ha seleccionado una muestra de 101 niños menores de 3 años pertenecientes a 4 consultas de atención primaria en el medio rural y se han comparado la media de procesos infecciosos entre los niños escolarizados y no escolarizados, observando si los datos estaban influidos por un factor de protección frente infecciones respiratorias (lactancia materna) o un factor de predisposición (atopia). El 17,8% de los niños están escolarizados antes de los 3 años. Los escolarizados presentaron una media de episodios infecciosos significativamente superior a los no escolarizados, no viéndose influida ni por el factor de protección (lactancia materna), ni el de predisposición (historia familiar y/o personal de atopia). En conclusión, ante la solicitud de consejo por parte de los padres, la enfermera debe responder informando sobre el aumento de morbilidad infecciosa que el niño previsiblemente puede desarrollar  como consecuencia de la escolarización, a la vez que se debe respetar la decisión que tomen al respecto.</dc:description>
  <dc:format>pdf</dc:format>
  <dc:language>spa</dc:language>
  <dc:type>info:eu-repo/semantics/bachelorThesis</dc:type>
  <dc:rights>by-nc-sa</dc:rights>
  <dc:rights>http://creativecommons.org/licenses/by-nc-sa/3.0/</dc:rights>
</oai_dc:dc>