<?xml version="1.0" encoding="UTF-8"?><oai_dc:dc xmlns:oai_dc="http://www.openarchives.org/OAI/2.0/oai_dc/" xmlns:dc="http://purl.org/dc/elements/1.1/" xmlns:xsi="http://www.w3.org/2001/XMLSchema-instance" xsi:schemaLocation="http://www.openarchives.org/OAI/2.0/oai_dc/ http://www.openarchives.org/OAI/2.0/oai_dc.xsd">
  <dc:creator>Maurel Bestué, Verónica</dc:creator>
  <dc:creator>Lacalzada de Mateo, María José</dc:creator>
  <dc:title>Aportaciones del voluntariado al Bienestar Psicosocial de las personas. Propuestas para la Intervención con afectados y familiares de Alzheimer</dc:title>
  <dc:identifier>http://zaguan.unizar.es/record/11043</dc:identifier>
  <dc:publisher>Universidad de Zaragoza</dc:publisher>
  <dc:date>2013</dc:date>
  <dc:description>A través de este Informe de Investigación se analiza el perfil de los voluntarios existentes y las actividades realizadas por los mismos dentro de la Asociación de Familiares de Enfermos De Alzheimer de Barbastro (AFEDAB) ubicada esta misma dentro del Ámbito de la Salud, con el objetivo final de conseguir el Bienestar Psicosocial de los individuos.  Se valoran las actividades realizadas y los logros que se han obtenido hasta la fecha. Teniendo en cuenta esto, vamos más allá y abrimos un amplio abanico de posibilidades con el fin de mejorar las mismas (planteamiento o realización de Proyectos de Mejora). Asimismo, se realiza de una manera paralela-transversal, una breve comparativa entre la Asociación con sede en Barbastro (núcleo rural) y la Asociación ubicada en Zaragoza (núcleo urbano). A lo largo del presente trabajo se realiza una relación entre el Bienestar Psicosocial (tanto de los enfermos, como de los familiares que rodean al enfermo) de la Asociación de Familiares Enfermos De Alzheimer de Barbastro y cómo y de qué manera los voluntarios de mencionada Asociación contribuyen o fomentan el mismo.</dc:description>
  <dc:format>pdf</dc:format>
  <dc:language>spa</dc:language>
  <dc:type>info:eu-repo/semantics/bachelorThesis</dc:type>
  <dc:rights>by-nc-sa</dc:rights>
  <dc:rights>http://creativecommons.org/licenses/by-nc-sa/3.0/</dc:rights>
</oai_dc:dc>