<?xml version="1.0" encoding="UTF-8"?><oai_dc:dc xmlns:oai_dc="http://www.openarchives.org/OAI/2.0/oai_dc/" xmlns:dc="http://purl.org/dc/elements/1.1/" xmlns:xsi="http://www.w3.org/2001/XMLSchema-instance" xsi:schemaLocation="http://www.openarchives.org/OAI/2.0/oai_dc/ http://www.openarchives.org/OAI/2.0/oai_dc.xsd">
  <dc:creator>Hernando Pérez, Eva</dc:creator>
  <dc:creator>Herranz Bercedo, Félix</dc:creator>
  <dc:creator>García Díez, Enrique</dc:creator>
  <dc:title>Plan de intervención de fisioterapia en un paciente con enfermedad motriz cerebral forma tetraparesia espástica</dc:title>
  <dc:identifier>http://zaguan.unizar.es/record/10810</dc:identifier>
  <dc:subject>enfermedad motriz cerebral</dc:subject>
  <dc:publisher>Universidad de Zaragoza</dc:publisher>
  <dc:date>2013</dc:date>
  <dc:description>La enfermedad motriz cerebral es un trastorno que condiciona una limitación en la actividad, secundario a una agresión no progresiva, a un cerebro inmaduro. Puesto que estamos ante una patología crónica, con déficits neuromotrices de carácter persistente, se va a llevar a cabo un plan de intervención de fisioterapia en el que se van a conjugar diferentes técnicas para mejorar las áreas neuromotrices afectadas.</dc:description>
  <dc:format>pdf</dc:format>
  <dc:language>spa</dc:language>
  <dc:type>info:eu-repo/semantics/bachelorThesis</dc:type>
  <dc:rights>by-nc-sa</dc:rights>
  <dc:rights>http://creativecommons.org/licenses/by-nc-sa/3.0/</dc:rights>
</oai_dc:dc>