<?xml version="1.0" encoding="UTF-8"?><oai_dc:dc xmlns:oai_dc="http://www.openarchives.org/OAI/2.0/oai_dc/" xmlns:dc="http://purl.org/dc/elements/1.1/" xmlns:xsi="http://www.w3.org/2001/XMLSchema-instance" xsi:schemaLocation="http://www.openarchives.org/OAI/2.0/oai_dc/ http://www.openarchives.org/OAI/2.0/oai_dc.xsd">
  <dc:creator>Milán López, Josune</dc:creator>
  <dc:creator>Estébanez de Miguel, Elena</dc:creator>
  <dc:title>Plan de intervención precoz en fisioterapia tras prótesis total de rodilla</dc:title>
  <dc:identifier>http://zaguan.unizar.es/record/10932</dc:identifier>
  <dc:subject>prótesis de rodilla</dc:subject>
  <dc:publisher>Universidad de Zaragoza</dc:publisher>
  <dc:date>2013</dc:date>
  <dc:description>Se presenta un caso clínico de una mujer de 69 años intervenida quirúrgicamente de prótesis de rodilla debido a la gonartrosis. La paciente presenta dolor, limitación del movimiento y disminución de fuerza e incapacidad funcional. Se aplica el tratamiento de cerca de dos meses de duración, en el que se realizan 21 sesiones y que consta de medidas analgésicas, cinesiterapia activa, reeducación de la marcha y terapia manual.</dc:description>
  <dc:format>pdf</dc:format>
  <dc:language>spa</dc:language>
  <dc:type>info:eu-repo/semantics/bachelorThesis</dc:type>
  <dc:rights>by-nc-sa</dc:rights>
  <dc:rights>http://creativecommons.org/licenses/by-nc-sa/3.0/</dc:rights>
</oai_dc:dc>