<?xml version="1.0" encoding="UTF-8"?><oai_dc:dc xmlns:oai_dc="http://www.openarchives.org/OAI/2.0/oai_dc/" xmlns:dc="http://purl.org/dc/elements/1.1/" xmlns:xsi="http://www.w3.org/2001/XMLSchema-instance" xsi:schemaLocation="http://www.openarchives.org/OAI/2.0/oai_dc/ http://www.openarchives.org/OAI/2.0/oai_dc.xsd">
  <dc:creator>Sánchez Monreal, Marta</dc:creator>
  <dc:creator>Gómez Soria, Isabel</dc:creator>
  <dc:title>Ansiedad y depresión en la vejez</dc:title>
  <dc:identifier>http://zaguan.unizar.es/record/10958</dc:identifier>
  <dc:subject>ansiedad</dc:subject>
  <dc:subject>depresión geriátrica</dc:subject>
  <dc:publisher>Universidad de Zaragoza</dc:publisher>
  <dc:date>2013</dc:date>
  <dc:description>España sigue su proceso de envejecimiento. El número de personas de 85 y más años por cada 100 de 45 a 65 años ha ido aumentando progresivamente en los últimos años y se estima que seguirá haciéndolo, la proporción de octogenarios ahora representa el 5,3% de toda la población. El sexo predominante en la vejez es el femenino. Con la edad aumenta notablemente la viudez y la probabilidad de vivir en soledad (1). V.T.B es una usuaria del centro de día de Brea de Aragón que presenta unos valores altos en la escala de ansiedad de GOLBERG y la escala geriátrica de la depresión de YESAVAGE. Los objetivos principales del tratamiento son mejorar la calidad de vida de la usuaria y mejorar su autoestima. Para establecer el tratamiento me he basado en una serie de escalas de valoración: MEC DE LOBO,  SET-TEST DE ISAACS, la escala de LAWTON, el índice de BARTHEL, la escala de ansiedad de GOLBERG abreviada, la escala geriátrica de YESAVAGE abreviada y  el MODELO DE OCUPACIÓN HUMANA. Ha habido varias evaluaciones de seguimiento durante 3 años. Con el tratamiento se han conseguido prácticamente todos los objetivos y la satisfacción de la usuaria. Y por último, se ha demostrado que la persistencia de los síntomas depresivos elevados en personas de edad avanzada se asocia con una fuerte trayectoria de empeoramiento de la discapacidad funcional (20) y que las emociones positivas pueden proteger a las personas de edad contra resultados adversos para la salud (23).</dc:description>
  <dc:format>pdf</dc:format>
  <dc:language>spa</dc:language>
  <dc:type>info:eu-repo/semantics/bachelorThesis</dc:type>
  <dc:rights>by-nc-sa</dc:rights>
  <dc:rights>http://creativecommons.org/licenses/by-nc-sa/3.0/</dc:rights>
</oai_dc:dc>