<?xml version="1.0" encoding="UTF-8"?><oai_dc:dc xmlns:oai_dc="http://www.openarchives.org/OAI/2.0/oai_dc/" xmlns:dc="http://purl.org/dc/elements/1.1/" xmlns:xsi="http://www.w3.org/2001/XMLSchema-instance" xsi:schemaLocation="http://www.openarchives.org/OAI/2.0/oai_dc/ http://www.openarchives.org/OAI/2.0/oai_dc.xsd">
  <dc:creator>Sebastián Hernando, María Soledad</dc:creator>
  <dc:creator>Montón Dito, José María</dc:creator>
  <dc:title>Prevención de las Bacteriemias Relacionadas con Catéter en la Unidad de Cuidados Intensivos del Hospital "Obispo Polanco" de Teruel, 2005-2012</dc:title>
  <dc:identifier>http://zaguan.unizar.es/record/10591</dc:identifier>
  <dc:subject>bacteriemia</dc:subject>
  <dc:subject>catéter venoso central</dc:subject>
  <dc:subject>unidad de cuidados intensivos</dc:subject>
  <dc:subject>prevención</dc:subject>
  <dc:publisher>Universidad de Zaragoza</dc:publisher>
  <dc:date>2013</dc:date>
  <dc:description>Introducción: la bacteriemia asociada a catéter venoso central (BCVC) es una infección nosocomial frecuente, especialmente en las unidades de cuidados intensivos. La morbimortalidad asociada a esta entidad hace de la BCVC un problema de salud importante frente al que es imprescindible desarrollar estrategias de prevención. Objetivo: estudiar los cambios producidos en la incidencia de BCVC en relación con la implantación de diferentes medidas de prevención, como es el proyecto Bacteriemia Zero, en la Unidad de Cuidados Intensivos del Hospital Obispo Polanco de Teruel (H.O.P.) Metodología: estudio descriptivo basado en una revisión bibliográfica y en los datos de BCVC recogidos por el H.O.P. desde el año 2005 y por el registro ENVIN-HELICS. 	Resultados: desde 2007 la incidencia de bacteriemias en el H.O.P. sufrió un descenso en comparación con años anteriores, logrando mantener en los años siguientes estos buenos resultados, gracias al proyecto Bacteriemia Zero. Incluso llegando a 0 en el año 2010. Conclusión: el buen manejo en la inserción y cuidados posteriores del CVC en la prevención y disminución de la incidencia de BCVC es importante, y motivo suficiente para la buena formación de los profesionales.</dc:description>
  <dc:format>pdf</dc:format>
  <dc:language>spa</dc:language>
  <dc:type>info:eu-repo/semantics/bachelorThesis</dc:type>
  <dc:rights>by-nc-sa</dc:rights>
  <dc:rights>http://creativecommons.org/licenses/by-nc-sa/3.0/</dc:rights>
</oai_dc:dc>