<?xml version="1.0" encoding="UTF-8"?><oai_dc:dc xmlns:oai_dc="http://www.openarchives.org/OAI/2.0/oai_dc/" xmlns:dc="http://purl.org/dc/elements/1.1/" xmlns:xsi="http://www.w3.org/2001/XMLSchema-instance" xsi:schemaLocation="http://www.openarchives.org/OAI/2.0/oai_dc/ http://www.openarchives.org/OAI/2.0/oai_dc.xsd">
  <dc:creator>Lafuente Crespo, Raquel</dc:creator>
  <dc:creator>Cepero Moreno, Evangelina María</dc:creator>
  <dc:title>Tratamiento fisioterápico y readaptación funcional a la escalada tras una lesión del cuarto lumbrical</dc:title>
  <dc:identifier>http://zaguan.unizar.es/record/10833</dc:identifier>
  <dc:subject>fisioterapia</dc:subject>
  <dc:subject>escalada en roca</dc:subject>
  <dc:subject>músculos lumbricales</dc:subject>
  <dc:subject>lesión muscular</dc:subject>
  <dc:publisher>Universidad de Zaragoza</dc:publisher>
  <dc:date>2013</dc:date>
  <dc:description>La escalada es un deporte de popularidad en aumento con sus propias lesiones específicas, algunas de ellas poco tratadas en las publicaciones, como las lesiones de los lumbricales. Esto supone que el fisioterapeuta que se enfrente a esta lesión encuentre poca orientación. Por lo tanto, intentamos, tras una exploración inicial, diseñar, aplicar y proponer un plan de tratamiento fisioterápico basado en el conocimiento actual sobre tratamiento de lesiones musculares para conseguir objetivos principalmente funcionales que, además, pueda servir como información para otros fisioterapeutas. El plan de tratamiento estuvo dividido en cuatro fases y aunó terapia manual, estiramientos, autoestiramientos y ejercicio.</dc:description>
  <dc:format>pdf</dc:format>
  <dc:language>spa</dc:language>
  <dc:type>info:eu-repo/semantics/bachelorThesis</dc:type>
  <dc:rights>by-nc-sa</dc:rights>
  <dc:rights>http://creativecommons.org/licenses/by-nc-sa/3.0/</dc:rights>
</oai_dc:dc>