<?xml version="1.0" encoding="UTF-8"?><oai_dc:dc xmlns:oai_dc="http://www.openarchives.org/OAI/2.0/oai_dc/" xmlns:dc="http://purl.org/dc/elements/1.1/" xmlns:xsi="http://www.w3.org/2001/XMLSchema-instance" xsi:schemaLocation="http://www.openarchives.org/OAI/2.0/oai_dc/ http://www.openarchives.org/OAI/2.0/oai_dc.xsd">
  <dc:creator>Mozas Pérez, Elena Pilar</dc:creator>
  <dc:creator>Falcón Albero, María Ascensión</dc:creator>
  <dc:title>Quemaduras. Programa de salud en prevención y educación de la población infantil en el hogar</dc:title>
  <dc:identifier>http://zaguan.unizar.es/record/10763</dc:identifier>
  <dc:subject>quemaduras</dc:subject>
  <dc:subject>epidemiología</dc:subject>
  <dc:subject>población infantil</dc:subject>
  <dc:subject>prevención</dc:subject>
  <dc:subject>factores riesgo</dc:subject>
  <dc:subject>accidentes domésticos</dc:subject>
  <dc:subject>accidentes hogar</dc:subject>
  <dc:publisher>Universidad de Zaragoza</dc:publisher>
  <dc:date>2013</dc:date>
  <dc:description>Introducción: En nuestro país se registran cada año un número elevado de lesiones por quemaduras. Aproximadamente, una de cada dos quemaduras corresponde a pacientes en edad pediátrica. Las quemaduras en la población infantil representan un serio problema, ya que el riesgo de morir que tiene el niño quemado es mayor que el del adulto. Los domicilios son los lugares donde se producen la mayoría de las quemaduras infantiles. Las producidas por escaldadura y quemadura térmica son las más frecuentes. A nivel mundial, estos accidentes ocupan el primer lugar en causas de muerte en edades de 1 a 14 años y es 5 veces superior a los ocasionados por tránsito. Objetivos: Realizar un programa de prevención y educación de salud sobre quemaduras en la población infantil, preferentemente en el hogar. Metodología: La revisión bibliográfica se ha realizado mediante la búsqueda en diferentes bases de datos científicas como Scielo, Science Direct, Dialnet y Cuiden. También se ha recurrido a la búsqueda de información en Google Académico, la página del Ministerio de Sanidad, Ministerio de Trabajo y Asuntos Sociales, y la revista Elsevier, entre otras. Conclusiones: Existen diferentes tipos de quemaduras por la gran variedad de agentes causales.  Las consecuencias de cada una de ellas, tanto a nivel físico como psicológico (y fisiológico) en la víctima, hacen necesario poner en marcha programas de educación y prevención. Cuando un niño muere de forma inesperada por un accidente, se convierte en una gran tragedia para las personas que están a su alrededor y, aquellas que producen lesiones no mortales, suponen un gran impacto económico en los servicios de salud.</dc:description>
  <dc:format>pdf</dc:format>
  <dc:language>spa</dc:language>
  <dc:type>info:eu-repo/semantics/bachelorThesis</dc:type>
  <dc:rights>by-nc-sa</dc:rights>
  <dc:rights>http://creativecommons.org/licenses/by-nc-sa/3.0/</dc:rights>
</oai_dc:dc>