<?xml version="1.0" encoding="UTF-8"?><oai_dc:dc xmlns:oai_dc="http://www.openarchives.org/OAI/2.0/oai_dc/" xmlns:dc="http://purl.org/dc/elements/1.1/" xmlns:xsi="http://www.w3.org/2001/XMLSchema-instance" xsi:schemaLocation="http://www.openarchives.org/OAI/2.0/oai_dc/ http://www.openarchives.org/OAI/2.0/oai_dc.xsd">
  <dc:creator>Esteban Sánchez, Alejandro</dc:creator>
  <dc:creator>Agudo Valiente, José María</dc:creator>
  <dc:creator>Manchado Pérez, Eduardo</dc:creator>
  <dc:title>Planificación estratégica para la promoción y desarrollo del municipio de Ródenas (Teruel)</dc:title>
  <dc:identifier>http://zaguan.unizar.es/record/10132</dc:identifier>
  <dc:publisher>Universidad de Zaragoza</dc:publisher>
  <dc:date>2013</dc:date>
  <dc:description>Se trata del diseño de una Planificación Estratégica cuyo fin es el de promover el desarrollo en el municipio de Rodenas (Teruel). En él se define una serie de objetivos (estratégicos,tácticos y operativos) que permite realizar este Plan de Desarrollo personalizado. Como una posible solución, se diseña una identidad corporativa para este pueblo con el fin de promocionarse y hacerse conocer.</dc:description>
  <dc:format>pdf</dc:format>
  <dc:language>spa</dc:language>
  <dc:type>info:eu-repo/semantics/bachelorThesis</dc:type>
  <dc:rights>by-nc-sa</dc:rights>
  <dc:rights>http://creativecommons.org/licenses/by-nc-sa/3.0/</dc:rights>
</oai_dc:dc>