<?xml version="1.0" encoding="UTF-8"?><oai_dc:dc xmlns:oai_dc="http://www.openarchives.org/OAI/2.0/oai_dc/" xmlns:dc="http://purl.org/dc/elements/1.1/" xmlns:xsi="http://www.w3.org/2001/XMLSchema-instance" xsi:schemaLocation="http://www.openarchives.org/OAI/2.0/oai_dc/ http://www.openarchives.org/OAI/2.0/oai_dc.xsd">
  <dc:creator>Valdovinos Escabosa, Javier</dc:creator>
  <dc:creator>Guillen Torres, Jesus</dc:creator>
  <dc:title>Diseño y cálculo de una plantación de uva tinta y uva blanca de una superficie de 30 has y su riego por goteo dentro de la D.O Somontano en el municipio de Antillón</dc:title>
  <dc:identifier>http://zaguan.unizar.es/record/10890</dc:identifier>
  <dc:subject>riego goteo</dc:subject>
  <dc:subject>viñedo</dc:subject>
  <dc:subject>plantacion</dc:subject>
  <dc:publisher>Universidad de Zaragoza</dc:publisher>
  <dc:date>2013</dc:date>
  <dc:description>Este proyecto consta en primer lugar de una descripción de la zona en donde se va a llevar a cabo este proyecto, una descripción de la fisiología del viñedo, posteriormente he realizado un análisis del sector vitícola en la actualidad y de la calidad del vino. Otros aspectos importantes para obtener una uva de calidad son: el clima, la calidad del agua de riego y el tipo de suelo, en función de estos aspectos pondremos un tipo de variedad u otro, los tipos de variedad y las que mejor se adaptan las he analizado en otro anejo. Una vez ya estaban claros los aspectos nombrados anteriormente, he realizado el diseño de la plantación que mejor se optimizaba para obtener el mejor rendimiento manteniendo una alta calidad y cumpliendo los parámetros de la D.O Somontano. Por otra parte he nombrado y he explicado todas las tareas que se llevaran a cabo en el cultivo para obtener la calidad nombrada anteriormente, he estudiado los tipos de plagas que pueden afectar al viñedo y como combatirlas para que no causen daños en la parcela. Para concluir con el proyecto he diseñado el riego, he seleccionado un riego por goteo ya que es el que mejor se adapta al cultivo de la vid. He realizado un pozo en la parcela del cual extraigo el agua a través de una bomba a un depósito que también está colocado en la parcela, desde el embalse gracias a una bomba distribuyo el agua por media de tuberías a los goteros. La parcela la he dividido en dos partes, en la parte norte he colocado las variedades tintas, estas tienen su propia tubería de riego para así poder regarlas cuando sea necesario sin tener que tener en cuenta la otra parte de la parcela en la cual he colocado las variedades blancas, con esto consigo que el agua también se optimice y se use cuando sea necesario, ya que las variedades blancas necesitan más agua y en otro momento que las tintas, con esa separación de la parcela lo consigo. La estructura final del proyecto consta de memoria y sus correspondientes anejos, planos, pliego de condiciones, presupuesto y  estudio de seguridad y salud.</dc:description>
  <dc:format>pdf</dc:format>
  <dc:language>spa</dc:language>
  <dc:type>info:eu-repo/semantics/masterThesis</dc:type>
  <dc:rights>by-nc-sa</dc:rights>
  <dc:rights>http://creativecommons.org/licenses/by-nc-sa/3.0/</dc:rights>
</oai_dc:dc>