<?xml version="1.0" encoding="UTF-8"?><oai_dc:dc xmlns:oai_dc="http://www.openarchives.org/OAI/2.0/oai_dc/" xmlns:dc="http://purl.org/dc/elements/1.1/" xmlns:xsi="http://www.w3.org/2001/XMLSchema-instance" xsi:schemaLocation="http://www.openarchives.org/OAI/2.0/oai_dc/ http://www.openarchives.org/OAI/2.0/oai_dc.xsd">
  <dc:creator>Alcubierre Oto, Ana</dc:creator>
  <dc:creator>Hijós Larraz, Luis Alfonso</dc:creator>
  <dc:title>Actuación ante el paciente en tratamiento anticoagulante oral con autocontrol. Una propuesta de educación grupal</dc:title>
  <dc:identifier>http://zaguan.unizar.es/record/10447</dc:identifier>
  <dc:publisher>Universidad de Zaragoza</dc:publisher>
  <dc:date>2013</dc:date>
  <dc:description>El tratamiento anticoagulante oral con antagonistas de la vitamina K hace que el paciente tenga que someterse a frecuentes controles analíticos que pueden crear en la persona un grado de dependencia y de pérdida de autonomía. Existe una modalidad en el tratamiento anticoagulante oral (TAO) llamado autocontrol del TAO y consiste en  capacitar al paciente, con la educación sanitaria pertinente, para que se  controle su INR, se modifique la dosis de anticoagulante, según el resultado de éste, mediante una punción capilar y con material como un coagulómetro portátil, tiras reactivas y lancetas. El paciente además tendrá los conocimientos suficientes para detectar cualquier síntoma adverso y saber reaccionar ante él. Se ha demostrado que las complicaciones que pueden aparecer con este tipo de tratamiento son menores ya que los pacientes en autocontrol se encuentran durante más tiempo en su rango terapéutico. En este trabajo se realiza una revisión bibliográfica cuyo objetivo es realizar una educación grupal para los pacientes con autocontrol del TAO para que sean más autónomos en su proceso de enfermedad. La educación grupal propuesta se compone de un aprendizaje teórico (información sobre la coagulación, INR, dosis, dieta, interacciones, etc.), y de un aprendizaje práctico (punción capilar y manejo de los coagulómetros). Se trata de conseguir que los pacientes sean más autónomos en su proceso de enfermedad y tengan más control sobre ella.</dc:description>
  <dc:format>pdf</dc:format>
  <dc:language>spa</dc:language>
  <dc:type>info:eu-repo/semantics/bachelorThesis</dc:type>
  <dc:rights>by-nc-sa</dc:rights>
  <dc:rights>http://creativecommons.org/licenses/by-nc-sa/3.0/</dc:rights>
</oai_dc:dc>