<?xml version="1.0" encoding="UTF-8"?><oai_dc:dc xmlns:oai_dc="http://www.openarchives.org/OAI/2.0/oai_dc/" xmlns:dc="http://purl.org/dc/elements/1.1/" xmlns:xsi="http://www.w3.org/2001/XMLSchema-instance" xsi:schemaLocation="http://www.openarchives.org/OAI/2.0/oai_dc/ http://www.openarchives.org/OAI/2.0/oai_dc.xsd">
  <dc:creator>Pérez Vicente, Amaya</dc:creator>
  <dc:creator>Gómez Navarro, Rafael</dc:creator>
  <dc:title>Sobrecarga del cuidador principal en la Unidad de Ortogeriatría del Hospital "San José" de Teruel</dc:title>
  <dc:identifier>http://zaguan.unizar.es/record/10627</dc:identifier>
  <dc:subject>cuidador principal</dc:subject>
  <dc:subject>sobrecarga</dc:subject>
  <dc:subject>Zarit </dc:subject>
  <dc:subject>dependencia </dc:subject>
  <dc:subject>índice de Barthel</dc:subject>
  <dc:publisher>Universidad de Zaragoza</dc:publisher>
  <dc:date>2013</dc:date>
  <dc:description>La familia es quien suministra la mayor parte de los cuidados necesarios, pasando a ser una población clínicamente vulnerable por la posible sobrecarga que conlleva dicha labor. El objetivo principal de nuestro estudio es evaluar el índice de  sobrecarga del cuidador principal así como el nivel de dependencia de los pacientes cuidados y ,como objetivos secundarios, definir las características de los pacientes, así como las de sus respectivos cuidadores principales. Estudio transversal descriptivo, en 31 pacientes y sus respectivos cuidadores. Se analizaron variables sociodemográficas tanto del paciente como del cuidador. La sobrecarga del cuidador se evaluó mediante la Escala de Sobrecarga de Zarit y el nivel de dependencia del paciente con el Índice de Barthel. Como resultados de nuestro estudio se obtuvo una media de edad de los pacientes fue 81,87años. El 71% eran mujeres que procedían del medio rural (64,5%). El 48,4% presentaron dependencia leve en el momento del alta. El 67,7% de los cuidadores principales fueron mujeres con una media de edad de 58,38 años, casadas el 76,7% de los casos y cuyo vínculo más frecuente era hija (54,5%). El 74,2% no presentaron ninguna sobrecarga.</dc:description>
  <dc:format>pdf</dc:format>
  <dc:language>spa</dc:language>
  <dc:type>info:eu-repo/semantics/bachelorThesis</dc:type>
  <dc:rights>by-nc-sa</dc:rights>
  <dc:rights>http://creativecommons.org/licenses/by-nc-sa/3.0/</dc:rights>
</oai_dc:dc>