<?xml version="1.0" encoding="UTF-8"?><oai_dc:dc xmlns:oai_dc="http://www.openarchives.org/OAI/2.0/oai_dc/" xmlns:dc="http://purl.org/dc/elements/1.1/" xmlns:xsi="http://www.w3.org/2001/XMLSchema-instance" xsi:schemaLocation="http://www.openarchives.org/OAI/2.0/oai_dc/ http://www.openarchives.org/OAI/2.0/oai_dc.xsd">
  <dc:creator>Baquedano Lasheras, Alejandro</dc:creator>
  <dc:creator>Romeo Tello, Antonio</dc:creator>
  <dc:title>Influencia de los errores de calibración en la precisión de un robot</dc:title>
  <dc:identifier>http://zaguan.unizar.es/record/10201</dc:identifier>
  <dc:publisher>Universidad de Zaragoza</dc:publisher>
  <dc:date>2013</dc:date>
  <dc:description>Estudio sobre la influencia de los errores de calibración, tanto errores de calibrado articular como errores de estimación de los parámetros de Denavit y Hartenberg del robot, en la precisión estática del mismo. Este estudio se abordará principalmente desde el punto de vista del error de posición cometido, sin embargo también se investigará sobre los efectos producidos en la orientación y se realizará un breve estudio estadístico del error de posición debido a errores de calibración articular.</dc:description>
  <dc:format>pdf</dc:format>
  <dc:language>spa</dc:language>
  <dc:type>info:eu-repo/semantics/masterThesis</dc:type>
  <dc:rights>by-nc-sa</dc:rights>
  <dc:rights>http://creativecommons.org/licenses/by-nc-sa/3.0/</dc:rights>
</oai_dc:dc>