<?xml version="1.0" encoding="UTF-8"?><oai_dc:dc xmlns:oai_dc="http://www.openarchives.org/OAI/2.0/oai_dc/" xmlns:dc="http://purl.org/dc/elements/1.1/" xmlns:xsi="http://www.w3.org/2001/XMLSchema-instance" xsi:schemaLocation="http://www.openarchives.org/OAI/2.0/oai_dc/ http://www.openarchives.org/OAI/2.0/oai_dc.xsd">
  <dc:creator>Pérez Pevida, Esteban</dc:creator>
  <dc:creator>Pastor Oliver, Cristina</dc:creator>
  <dc:title>Relación entre la densidad ósea de los maxilares y el registro de estabilidad de implantes dentales mediante análisis de frecuencia de resonancia</dc:title>
  <dc:identifier>http://zaguan.unizar.es/record/11129</dc:identifier>
  <dc:subject>implantes</dc:subject>
  <dc:subject>densidad ósea</dc:subject>
  <dc:subject>análisis frecuencia resonancia</dc:subject>
  <dc:publisher>Universidad de Zaragoza</dc:publisher>
  <dc:date>2013</dc:date>
  <dc:description>El tratamiento del edentulismo mediante implantes dentales, se ha convertido en los últimos años en un procedimiento rutinario en las clínicas odontoestomatológicas de todo el mundo. Para que un implante dental pueda ser funcional ha de estar osteointegrado en el hueso alveolar de los maxilares para así soportar las fuerzas oclusales y funcionales que caracterizan al sistema estomatognático. La presencia de alta densidad ósea en la localización de inserción del implante es un factor favorable para tener una correcta estabilidad y por consiguiente una osteointegración idónea del implante dental. En la actualidad existen varios métodos de valoración de la estabilidad de los implantes dentales, uno de ellos es el análisis de frecuencia de resonancia. Este trabajo pretende valorar la relación entre la densidad ósea presente en la localización de inserción del implante dental con el registro de estabilidad de dicho implante mediante análisis de frecuencia de resonancia en el momento de su inserción y pasados los tres primeros meses. En la hipótesis de trabajo se plantea que: “Las localizaciones de los maxilares con mayor densidad ósea, y por consiguiente mayor unidades Hounsfield, obtienen un valor más alto de coeficiente de estabilidad de implante (ISQ) en el momento de inserción del implante y pasados tres meses.” Para ello se realiza un estudio longitudinal retrospectivo de pacientes intervenidos con cirugía de inserción de implantes dentales entre los años 2010 y 2013, realizados en una clínica odonto-estomatológica. Se trataron un total de 28 pacientes con 32 implantes insertados. Se abarcaron las cuatro zonas con distinta densidad ósea de los maxilares, sector anterior superior e inferior y sector posterior superior e inferior.</dc:description>
  <dc:format>pdf</dc:format>
  <dc:language>spa</dc:language>
  <dc:type>info:eu-repo/semantics/masterThesis</dc:type>
  <dc:rights>by-nc-sa</dc:rights>
  <dc:rights>http://creativecommons.org/licenses/by-nc-sa/3.0/</dc:rights>
</oai_dc:dc>