<?xml version="1.0" encoding="UTF-8"?><oai_dc:dc xmlns:oai_dc="http://www.openarchives.org/OAI/2.0/oai_dc/" xmlns:dc="http://purl.org/dc/elements/1.1/" xmlns:xsi="http://www.w3.org/2001/XMLSchema-instance" xsi:schemaLocation="http://www.openarchives.org/OAI/2.0/oai_dc/ http://www.openarchives.org/OAI/2.0/oai_dc.xsd">
  <dc:creator>Gonzalvo Ezquerra, Montse</dc:creator>
  <dc:creator>Lozano López, Juan Carlos</dc:creator>
  <dc:title>Centro Siente el Arte XXX, proyecto que favorece la difusión del arte mediante el sentimiento</dc:title>
  <dc:identifier>http://zaguan.unizar.es/record/10052</dc:identifier>
  <dc:subject>siente el arte</dc:subject>
  <dc:publisher>Universidad de Zaragoza</dc:publisher>
  <dc:date>2013</dc:date>
  <dc:description>Es un proyecto social de difusión y de participación cultural y patrimonial enfocado a un público con Síndrome de Down. Se trata de un centro llamado “Siente el Arte” ya que la idea principal es favorecer la difusión del arte a través del sentimiento y la interacción con él, empleando  los cinco sentidos para llegar a interpretarlo de una manera más adecuada. Su espacio físico se ubicará en la provincia de Zaragoza por ser una ciudad emprendedora, contar con un rico patrimonio y estar emplazada en un lugar estratégico.</dc:description>
  <dc:format>pdf</dc:format>
  <dc:language>spa</dc:language>
  <dc:type>info:eu-repo/semantics/masterThesis</dc:type>
  <dc:rights>by-nc-sa</dc:rights>
  <dc:rights>http://creativecommons.org/licenses/by-nc-sa/3.0/</dc:rights>
</oai_dc:dc>