<?xml version="1.0" encoding="UTF-8"?><oai_dc:dc xmlns:oai_dc="http://www.openarchives.org/OAI/2.0/oai_dc/" xmlns:dc="http://purl.org/dc/elements/1.1/" xmlns:xsi="http://www.w3.org/2001/XMLSchema-instance" xsi:schemaLocation="http://www.openarchives.org/OAI/2.0/oai_dc/ http://www.openarchives.org/OAI/2.0/oai_dc.xsd">
  <dc:creator>Lázaro Gimeno, Marina</dc:creator>
  <dc:creator>Sanz Abós, Beatriz Esperanza</dc:creator>
  <dc:title>Inserción y cuidados del catéter epicutáneo en unidades de cuidados intensivos  neonatales</dc:title>
  <dc:identifier>http://zaguan.unizar.es/record/10806</dc:identifier>
  <dc:subject>catéter</dc:subject>
  <dc:subject>neonato</dc:subject>
  <dc:subject>accesos vasculares </dc:subject>
  <dc:subject>catéter epicutáneo </dc:subject>
  <dc:subject>PICC</dc:subject>
  <dc:subject>bacteriemia </dc:subject>
  <dc:subject>catheter-related bloodstream infections</dc:subject>
  <dc:publisher>Universidad de Zaragoza</dc:publisher>
  <dc:date>2013</dc:date>
  <dc:description>Los catéteres venosos centrales de inserción periférica en recién nacidos se comenzaron a utilizar a partir de la década de los 70 y fue en los 80 cuando se introdujeron en todas las unidades de cuidados intensivos neonatales. Es de vital importancia conseguir y mantener un acceso venoso seguro y eficaz.  En  España alrededor del  50 % de los pacientes son portadores de un catéter intravascular.  La infección por catéter es la principal causa de bacteriemia nosocomial  y están relacionadas con un aumento de costes, prolongación de estancias hospitalarias y una alta morbilidad y mortalidad. Esta cifra suele ser más elevada en los enfermos pediátricos y mayormente en los neonatos con menos de 1.500grs al nacer. La implantación del proyecto “Bacteriemia Zero” en unidades de cuidados intensivos de adultos y algunas  pediátricas y neonatales ha demostrado su eficacia en la prevención de la bacteriemia relacionada con catéter.  Los catéteres venosos que se emplean en neonatos pueden ser periféricos o centrales. Las vías periféricas llegan a ocupar un segundo lugar. El catéter venoso central de inserción periférica más empleado en neonatos es el catéter epicutáneo.  El personal de enfermería  tiene una importante labor en reconocer la necesidad de estos catéteres y su adecuada colocación y manejo, así como la necesidad de emplear medidas preventivas en la manipulación para evitar posibles complicaciones. Es una técnica realizada exclusivamente por el personal de enfermería.</dc:description>
  <dc:format>pdf</dc:format>
  <dc:language>spa</dc:language>
  <dc:type>info:eu-repo/semantics/bachelorThesis</dc:type>
  <dc:rights>by-nc-sa</dc:rights>
  <dc:rights>http://creativecommons.org/licenses/by-nc-sa/3.0/</dc:rights>
</oai_dc:dc>