<?xml version="1.0" encoding="UTF-8"?><oai_dc:dc xmlns:oai_dc="http://www.openarchives.org/OAI/2.0/oai_dc/" xmlns:dc="http://purl.org/dc/elements/1.1/" xmlns:xsi="http://www.w3.org/2001/XMLSchema-instance" xsi:schemaLocation="http://www.openarchives.org/OAI/2.0/oai_dc/ http://www.openarchives.org/OAI/2.0/oai_dc.xsd">
  <dc:creator>Nuez Lamata, Olga</dc:creator>
  <dc:creator>Valdearcos Enguidanos, Santiago</dc:creator>
  <dc:title>Prevalencia de vacunación frente al neumococo en la población infantil de un centro de salud urbano</dc:title>
  <dc:identifier>http://zaguan.unizar.es/record/10576</dc:identifier>
  <dc:publisher>Universidad de Zaragoza</dc:publisher>
  <dc:date>2013</dc:date>
  <dc:description>Streptococcus pneumoniae es uno de los agentes infecciosos más importantes en la edad pediátrica siendo una causa importante de morbimortalidad en todo el mundo.  La vacuna actual es la prevenar 13, que cubre hasta el 80% de los serotipos encargados de la ENI en los niños de España.  Esta vacuna es gratuita para pacientes de riesgo, para el resto de las familias supone un coste de 78 €/dosis.  Se ha realizado un estudio descriptivo de carácter transversal retrospectivo a partir de los datos aportados por el programa OMI-AP. La población del estudio ha sido los niños nacidos en el 2011 registrados en el Centro de salud ensanche (Teruel). El objetivo principal del estudio ha sido conocer el porcentaje de niños que iniciaron la vacunación y los que la acabaron. Resultados: De los 139 niños, el 69’1% iniciaron la vacunación, aunque el porcentaje de niños “bien vacunados” al finalizar fue del 56’8%. Barreras tales como el alto precio de la pauta vacunal completa, el número demasiado elevado de inyecciones en los lactantes, y las dudas sobre su coste-efectividad podrían ser factores explicativos de las deficientes coberturas alcanzadas, aun así la labor de los pediatras y el personal de enfermería es clave para el cumplimiento de la pauta.  Conclusión: Al no estar incluidos todos los serotipos en la vacuna, no es la solución definitiva, aun así tiene una alta eficacia. El estar vacunado correctamente  depende más del precio de la vacuna que de tener un factor de riesgo.</dc:description>
  <dc:format>pdf</dc:format>
  <dc:language>spa</dc:language>
  <dc:type>info:eu-repo/semantics/bachelorThesis</dc:type>
  <dc:rights>by-nc-sa</dc:rights>
  <dc:rights>http://creativecommons.org/licenses/by-nc-sa/3.0/</dc:rights>
</oai_dc:dc>