<?xml version="1.0" encoding="UTF-8"?><oai_dc:dc xmlns:oai_dc="http://www.openarchives.org/OAI/2.0/oai_dc/" xmlns:dc="http://purl.org/dc/elements/1.1/" xmlns:xsi="http://www.w3.org/2001/XMLSchema-instance" xsi:schemaLocation="http://www.openarchives.org/OAI/2.0/oai_dc/ http://www.openarchives.org/OAI/2.0/oai_dc.xsd">
  <dc:creator>Cases García, José Luis</dc:creator>
  <dc:creator>Nasarre Sarmiento, José María</dc:creator>
  <dc:title>Economía social y cooperativas. Creación de empleo. Una respuesta contra la crisis</dc:title>
  <dc:identifier>http://zaguan.unizar.es/record/11124</dc:identifier>
  <dc:subject>cooperativa de trabajo asociado</dc:subject>
  <dc:publisher>Universidad de Zaragoza</dc:publisher>
  <dc:date>2013</dc:date>
  <dc:description>La crisis y el desempleo, las cooperativas son una de las mejores respuetas para superar la crisis y para crear empleo. Se desarrolla ampliamente como se crea una cooperativa, las ventajas de estas, sus beneficios fiscales, etc.</dc:description>
  <dc:format>pdf</dc:format>
  <dc:language>spa</dc:language>
  <dc:type>info:eu-repo/semantics/bachelorThesis</dc:type>
  <dc:rights>by-nc-sa</dc:rights>
  <dc:rights>http://creativecommons.org/licenses/by-nc-sa/3.0/</dc:rights>
</oai_dc:dc>