<?xml version="1.0" encoding="UTF-8"?><oai_dc:dc xmlns:oai_dc="http://www.openarchives.org/OAI/2.0/oai_dc/" xmlns:dc="http://purl.org/dc/elements/1.1/" xmlns:xsi="http://www.w3.org/2001/XMLSchema-instance" xsi:schemaLocation="http://www.openarchives.org/OAI/2.0/oai_dc/ http://www.openarchives.org/OAI/2.0/oai_dc.xsd">
  <dc:creator>Roig Vallés, Carmen</dc:creator>
  <dc:creator>Roche Asensio, María José de la Cueva Santa</dc:creator>
  <dc:title>Estreñimiento y toma de laxantes en el paciente anciano hospitalizado</dc:title>
  <dc:identifier>http://zaguan.unizar.es/record/10974</dc:identifier>
  <dc:subject>estreñimiento</dc:subject>
  <dc:subject>anciano</dc:subject>
  <dc:subject>laxante</dc:subject>
  <dc:subject>anciano hospitalizado</dc:subject>
  <dc:publisher>Universidad de Zaragoza</dc:publisher>
  <dc:date>2013</dc:date>
  <dc:description>Introducción: El estreñimiento tiene una gran prevalencia en la población anciana. Uno de los tratamientos más utilizados en este grupo son los laxantes, siendo en ocasiones innecesarios pudiendo presentar ciertas complicaciones.  Objetivo: El objetivo del estudio es conocer si los pacientes, que incluyen tratamiento con laxantes durante la hospitalización, pueden ser diagnosticados de estreñimiento a partir de los criterios Roma III. Metodología: Estudio piloto, observacional, descriptivo y transversal, realizado en pacientes ancianos hospitalizados a través de una encuesta diseñada para este estudio, donde se encuentran incluidos los criterios Roma III para valorar el estreñimiento de los pacientes. Resultados: Un 86,2% de los pacientes que toman laxantes sí pueden ser diagnosticados de estreñimiento según los criterios Roma III frente a un 13,8%. Un 51,6% de laxantes son prescritos por los profesionales sanitarios, donde en un 26,7% de los casos, los pacientes no pueden ser diagnosticados de estreñimiento. Conclusiones: Tras la realización del estudio podemos afirmar que la hipótesis planteada en el trabajo no se cumple, ya que mayoritariamente los laxantes se han prescrito de forma adecuada. Palabras clave: estreñimiento en ancianos, uso de laxantes en ancianos, abuso de laxantes en ancianos, anciano hospitalizado.</dc:description>
  <dc:format>pdf</dc:format>
  <dc:language>spa</dc:language>
  <dc:type>info:eu-repo/semantics/masterThesis</dc:type>
  <dc:rights>by-nc-sa</dc:rights>
  <dc:rights>http://creativecommons.org/licenses/by-nc-sa/3.0/</dc:rights>
</oai_dc:dc>