<?xml version="1.0" encoding="UTF-8"?><oai_dc:dc xmlns:oai_dc="http://www.openarchives.org/OAI/2.0/oai_dc/" xmlns:dc="http://purl.org/dc/elements/1.1/" xmlns:xsi="http://www.w3.org/2001/XMLSchema-instance" xsi:schemaLocation="http://www.openarchives.org/OAI/2.0/oai_dc/ http://www.openarchives.org/OAI/2.0/oai_dc.xsd">
  <dc:creator>Selva Marroquí, María Dolores</dc:creator>
  <dc:creator>Miguelena Bobadilla, María Mercedes</dc:creator>
  <dc:title>Independencia funcional y calidad de vida a corto plazo en un joven parapléjico</dc:title>
  <dc:identifier>http://zaguan.unizar.es/record/10736</dc:identifier>
  <dc:subject>independencia funcional</dc:subject>
  <dc:subject>calidad de vida</dc:subject>
  <dc:subject>quality of life</dc:subject>
  <dc:publisher>Universidad de Zaragoza</dc:publisher>
  <dc:date>2013</dc:date>
  <dc:description>&lt;&lt;Una lesión medular no sólo es traumática en el sentido médico; destruye toda una forma de vida, divide la historia de la persona en dos partes: antes y después&gt;&gt; En el siguiente trabajo, nos planteamos constatar y demostrar los resultados obtenidos en una serie de artículos consultados sobre autonomía, independencia funcional y calidad de vida en el lesionado medular, referenciados en la bibliografía. En este trabajo se demuestra el aumento de la autonomía y la calidad de vida de un joven parapléjico en la fase hospitalaria de tratamiento. Como instrumentos de valoración se han utilizado: FIM adaptado, SCIMII y encuesta de salud SF-36. Los resultados obtenidos son congruentes con lo referido en la bibliografía consultada. Así mismo, se muestra la óptima satisfacción del paciente tras el tratamiento de terapia ocupacional.</dc:description>
  <dc:format>pdf</dc:format>
  <dc:language>spa</dc:language>
  <dc:type>info:eu-repo/semantics/bachelorThesis</dc:type>
  <dc:rights>by-nc-sa</dc:rights>
  <dc:rights>http://creativecommons.org/licenses/by-nc-sa/3.0/</dc:rights>
</oai_dc:dc>