<?xml version="1.0" encoding="UTF-8"?><oai_dc:dc xmlns:oai_dc="http://www.openarchives.org/OAI/2.0/oai_dc/" xmlns:dc="http://purl.org/dc/elements/1.1/" xmlns:xsi="http://www.w3.org/2001/XMLSchema-instance" xsi:schemaLocation="http://www.openarchives.org/OAI/2.0/oai_dc/ http://www.openarchives.org/OAI/2.0/oai_dc.xsd">
  <dc:creator>Almolda Tomás, Francisco Javier</dc:creator>
  <dc:creator>García González, Luis</dc:creator>
  <dc:title>Variables motivacionales presentes en las clases de Educación Física y desarrollo de estrategias para su optimización en el contenido de Orientación</dc:title>
  <dc:identifier>http://zaguan.unizar.es/record/11135</dc:identifier>
  <dc:subject>motivación autodeterminada</dc:subject>
  <dc:subject>educación física</dc:subject>
  <dc:subject>clima motivacional</dc:subject>
  <dc:subject>mediadores psicológicos</dc:subject>
  <dc:subject>intervención docente</dc:subject>
  <dc:publisher>Universidad de Zaragoza</dc:publisher>
  <dc:date>2013</dc:date>
  <dc:description>El objetivo del estudio fue desarrollar estrategias de intervención docente para generar un clima motivacional óptimo y evaluar su incidencia sobre otras variables que afectan a la motivación de los alumnos en las clases de Educación Física. La intervención estuvo basada en las áreas TARGET (Ames, 1992) y autonomía, desarrollándose una unidad didáctica de Orientación Deportiva durante 4 sesiones dobles y en la cual participaron cinco grupos de 3º de E.S.O. con un total de 113 alumnos repartidos en grupo experimental (n=46) y grupo control (n=67). Se evaluó el clima motivacional a través de la Escala de Percepción del Clima Motivacional (EPCM), la percepción de competencia, autonomía y relaciones sociales a través de la Escala de Medición de las Necesidades Psicológicas Básicas (BPNES), las consecuencias afectivas como la diversión-satisfacción y aburrimiento a través de la Escala de diversión de los sujetos con la práctica deportiva (CDPD), la motivación autodeterminada a través de la Escala de Motivación Situacional (SIMS 14) y la cesión de autonomía a través del Cuestionario de Percepción de Soporte de la Autonomía (ASCQ). Los resultados mostraron que la intervención fue eficaz, ya que el grupo experimental donde se llevo a cabo la intervención a través de la puesta en marcha de estrategias motivaciones en el contenido trabajado, obtuvo respecto del grupo control, valores significativamente superiores en clima motivacional maestría y autonomía. Además se obtuvieron diferencias significativas entre ambos grupos en las diferentes variables estudiadas, en concreto en regulación identificada, desmotivación, autonomía, competencia y satisfacción-diversión. Por consiguiente, quedó probado que las estrategias basadas en las áreas TARGET y autonomía que habían sido utilizadas, resultan efectivas para el contenido de Orientación y son una buena herramienta para el fomento de un clima maestría en las clases de Educación Física, considerándose el clima motivacional maestría un elemento importante para la optimización de las variables motivacionales de los alumnos.</dc:description>
  <dc:format>pdf</dc:format>
  <dc:language>spa</dc:language>
  <dc:type>info:eu-repo/semantics/masterThesis</dc:type>
  <dc:rights>by-nc-sa</dc:rights>
  <dc:rights>http://creativecommons.org/licenses/by-nc-sa/3.0/</dc:rights>
</oai_dc:dc>