<?xml version="1.0" encoding="UTF-8"?><oai_dc:dc xmlns:oai_dc="http://www.openarchives.org/OAI/2.0/oai_dc/" xmlns:dc="http://purl.org/dc/elements/1.1/" xmlns:xsi="http://www.w3.org/2001/XMLSchema-instance" xsi:schemaLocation="http://www.openarchives.org/OAI/2.0/oai_dc/ http://www.openarchives.org/OAI/2.0/oai_dc.xsd">
  <dc:creator>Chéliz Inglés, Mª Carmen</dc:creator>
  <dc:creator>Diago Diago, María del Pilar</dc:creator>
  <dc:title>La mediación internacional en el marco jurídico europeo y nacional: estudio de la Directiva 2008/52/CE y de la Ley 5/2012</dc:title>
  <dc:identifier>http://zaguan.unizar.es/record/11047</dc:identifier>
  <dc:subject>mediación internacional</dc:subject>
  <dc:subject>directiva 2008/52/ce</dc:subject>
  <dc:subject>ley 5/2012</dc:subject>
  <dc:publisher>Universidad de Zaragoza</dc:publisher>
  <dc:date>2013</dc:date>
  <dc:description>El objetivo del presente trabajo consiste en realizar una aproximación a la mediación civil y mercantil, desde una perspectiva internacional privatista. Con este fin se van a abordar, en un primer capítulo introductorio, cuestiones básicas como la delimitación del concepto de mediación y sus diferencias con otros mecanismos de resolución de conflictos, para posteriormente analizar qué se entiende por mediación internacional y por mediación transfronteriza, términos que aunque habitualmente se confundan, no hacen referencia a la misma realidad. A su vez, se va a realizar un estudio sobre el complejo marco jurídico en que se encuadra la mediación, prestando especial atención a la Ley Modelo de la CNUDMI sobre conciliación comercial internacional (UNCITRAL), a la Directiva 2008/52/CE, a la Ley 5/2012 de mediación en asuntos civiles y mercantiles, y a las diferentes legislaciones autonómicas que regulan la mediación familiar en el ordenamiento jurídico español. Finalmente, se pondrán de manifiesto los numerosos problemas conflictuales que se plantean en el marco de una mediación internacional</dc:description>
  <dc:format>pdf</dc:format>
  <dc:language>spa</dc:language>
  <dc:type>info:eu-repo/semantics/masterThesis</dc:type>
  <dc:rights>by-nc-sa</dc:rights>
  <dc:rights>http://creativecommons.org/licenses/by-nc-sa/3.0/</dc:rights>
</oai_dc:dc>