<?xml version="1.0" encoding="UTF-8"?><oai_dc:dc xmlns:oai_dc="http://www.openarchives.org/OAI/2.0/oai_dc/" xmlns:dc="http://purl.org/dc/elements/1.1/" xmlns:xsi="http://www.w3.org/2001/XMLSchema-instance" xsi:schemaLocation="http://www.openarchives.org/OAI/2.0/oai_dc/ http://www.openarchives.org/OAI/2.0/oai_dc.xsd">
  <dc:creator>Araguás Gracia, Lucía</dc:creator>
  <dc:creator>Muro Baquero, Carmen Magdalena</dc:creator>
  <dc:title>Programa de prevención del Síndrome de Burnout en enfermeros de atención primaria</dc:title>
  <dc:identifier>http://zaguan.unizar.es/record/10767</dc:identifier>
  <dc:subject>síndrome burnout</dc:subject>
  <dc:subject>agotamiento profesional</dc:subject>
  <dc:subject>prevención burnout</dc:subject>
  <dc:publisher>Universidad de Zaragoza</dc:publisher>
  <dc:date>2013</dc:date>
  <dc:description>Cada vez es más conocido que, durante el desarrollo del trabajo de enfermería, los trabajadores se enfrentan continuamente a situaciones de estrés de diversas fuentes lo que conlleva a repercusiones en la salud física y mental de los enfermeros y por tanto,  a repercusiones para la organización. Los efectos del estrés laboral se han descrito como Síndrome de Burnout, en este trabajo se aborda el mismo haciendo hincapié sobre su prevención. Objetivo: elaborar un programa de salud para conseguir que el personal de enfermería  conociera  la existencia del Síndrome de Burnout y cómo se manifiesta, cómo identificarlo y poner en marcha mecanismos para prevenirlo. Método: se ha realizado una revisión bibliográfica en distintas bases de datos en internet, mediante el análisis de los mismos,  basado en la evidencia científica, se seleccionó el material para la elaboración del programa. Conclusiones: se ha elaborado un programa para la prevención del Síndrome  de Burnout. Conociendo las principales fuentes de estrés, signos y síntomas asociados al burnout y usando cuestionarios adecuados, se puede detectar y medir la incidencia del mismo en el ámbito laboral enfermero, poniendo en marcha mecanismos de prevención, que son el pilar básico en la lucha contra el síndrome.</dc:description>
  <dc:format>pdf</dc:format>
  <dc:language>spa</dc:language>
  <dc:type>info:eu-repo/semantics/bachelorThesis</dc:type>
  <dc:rights>by-nc-sa</dc:rights>
  <dc:rights>http://creativecommons.org/licenses/by-nc-sa/3.0/</dc:rights>
</oai_dc:dc>