<?xml version="1.0" encoding="UTF-8"?><oai_dc:dc xmlns:oai_dc="http://www.openarchives.org/OAI/2.0/oai_dc/" xmlns:dc="http://purl.org/dc/elements/1.1/" xmlns:xsi="http://www.w3.org/2001/XMLSchema-instance" xsi:schemaLocation="http://www.openarchives.org/OAI/2.0/oai_dc/ http://www.openarchives.org/OAI/2.0/oai_dc.xsd">
  <dc:creator>Pardo Sanz, María Pilar</dc:creator>
  <dc:creator>Gonzalo Ciria, Laura</dc:creator>
  <dc:creator>Pardos Bartolomé, María</dc:creator>
  <dc:title>Beneficios de la terapia ocupacional en la orientación témporo-espacial y personal en un paciente con demencia vascular</dc:title>
  <dc:identifier>http://zaguan.unizar.es/record/10916</dc:identifier>
  <dc:subject>demencia vascular</dc:subject>
  <dc:subject>terapia ocupacional</dc:subject>
  <dc:subject>deterioro cognitivo</dc:subject>
  <dc:subject>orientación</dc:subject>
  <dc:subject>reminiscencia</dc:subject>
  <dc:publisher>Universidad de Zaragoza</dc:publisher>
  <dc:date>2013</dc:date>
  <dc:description>En las personas que padecen una patología vascular cerebral, como ACV, se producen una serie de secuelas, entre ellas deterioro cognitivo, que puede manifestarse en diferentes grados dependiendo de la intensidad y localización de la lesión. Cuando se diagnostica un deterioro dentro de esta patología y, además, se da en personas mayores, la progresión del mismo está ligada a múltiples factores del envejecimiento provocando un deterioro mayor de curso fluctuante. Al agravarse dicho deterioro nos encontramos con una demencia vascular que origina diversas afectaciones cognitivas dando lugar a la desorientación, temporal, espacial y personal, entre otras. Desde este trabajo, queremos presentar una intervención basada en un tratamiento de terapia ocupacional, centrado en la orientación témporo-espacial y personal, en una paciente geriátrica dentro de una institución. Con ello, buscamos demostrar los beneficios de nuestro trabajo en este tipo de patologías dentro de una institución, así como conseguir una mejoría en las capacidades cognoscitivas incrementando la calidad de vida. Para ello, la intervención está centrada en el Marco cognitivo conductual y en el MOHO a la hora de trabajar de manera holística a través de ocupaciones significativas, utilizando el Marco de trabajo de terapia ocupacional como herramienta para centrar los objetivos. Tras la valoración de los resultados, finalmente, se corrobora que la terapia ocupacional aporta efectos beneficiosos dentro de la patología descrita, siendo necesaria una intervención continuada y prolongada en el tiempo.</dc:description>
  <dc:format>pdf</dc:format>
  <dc:language>spa</dc:language>
  <dc:type>info:eu-repo/semantics/bachelorThesis</dc:type>
  <dc:rights>by-nc-sa</dc:rights>
  <dc:rights>http://creativecommons.org/licenses/by-nc-sa/3.0/</dc:rights>
</oai_dc:dc>