<?xml version="1.0" encoding="UTF-8"?><oai_dc:dc xmlns:oai_dc="http://www.openarchives.org/OAI/2.0/oai_dc/" xmlns:dc="http://purl.org/dc/elements/1.1/" xmlns:xsi="http://www.w3.org/2001/XMLSchema-instance" xsi:schemaLocation="http://www.openarchives.org/OAI/2.0/oai_dc/ http://www.openarchives.org/OAI/2.0/oai_dc.xsd">
  <dc:creator>Martín Casales, Carolina</dc:creator>
  <dc:creator>González Guerrero, Joaquín</dc:creator>
  <dc:title>Disminución del dolor en la vacunación intramuscular en niños</dc:title>
  <dc:identifier>http://zaguan.unizar.es/record/10468</dc:identifier>
  <dc:subject>vacunación</dc:subject>
  <dc:subject>aspiración</dc:subject>
  <dc:subject>dolor</dc:subject>
  <dc:subject>lactantes</dc:subject>
  <dc:publisher>Universidad de Zaragoza</dc:publisher>
  <dc:date>2013</dc:date>
  <dc:description>El dolor que causan las inyecciones se ha convertido en la principal causa del abandono del calendario de vacunación, aún siendo las vacunas uno de los avances más importantes para la prevención de la enfermedad. En este trabajo buscamos encontrar por medio de una revisión bibliográfica las técnicas con las que se consiga disminuir el dolor de los niños cuando acuden a las consultas de enfermería. Para ello se han utilizado distintos estudios en los que se realizan diferentes técnicas para demostrar cuál es la menos dolorosa. A su vez, y teniendo en cuenta que una de las prácticas que se pautan para disminuir el dolor es la de no realizar la aspiración en las inyecciones, se valoran distintos trabajos que evalúan la necesidad de realizar esta técnica.</dc:description>
  <dc:format>pdf</dc:format>
  <dc:language>spa</dc:language>
  <dc:type>info:eu-repo/semantics/bachelorThesis</dc:type>
  <dc:rights>by-nc-sa</dc:rights>
  <dc:rights>http://creativecommons.org/licenses/by-nc-sa/3.0/</dc:rights>
</oai_dc:dc>