<?xml version="1.0" encoding="UTF-8"?><oai_dc:dc xmlns:oai_dc="http://www.openarchives.org/OAI/2.0/oai_dc/" xmlns:dc="http://purl.org/dc/elements/1.1/" xmlns:xsi="http://www.w3.org/2001/XMLSchema-instance" xsi:schemaLocation="http://www.openarchives.org/OAI/2.0/oai_dc/ http://www.openarchives.org/OAI/2.0/oai_dc.xsd">
  <dc:creator>García Sierra, Elena</dc:creator>
  <dc:creator>Subirón Valero, Ana Belén</dc:creator>
  <dc:title>Programa "Mano a mano". Programa de educación para la salud dirigido a cuidadores familiares de personas con enfermedad neurodegenerativa</dc:title>
  <dc:identifier>http://zaguan.unizar.es/record/10748</dc:identifier>
  <dc:publisher>Universidad de Zaragoza</dc:publisher>
  <dc:date>2013</dc:date>
  <dc:description>La población de mayores de 65 años está aumentando de forma notoria, con el consiguiente aumento de personas en situación de dependencia. La atención de estas personas dependientes se realiza de forma mayoritaria por la familia, siendo las mujeres las principales cuidadoras, perpetuando así el rol tradicional asociado a la mujer y contextualizando el cuidado familiar en una situación de desigualdad social y de género. El cuidado conlleva importantes repercusiones en la calidad de vida y salud de la persona cuidadora, que se ve a menudo sola y desbordada por la situación.  De esta realidad surge el siguiente trabajo, con el objetivo de promover un programa de educación para la salud dirigido a los cuidadores familiares de personas con enfermedad neurodegenerativa, que permita proporcionar herramientas para mejorar el nivel de conocimientos respecto al cuidado, elevar la implicación en su autocuidado y mejorar su salud física, emocional y social.</dc:description>
  <dc:format>pdf</dc:format>
  <dc:language>spa</dc:language>
  <dc:type>info:eu-repo/semantics/bachelorThesis</dc:type>
  <dc:rights>by-nc-sa</dc:rights>
  <dc:rights>http://creativecommons.org/licenses/by-nc-sa/3.0/</dc:rights>
</oai_dc:dc>