<?xml version="1.0" encoding="UTF-8"?><oai_dc:dc xmlns:oai_dc="http://www.openarchives.org/OAI/2.0/oai_dc/" xmlns:dc="http://purl.org/dc/elements/1.1/" xmlns:xsi="http://www.w3.org/2001/XMLSchema-instance" xsi:schemaLocation="http://www.openarchives.org/OAI/2.0/oai_dc/ http://www.openarchives.org/OAI/2.0/oai_dc.xsd">
  <dc:creator>Navarro Benítez-Dávila, Silvia</dc:creator>
  <dc:creator>Martínez Herranz, Amparo</dc:creator>
  <dc:title>Cinetours Aragón</dc:title>
  <dc:identifier>http://zaguan.unizar.es/record/10137</dc:identifier>
  <dc:subject>Cine</dc:subject>
  <dc:publisher>Universidad de Zaragoza</dc:publisher>
  <dc:date>2013</dc:date>
  <dc:description>Nuestra Comunidad Autónoma, es rica en un patrimonio, desconocido para la mayoría del gran público, como son los lugares donde se han  rodado toda una serie de películas,  es por lo que hemos pensado en crear una empresa, que se dedique a realizar unas rutas guiadas y tematizadas por los distintos lugares donde se filmaron las mismas. En este presente proyecto, vamos a explicar todo el proceso para llevarla a cabo.</dc:description>
  <dc:format>pdf</dc:format>
  <dc:language>spa</dc:language>
  <dc:type>info:eu-repo/semantics/masterThesis</dc:type>
  <dc:rights>by-nc-sa</dc:rights>
  <dc:rights>http://creativecommons.org/licenses/by-nc-sa/3.0/</dc:rights>
</oai_dc:dc>