<?xml version="1.0" encoding="UTF-8"?><oai_dc:dc xmlns:oai_dc="http://www.openarchives.org/OAI/2.0/oai_dc/" xmlns:dc="http://purl.org/dc/elements/1.1/" xmlns:xsi="http://www.w3.org/2001/XMLSchema-instance" xsi:schemaLocation="http://www.openarchives.org/OAI/2.0/oai_dc/ http://www.openarchives.org/OAI/2.0/oai_dc.xsd">
  <dc:creator>Casas Alguacil, Ismael</dc:creator>
  <dc:creator>Oliván Saliente, Ricardo</dc:creator>
  <dc:creator>Urbina Pérez, Olga</dc:creator>
  <dc:title>Análisis estratégico del grupo Inditex</dc:title>
  <dc:identifier>http://zaguan.unizar.es/record/11037</dc:identifier>
  <dc:subject>análisis estratégico</dc:subject>
  <dc:subject>dafo</dc:subject>
  <dc:subject>inditex</dc:subject>
  <dc:publisher>Universidad de Zaragoza</dc:publisher>
  <dc:date>2013</dc:date>
  <dc:description>El objetivo de este trabajo es analizar la mayor multinacional del sector textil que existe actualmente, centrándonos en las estrategias que ha seguido para conseguir una ventaja competitiva que le ha permitido situarse como líder del sector. Para ello, nos apoyaremos en distintas herramientas como puede ser el análisis DAFO, el cual nos servirá como punto de partida para realizar un análisis interno y externo, lo que nos permitirá conocer cuál es la situación interna y externa de esta empresa. Dentro del análisis interno utilizaremos como herramienta de análisis la cadena de valor, que nos proporcionará información relevante de la empresa sobre el comportamiento de sus costes así como de sus elementos de diferenciación. El análisis externo lo realizaremos a través del Núcleo competitivo de Porter, estudiando las cinco fuerzas competitivas, que nos permitirá conocer las relaciones de Inditex con sus clientes y proveedores así como las posibles amenazas del entorno como la rivalidad entre los distintos competidores en el sector textil. Todo esto nos proporcionará la información necesaria para ir completando el estudio detallado del Grupo Inditex y de las estrategias que ha ido tomando para convertirse en la empresa de referencia en su sector.</dc:description>
  <dc:format>pdf</dc:format>
  <dc:language>spa</dc:language>
  <dc:type>info:eu-repo/semantics/bachelorThesis</dc:type>
  <dc:rights>by-nc-sa</dc:rights>
  <dc:rights>http://creativecommons.org/licenses/by-nc-sa/3.0/</dc:rights>
</oai_dc:dc>