<?xml version="1.0" encoding="UTF-8"?><oai_dc:dc xmlns:oai_dc="http://www.openarchives.org/OAI/2.0/oai_dc/" xmlns:dc="http://purl.org/dc/elements/1.1/" xmlns:xsi="http://www.w3.org/2001/XMLSchema-instance" xsi:schemaLocation="http://www.openarchives.org/OAI/2.0/oai_dc/ http://www.openarchives.org/OAI/2.0/oai_dc.xsd">
  <dc:creator>Ros Martínez, Maite</dc:creator>
  <dc:creator>Castellote García, Ana</dc:creator>
  <dc:title>Uso de sujeciones físicas en la Residencia "Javalambre" de Teruel: análisis de los residentes en los meses de Noviembre y Diciembre en el año 2012</dc:title>
  <dc:identifier>http://zaguan.unizar.es/record/10578</dc:identifier>
  <dc:publisher>Universidad de Zaragoza</dc:publisher>
  <dc:date>2013</dc:date>
  <dc:description>El rápido envejecimiento de la población, junto a las complicaciones derivadas del empleo de sujeciones físicas, justifica la necesidad de realizar una revisión del número de personas que están sometidas a algún tipo de contención y cuáles son las características que se asocian. El objetivo de este trabajo es conocer la prevalencia de uso de contenciones entre los residentes dependientes en la Residencia "Javalambre" de Teruel. Se trata de un estudio transversal descriptivo en el que se incluyeron 180 residentes. La mediana de edad fue de 88 años. Se obtuvo que la mayoría de residentes con contención eran mujeres (73,3%) y que entre las patologías más prevalentes estaban los trastornos cognitivos. Además se encontró que un gran porcentaje presentaba un estado de dependencia total (65,6%) y un riesgo alto de presentar úlceras por presión (38,9%). La prevalencia de empleo de sujeciones físicas a diario fue de 36,7% y los métodos más utilizados, las barandillas y el braguero perineal (97,2%, 29,44% respectivamente). Un 33,9% de residentes llevaba aplicado dos o más sistemas de contención, siendo un máximo de 4, y el 70,6% tomaba algún tipo de psicofármaco. Como conclusión, existe un porcentaje elevado en la aplicación de sujeciones físicas, lo que plantea la necesidad de seguir trabajando en el concepto que éstas engloban con el objetivo disminuir su uso.</dc:description>
  <dc:format>pdf</dc:format>
  <dc:language>spa</dc:language>
  <dc:type>info:eu-repo/semantics/bachelorThesis</dc:type>
  <dc:rights>by-nc-sa</dc:rights>
  <dc:rights>http://creativecommons.org/licenses/by-nc-sa/3.0/</dc:rights>
</oai_dc:dc>