<?xml version="1.0" encoding="UTF-8"?><oai_dc:dc xmlns:oai_dc="http://www.openarchives.org/OAI/2.0/oai_dc/" xmlns:dc="http://purl.org/dc/elements/1.1/" xmlns:xsi="http://www.w3.org/2001/XMLSchema-instance" xsi:schemaLocation="http://www.openarchives.org/OAI/2.0/oai_dc/ http://www.openarchives.org/OAI/2.0/oai_dc.xsd">
  <dc:creator>Cenarro Maestre, Ignacio</dc:creator>
  <dc:creator>Montañés Espinosa, Antonio</dc:creator>
  <dc:title>Instalación eléctrica en B.T. de local destinado a biblioteca</dc:title>
  <dc:identifier>http://zaguan.unizar.es/record/10541</dc:identifier>
  <dc:subject>instalación eléctrica biblioteca</dc:subject>
  <dc:publisher>Universidad de Zaragoza</dc:publisher>
  <dc:date>2013</dc:date>
  <dc:description>Instalación eléctrica en B.T. de local destinado a biblioteca, este proyecto contiene memoria, pliego de condiciones, presupuesto y planos. Se realiza un estudio de fuerza, alumbrado, telecomunicación, previsión de A.A., protección contra incendios entre otros.</dc:description>
  <dc:format>pdf</dc:format>
  <dc:language>spa</dc:language>
  <dc:type>info:eu-repo/semantics/masterThesis</dc:type>
  <dc:rights>by-nc-sa</dc:rights>
  <dc:rights>http://creativecommons.org/licenses/by-nc-sa/3.0/</dc:rights>
</oai_dc:dc>