<?xml version="1.0" encoding="UTF-8"?><oai_dc:dc xmlns:oai_dc="http://www.openarchives.org/OAI/2.0/oai_dc/" xmlns:dc="http://purl.org/dc/elements/1.1/" xmlns:xsi="http://www.w3.org/2001/XMLSchema-instance" xsi:schemaLocation="http://www.openarchives.org/OAI/2.0/oai_dc/ http://www.openarchives.org/OAI/2.0/oai_dc.xsd">
  <dc:creator>Cuadrado García, Mónica</dc:creator>
  <dc:creator>Hernández Torres, Antonio</dc:creator>
  <dc:title>Programa de prevención del pie diabético en Atención Primaria</dc:title>
  <dc:identifier>http://zaguan.unizar.es/record/10548</dc:identifier>
  <dc:subject>pie diabético</dc:subject>
  <dc:subject>diabetes mellitus tipo II</dc:subject>
  <dc:subject>atención primaria</dc:subject>
  <dc:subject>educación</dc:subject>
  <dc:subject>prevención</dc:subject>
  <dc:publisher>Universidad de Zaragoza</dc:publisher>
  <dc:date>2013</dc:date>
  <dc:description>La diabetes Mellitus tipo II ha sido catalogada como la epidemia del siglo XXI tanto por su creciente magnitud como por su impacto en la enfermedad cardiovascular, primera causa de mortalidad en las sociedades desarrolladas. La diabetes Mellitus tipo II es una de las enfermedades crónicas con mayor prevalencia (13,8% en España). Conlleva una serie de complicaciones; entre un 15-25% de los pacientes diabéticos presentarán lesiones en los pies, “pie diabético”, en algún momento de su evolución, requiriendo en un 14-20% amputaciones de miembro inferior. El programa está diseñado para llevarse a cabo en cualquier centro de AP y está dirigido a todos los diabéticos tipo II.  El programa se centra en el pie diabético porque esta patología genera importantes costes sociales y económicos, y por ser un campo de trabajo en el que la enfermería a través de su rol de educadora de la salud, y teniendo en cuenta las características de su profesión, puede abordar un programa de prevención estructurado, combinando la educación individual en la consulta de Atención Primaria y la educación grupal mediante talleres de temática variada, como cuidados de los pies, autocontrol, alimentación, etc. Otros programas similares evidencian, a través de la bibliografía, que la combinación de la educación individual y grupal logra que los pacientes diabéticos conozcan y adquieran los conocimientos y habilidades necesarios para llevar un correcto autocontrol de su enfermedad, especialmente en los autocuidados referentes al pie diabético, que les conducirá a llevar una vida completa y saludable.</dc:description>
  <dc:format>pdf</dc:format>
  <dc:language>spa</dc:language>
  <dc:type>info:eu-repo/semantics/bachelorThesis</dc:type>
  <dc:rights>by-nc-sa</dc:rights>
  <dc:rights>http://creativecommons.org/licenses/by-nc-sa/3.0/</dc:rights>
</oai_dc:dc>