<?xml version="1.0" encoding="UTF-8"?><oai_dc:dc xmlns:oai_dc="http://www.openarchives.org/OAI/2.0/oai_dc/" xmlns:dc="http://purl.org/dc/elements/1.1/" xmlns:xsi="http://www.w3.org/2001/XMLSchema-instance" xsi:schemaLocation="http://www.openarchives.org/OAI/2.0/oai_dc/ http://www.openarchives.org/OAI/2.0/oai_dc.xsd">
  <dc:creator>Rada Ojer, Virginia</dc:creator>
  <dc:creator>Longares Aladrén, Luis Alberto</dc:creator>
  <dc:title>Reptiles como bioindicadores para definir las regiones Atlántica y Mediterránea</dc:title>
  <dc:identifier>http://zaguan.unizar.es/record/10100</dc:identifier>
  <dc:subject>clima atlántico</dc:subject>
  <dc:subject>clima mediterráneo</dc:subject>
  <dc:subject>modelos de distribución de especies</dc:subject>
  <dc:subject>temperatura</dc:subject>
  <dc:subject>precipitación</dc:subject>
  <dc:publisher>Universidad de Zaragoza</dc:publisher>
  <dc:date>2013</dc:date>
  <dc:description>En el presente trabajo, se han tratado de definir las regiones climáticas Atlántica y Mediterránea, usando ciertas especies de reptiles, como bioindicadores, a través de los modelos de distribución generados a partir de los datos de presencia-pseudoausencia de las 7 especies de reptiles. Es decir, dependiendo de su localización, intentar definir las regiones climáticas.</dc:description>
  <dc:format>pdf</dc:format>
  <dc:language>spa</dc:language>
  <dc:type>info:eu-repo/semantics/masterThesis</dc:type>
  <dc:rights>by-nc-sa</dc:rights>
  <dc:rights>http://creativecommons.org/licenses/by-nc-sa/3.0/</dc:rights>
</oai_dc:dc>