<?xml version="1.0" encoding="UTF-8"?><oai_dc:dc xmlns:oai_dc="http://www.openarchives.org/OAI/2.0/oai_dc/" xmlns:dc="http://purl.org/dc/elements/1.1/" xmlns:xsi="http://www.w3.org/2001/XMLSchema-instance" xsi:schemaLocation="http://www.openarchives.org/OAI/2.0/oai_dc/ http://www.openarchives.org/OAI/2.0/oai_dc.xsd">
  <dc:creator>Del Busto Blasco, Bruno</dc:creator>
  <dc:creator>Jordán Serrano, Miriam</dc:creator>
  <dc:creator>Murillo Luna, Josefina Lucía</dc:creator>
  <dc:title>Responsabilidad Social Corporativa Interna como creación de valor: hipocresía y realidad</dc:title>
  <dc:identifier>http://zaguan.unizar.es/record/11103</dc:identifier>
  <dc:publisher>Universidad de Zaragoza</dc:publisher>
  <dc:date>2013</dc:date>
  <dc:description>Este trabajo trata sobre la responsabilidad aplicada al mundo de las empresas. Más concretamente, acerca de una parte de la misma, la vertiente interna de la denominada Responsabilidad Social Corporativa. En el contexto actual de crisis económica en el que nos encontramos, la mayoría de las empresas se plantean continuamente la reducción de sus plantillas como único paliativo para combatirla. Esto ha llevado a la sociedad a reclamar un mayor interés de las empresas por las cuestiones vinculadas con la RSC. Todo ello, partiendo de la base de una relación de compromiso entre la empresa y los trabajadores, unidos por un interés común y una relación de respeto, solidaridad, confianza y compromiso entre la empresa y este grupo de interés tan importante, como son los propios trabajadores. Respecto a la parte práctica hemos querido abordar, a modo de denuncia, el problema que se plantea en la sociedad con empresas que afirman ser socialmente responsables y, en cambio, realizan prácticas no éticas con sus trabajadores.</dc:description>
  <dc:format>pdf</dc:format>
  <dc:language>spa</dc:language>
  <dc:type>info:eu-repo/semantics/bachelorThesis</dc:type>
  <dc:rights>by-nc-sa</dc:rights>
  <dc:rights>http://creativecommons.org/licenses/by-nc-sa/3.0/</dc:rights>
</oai_dc:dc>