<?xml version="1.0" encoding="UTF-8"?><oai_dc:dc xmlns:oai_dc="http://www.openarchives.org/OAI/2.0/oai_dc/" xmlns:dc="http://purl.org/dc/elements/1.1/" xmlns:xsi="http://www.w3.org/2001/XMLSchema-instance" xsi:schemaLocation="http://www.openarchives.org/OAI/2.0/oai_dc/ http://www.openarchives.org/OAI/2.0/oai_dc.xsd">
  <dc:creator>Bautista Pérez, Santiago</dc:creator>
  <dc:creator>Fanlo Mazas, Pablo</dc:creator>
  <dc:title>Tratamiento del paciente hemipléjico tras infarto lacunar en corona radiada izquierda</dc:title>
  <dc:identifier>http://zaguan.unizar.es/record/10918</dc:identifier>
  <dc:subject>ictus isquémico lacunar</dc:subject>
  <dc:subject>stroke</dc:subject>
  <dc:subject>hemiplejia</dc:subject>
  <dc:subject>fisioterapia</dc:subject>
  <dc:subject>tratamiento</dc:subject>
  <dc:publisher>Universidad de Zaragoza</dc:publisher>
  <dc:date>2013</dc:date>
  <dc:description>Introducción: El análisis del tratamiento fisioterápico del ictus tiene especial importancia por ser la primera causa de discapacidad en el adulto, su creciente incidencia y su alto gasto sanitario. Metodología: planteamos un estudio intra-sujeto del tratamiento fisioterápico en una paciente con hemiplejia derecha de 1 mes de evolución del ictus hasta los 3 meses. Realizamos una valoración fisioterápica en la que recogemos aspectos motores, sensitivos y cognitivos. Además, evaluamos mediante escalas objetivas y validadas la capacidad de marcha, el grado de discapacidad física, de la marcha y de las actividades de la vida diaria, la función del miembro superior, la espasticidad y el estado anímico y cognoscitivo del paciente. Al final del estudio se volvieron a realizar todas estas mediciones para analizar los resultados del tratamiento. Resultados: se apreciaron mejores en la escala Functional Ambulation Category, en el índice Barthel, en la escala Rankin, en el test de control de tronco y en la escala de Demeurisse. En miembro superior se apreció una reducción en la escala Ashworth, mientras que no se apreció cambio en la escala Frenchay. Discusión: la aplicación de un tratamiento fisioterápico pudo influir positivamente en la mejora de la función del miembro inferior, de la deambulación y de la independencia en las AVD. Los escasos resultados en miembro superior pueden atribuirse a la falta de agarre y la falta de función del miembro superior al principio del tratamiento, siendo factores pronósticos de su posible mala recuperación.</dc:description>
  <dc:format>pdf</dc:format>
  <dc:language>spa</dc:language>
  <dc:type>info:eu-repo/semantics/bachelorThesis</dc:type>
  <dc:rights>by-nc-sa</dc:rights>
  <dc:rights>http://creativecommons.org/licenses/by-nc-sa/3.0/</dc:rights>
</oai_dc:dc>