<?xml version="1.0" encoding="UTF-8"?><oai_dc:dc xmlns:oai_dc="http://www.openarchives.org/OAI/2.0/oai_dc/" xmlns:dc="http://purl.org/dc/elements/1.1/" xmlns:xsi="http://www.w3.org/2001/XMLSchema-instance" xsi:schemaLocation="http://www.openarchives.org/OAI/2.0/oai_dc/ http://www.openarchives.org/OAI/2.0/oai_dc.xsd">
  <dc:creator>Chueca Larraga, Erika</dc:creator>
  <dc:creator>Domínguez Oliván, Guillermo</dc:creator>
  <dc:title>Estudio-Diagnóstico sobre la mujer que ejerce prostitución en Zaragoza</dc:title>
  <dc:identifier>http://zaguan.unizar.es/record/10988</dc:identifier>
  <dc:subject>intervención social</dc:subject>
  <dc:subject>prostitución</dc:subject>
  <dc:subject>prostitución femenina</dc:subject>
  <dc:subject>salud emocional</dc:subject>
  <dc:subject>trata de seres humanos con fines de explotación sexual</dc:subject>
  <dc:publisher>Universidad de Zaragoza</dc:publisher>
  <dc:date>2013</dc:date>
  <dc:description>Estudio-diagnóstico sobre la mujer que ejerce la prostitución en Zaragoza, cuyos objetivos han sido la creación de un perfil socio-demográfico real sobre la prostitución femenina en Zaragoza a día de hoy y propuestas de intervención social desde la perspectiva del trabajo social.</dc:description>
  <dc:format>pdf</dc:format>
  <dc:language>spa</dc:language>
  <dc:type>info:eu-repo/semantics/bachelorThesis</dc:type>
  <dc:rights>by-nc-sa</dc:rights>
  <dc:rights>http://creativecommons.org/licenses/by-nc-sa/3.0/</dc:rights>
</oai_dc:dc>