<?xml version="1.0" encoding="UTF-8"?><oai_dc:dc xmlns:oai_dc="http://www.openarchives.org/OAI/2.0/oai_dc/" xmlns:dc="http://purl.org/dc/elements/1.1/" xmlns:xsi="http://www.w3.org/2001/XMLSchema-instance" xsi:schemaLocation="http://www.openarchives.org/OAI/2.0/oai_dc/ http://www.openarchives.org/OAI/2.0/oai_dc.xsd">
  <dc:creator>Padilla Jiménez, Edelio</dc:creator>
  <dc:creator>Valdearcos Enguidanos, Santiago</dc:creator>
  <dc:title>Perfil de riesgo cardiovascular en pacientes con gota en atención primaria en el sector de Teruel, 2012-2013</dc:title>
  <dc:identifier>http://zaguan.unizar.es/record/10570</dc:identifier>
  <dc:publisher>Universidad de Zaragoza</dc:publisher>
  <dc:date>2013</dc:date>
  <dc:description>Introducción: la gota es una enfermedad que resulta del depósito tisular de cristales de urato monosódicos en las estructuras articulares y periarticulares, se caracteriza por hiperuricemia, que es la concentración de acido úrico &gt;7mg/dl en varón y &gt;6mg/dl en la mujer. Objetivo: describir el perfil y factores de riesgo en pacientes que han padecido un ataque agudo de gota durante el periodo 2012-2013 en el sector de Teruel. Metodología: estudio descriptivo retrospectivo. Se han estudiado a 83 pacientes que  padecierón un ataque agudo de gota en el centro de salud del Centro y Ensanche en Teruel durante el periodo 2012-2013. Variables estudiadas: sexo, edad, peso, talla, ingesta de alcohol, diabetes, enfermedad cardiovascular, HTA, dislipemia, fumador, hiperuricemia, valor analítico, administración de fármacos como diuréticos, acido acetilsalicílico, alopurinol, antiinflamatorios y colchicina. Resultados: el 83,1% eran hombres con una edad media de 61,25 años. Los FRCV mas prevalentes fueron HTA 38,6%, obesidad un 32,5%,  hipercolesterolemia en el 30,1% y diabetes 14,5%. El 86,7% tenía algún factor de riesgo cardiovascular y el 20,4% de los pacientes tenía cuatro o más FRCV. Se observan diferencias significativas entre la edad y sexo predominando las mujeres con una edad media de 70,14 años. Conclusiones: Se han encontrado prevalencias elevadas de FRCV en los pacientes con gota úrica. Por lo que hay que realizar intervenciones terapéuticas comunitarias dirigidas a modificar los estilos de vida poco saludables estimulando el ejercicio físico, la pérdida de peso en los casos de obesidad o sobrepeso y actuando sobre el consumo de tabaco y el consumo excesivo de alcohol.</dc:description>
  <dc:format>pdf</dc:format>
  <dc:language>spa</dc:language>
  <dc:type>info:eu-repo/semantics/bachelorThesis</dc:type>
  <dc:rights>by-nc-sa</dc:rights>
  <dc:rights>http://creativecommons.org/licenses/by-nc-sa/3.0/</dc:rights>
</oai_dc:dc>