<?xml version="1.0" encoding="UTF-8"?><oai_dc:dc xmlns:oai_dc="http://www.openarchives.org/OAI/2.0/oai_dc/" xmlns:dc="http://purl.org/dc/elements/1.1/" xmlns:xsi="http://www.w3.org/2001/XMLSchema-instance" xsi:schemaLocation="http://www.openarchives.org/OAI/2.0/oai_dc/ http://www.openarchives.org/OAI/2.0/oai_dc.xsd">
  <dc:creator>Gallego Serrats, Marta</dc:creator>
  <dc:creator>López del Hoyo, Yolanda</dc:creator>
  <dc:title>Proyecto de creación de taller ocupacional de enfermos mentales " Río Arba"</dc:title>
  <dc:identifier>http://zaguan.unizar.es/record/11109</dc:identifier>
  <dc:publisher>Universidad de Zaragoza</dc:publisher>
  <dc:date>2013</dc:date>
  <dc:description>Creación de un Centro Ocupacional para enfermos mentales en el municipio aragonés de Gallur, perteneciente a la Comarca Ribera Alta del Ebro. Se trata de un proyecto para hacer frente a las necesidades de las personas con enfermedad mental del municipio, haciendo un estudio/investigación previo para conocer las mismas a través de entrevistas semiestructuradas a diferentes profesionales del ámbito y un análisis estadístico comparativo de una tabla excel cuyos datos han sido proporcionados por la trabajadora social del Centro de Salud Mental de Gallur. Y, con cuyos resultados se ha diseñado el centro ocupacional. Conocer e intervenir en la problemática psicosocial que padecen las personas con enfermedad mental, así como recoger la necesidad mostrada por el profesional del municipio de realizar una actuación con dichas personas.</dc:description>
  <dc:format>pdf</dc:format>
  <dc:language>spa</dc:language>
  <dc:type>info:eu-repo/semantics/bachelorThesis</dc:type>
  <dc:rights>by-nc-sa</dc:rights>
  <dc:rights>http://creativecommons.org/licenses/by-nc-sa/3.0/</dc:rights>
</oai_dc:dc>