<?xml version="1.0" encoding="UTF-8"?><oai_dc:dc xmlns:oai_dc="http://www.openarchives.org/OAI/2.0/oai_dc/" xmlns:dc="http://purl.org/dc/elements/1.1/" xmlns:xsi="http://www.w3.org/2001/XMLSchema-instance" xsi:schemaLocation="http://www.openarchives.org/OAI/2.0/oai_dc/ http://www.openarchives.org/OAI/2.0/oai_dc.xsd">
  <dc:creator>Bareas Bueno, Sara</dc:creator>
  <dc:creator>Puig Comas, Nuria</dc:creator>
  <dc:title>Prevención y tratamiento de la incontinencia en la mujer desde la gestación a la vejez</dc:title>
  <dc:identifier>http://zaguan.unizar.es/record/10442</dc:identifier>
  <dc:subject>incontinencia urinaria</dc:subject>
  <dc:subject>incontinencia en mujeres</dc:subject>
  <dc:subject>ejercicios de Kegel</dc:subject>
  <dc:subject>reeducación vesical</dc:subject>
  <dc:publisher>Universidad de Zaragoza</dc:publisher>
  <dc:date>2013</dc:date>
  <dc:description>La incontinencia urinaria (IU) en la actualidad es un problema grave de nuestra sociedad que afecta tanto a jóvenes como a ancianos, mujeres u hombres, aunque su prevalencia aumenta con la edad y es mayor en mujeres y ancianos. Las consecuencias de las disfunciones del suelo pélvico suponen un gran problema para la población femenina, ya que la incontinencia urinaria afecta en numerosos aspectos de su calidad de vida. Existen distintos tipos de incontinencias: de esfuerzo, de urgencia, mixta, funcional o por rebosamiento.  También existen diversos factores de riesgo que favorecen su aparición, entre ellos destaca el embarazo y la obesidad. Frente a la incontinencia urinaria hay diversos tratamientos: conservadores (entrenamiento conductual, fisioterapia, estimulación eléctrica, conos vaginales y cambios en el estilo de vida); farmacológicos (anticolinérgicos, agonistas de la serotonina); quirúrgicos (el último en llevarse a cabo). Cabe destacar los tratamientos de reeducación vesical, la electroestimulación y los ejercicios de suelo pélvico, llevados a cabo en solitario o combinados. En la actualidad cuando las personas sufren estos problemas no suelen acudir al personal sanitario, por ello, con el tiempo, suponen un importante gasto tanto a nivel social como económico. El propósito de este trabajo es valorar el estado de la cuestión, basándose en artículos de evidencia científica relacionados con la IU en mujeres. Y así obtener recomendaciones ajustadas a la evidencia disponible que sirvan de base para un hipotético plan de cuidados estandarizado para mujeres que sufren, o están en riesgo de sufrir, IU debido a un deterioro del suelo pelviano.</dc:description>
  <dc:format>pdf</dc:format>
  <dc:language>spa</dc:language>
  <dc:type>info:eu-repo/semantics/bachelorThesis</dc:type>
  <dc:rights>by-nc-sa</dc:rights>
  <dc:rights>http://creativecommons.org/licenses/by-nc-sa/3.0/</dc:rights>
</oai_dc:dc>