<?xml version="1.0" encoding="UTF-8"?><oai_dc:dc xmlns:oai_dc="http://www.openarchives.org/OAI/2.0/oai_dc/" xmlns:dc="http://purl.org/dc/elements/1.1/" xmlns:xsi="http://www.w3.org/2001/XMLSchema-instance" xsi:schemaLocation="http://www.openarchives.org/OAI/2.0/oai_dc/ http://www.openarchives.org/OAI/2.0/oai_dc.xsd">
  <dc:creator>Alba Hernández, José Antonio</dc:creator>
  <dc:creator>Mosteo Abad, Rosa</dc:creator>
  <dc:title>Aplicación de procesos de oxidación avanzada basados en el ozono para el tratamiento de vertidos de la industria del zumo</dc:title>
  <dc:identifier>http://zaguan.unizar.es/record/10309</dc:identifier>
  <dc:subject>procesos de oxidación avanzada</dc:subject>
  <dc:subject>ozono</dc:subject>
  <dc:subject>zumo de naranja</dc:subject>
  <dc:publisher>Universidad de Zaragoza</dc:publisher>
  <dc:date>2013</dc:date>
  <dc:description>Se estudia el tratamiento de Procesos de Oxidación Avanzada (POAs)basados en el ozono para el tratamiento de un vertido de la industria del zumo de naranja y se compara con un tratamiento convencional de coagulación-floculación. Este vertido presenta un pH ácido, alto contenido en color y materia orgánica. Mediante el tratamiento de POAs, en sus mejores condiciones, O3/H2O2/UV pH básico, 1017 mg/L H2O2,150 min, se consigue eliminar todo el color y turbidez, pero sólo se obtienen reducciones cercanas al 10% y 15% del Carbono Orgánico Total (COT) y de la Demanda Química de Oxigeno (DQO), respectivamente. Ambos son parámetros indicadores del nivel de materia orgánica. Pretratando el proceso de oxidación avanzada basados en ozono con una etapa de coagulación-floculación se consigue una eliminación del 30% para DQO y COT, sin embargo el vertido final queda coloreado y con una alta turbidez. Incluyendo despues otra etapa de filtrado se consigue reducir en gran cantidad esta turbidez y color. Examinando los costes, se observa como el coste mayoritario proviene de los reactivos, resultando una metodología cara. Se concluye que existen métodos más adecuados (Fenton) para el tratamiento de este tipo de vertidos.</dc:description>
  <dc:format>pdf</dc:format>
  <dc:language>spa</dc:language>
  <dc:type>info:eu-repo/semantics/masterThesis</dc:type>
  <dc:rights>by-nc-sa</dc:rights>
  <dc:rights>http://creativecommons.org/licenses/by-nc-sa/3.0/</dc:rights>
</oai_dc:dc>