<?xml version="1.0" encoding="UTF-8"?><oai_dc:dc xmlns:oai_dc="http://www.openarchives.org/OAI/2.0/oai_dc/" xmlns:dc="http://purl.org/dc/elements/1.1/" xmlns:xsi="http://www.w3.org/2001/XMLSchema-instance" xsi:schemaLocation="http://www.openarchives.org/OAI/2.0/oai_dc/ http://www.openarchives.org/OAI/2.0/oai_dc.xsd">
  <dc:creator>Agudo Marín, Silvia</dc:creator>
  <dc:creator>Francisco García, Isabel de</dc:creator>
  <dc:title>Estudio de la microestructura y propiedades mecánicas de cerámicas eutécticas procesadas por horno láser</dc:title>
  <dc:identifier>http://zaguan.unizar.es/record/10582</dc:identifier>
  <dc:subject>eutéctico</dc:subject>
  <dc:subject>espinela</dc:subject>
  <dc:subject>láser</dc:subject>
  <dc:subject>horno láser</dc:subject>
  <dc:subject>cerámica</dc:subject>
  <dc:subject>fusión zonal</dc:subject>
  <dc:publisher>Universidad de Zaragoza</dc:publisher>
  <dc:date>2013</dc:date>
  <dc:description>En este proyecto se presentan los resultados y conclusiones obtenidos tras tratar por fusión zonal con horno láser muestras de las siguientes mezclas de óxidos cerámicos en proporciones estequiométricas: MnO-Al2O3, CoO-Al2O3 y CaO-Al2O3, a distintas condiciones de tratamiento, para posteriormente realizar un estudio en profundidad de su microestructura mediante: microscopio electrónico de barrido (SEM), caracterización composicional mediante microscopio electrónico (EDX), Análisis Rayos X (XRD).Y por último, caracterizar mecánicamente dichas muestras mediante un ensayo de nanodureza.</dc:description>
  <dc:format>pdf</dc:format>
  <dc:language>spa</dc:language>
  <dc:type>info:eu-repo/semantics/masterThesis</dc:type>
  <dc:rights>by-nc-sa</dc:rights>
  <dc:rights>http://creativecommons.org/licenses/by-nc-sa/3.0/</dc:rights>
</oai_dc:dc>