<?xml version="1.0" encoding="UTF-8"?><oai_dc:dc xmlns:oai_dc="http://www.openarchives.org/OAI/2.0/oai_dc/" xmlns:dc="http://purl.org/dc/elements/1.1/" xmlns:xsi="http://www.w3.org/2001/XMLSchema-instance" xsi:schemaLocation="http://www.openarchives.org/OAI/2.0/oai_dc/ http://www.openarchives.org/OAI/2.0/oai_dc.xsd">
  <dc:creator>Lahoz Cirajas, Noelia</dc:creator>
  <dc:creator>Pérez Sanz, José Raúl</dc:creator>
  <dc:title>Intervención de enfermería en la enfermedad de Ondine</dc:title>
  <dc:identifier>http://zaguan.unizar.es/record/10792</dc:identifier>
  <dc:subject>síndrome de hipoventilación central congénita idiopática</dc:subject>
  <dc:subject>enfermedad de ondine</dc:subject>
  <dc:subject>maldición de ondina</dc:subject>
  <dc:publisher>Universidad de Zaragoza</dc:publisher>
  <dc:date>2013</dc:date>
  <dc:description>Introducción:  la enfermedad de Ondine consiste en un síndrome de hipoventilación central congénita idiopática (SHCCI) secundario a un trastorno del sistema nervioso central (SNC), mediante el cual el control autonómico de la respiración no está presente o se encuentra deteriorado, en ausencia de una enfermedad primaria del tronco del encéfalo, neuromuscular, pulmonar, metabólica o cardíaca que lo justifique. El enfoque terapéutico debe ser multidisciplinar, aunque irá dirigido principalmente a mantener una adecuada ventilación. Material y método: para realizar el estudio, se ha aplicado un diseño de carácter descriptivo basado en la búsqueda de fuentes bibliográficas y con la aplicación de competencias del plan de estudios del título de grado en Enfermería.  En base a la revisión realizada se elaboró un plan de cuidados dirigido a las enfermeras y enfermeros que trabajen con este tipo de enfermedad. Objetivo: dar a conocer la enfermedad y hacer entender los medios más eficaces en el manejo de un paciente que padece la enfermedad de Ondine, en todos los aspectos que la rodean y proponer un plan de cuidados de enfermería para el paciente o familia con enfermedad de Ondine. Conclusiones: destacar la gran  importancia que tiene el hacer un diagnóstico y tratamiento precoz  ya que influirá directamente en el pronóstico de la misma a largo plazo y la supervivencia en estos pacientes. El enfoque terapéutico debe ser multidisciplinar e irá dirigido principalmente a mantener una adecuada ventilación. El grado de intensidad de la enfermedad es variable, en algunos casos más severos la hipoventilación se produce tanto durante el sueño como durante la vigilia. </dc:description>
  <dc:format>pdf</dc:format>
  <dc:language>spa</dc:language>
  <dc:type>info:eu-repo/semantics/bachelorThesis</dc:type>
  <dc:rights>by-nc-sa</dc:rights>
  <dc:rights>http://creativecommons.org/licenses/by-nc-sa/3.0/</dc:rights>
</oai_dc:dc>