<?xml version="1.0" encoding="UTF-8"?><oai_dc:dc xmlns:oai_dc="http://www.openarchives.org/OAI/2.0/oai_dc/" xmlns:dc="http://purl.org/dc/elements/1.1/" xmlns:xsi="http://www.w3.org/2001/XMLSchema-instance" xsi:schemaLocation="http://www.openarchives.org/OAI/2.0/oai_dc/ http://www.openarchives.org/OAI/2.0/oai_dc.xsd">
  <dc:creator>Zuzic Alcázar, Leyre</dc:creator>
  <dc:creator>Eito Mateo, Antonio</dc:creator>
  <dc:creator>Oliván Blázquez, Bárbara</dc:creator>
  <dc:title>Aproximación a la realidad social de las personas inmigrantes con discapacidad de la ciudad de Zaragoza: ¿Una doble barrera de exclusión?</dc:title>
  <dc:identifier>http://zaguan.unizar.es/record/11119</dc:identifier>
  <dc:subject>discapacidad</dc:subject>
  <dc:subject>doble barrera</dc:subject>
  <dc:subject>exclusión social</dc:subject>
  <dc:subject>inmigración</dc:subject>
  <dc:subject>zaragoza</dc:subject>
  <dc:publisher>Universidad de Zaragoza</dc:publisher>
  <dc:date>2013</dc:date>
  <dc:description>Este trabajo constituye un primer acercamiento a las personas inmigrantes con discapacidad de la ciudad de Zaragoza. Mediante esta aproximación se pretende estudiar el perfil del colectivo, los problemas y necesidades que poseen, los servicios y prestaciones a los que tienen acceso y la legislación relacionada que contempla la situación de los inmigrantes con discapacidad. Al mismo tiempo, se estudia la posible existencia de una doble barrera de exclusión social, debido a las dos características confluyentes generadoras de exclusión individualmente, con el fin de obtener respuesta a la idea generalizada sobre su existencia, y con ello, crear conciencia de la existencia de este colectivo tan mínimamente tenido en cuenta y estudiado.</dc:description>
  <dc:format>pdf</dc:format>
  <dc:language>spa</dc:language>
  <dc:type>info:eu-repo/semantics/bachelorThesis</dc:type>
  <dc:rights>by-nc-sa</dc:rights>
  <dc:rights>http://creativecommons.org/licenses/by-nc-sa/3.0/</dc:rights>
</oai_dc:dc>