<?xml version="1.0" encoding="UTF-8"?><oai_dc:dc xmlns:oai_dc="http://www.openarchives.org/OAI/2.0/oai_dc/" xmlns:dc="http://purl.org/dc/elements/1.1/" xmlns:xsi="http://www.w3.org/2001/XMLSchema-instance" xsi:schemaLocation="http://www.openarchives.org/OAI/2.0/oai_dc/ http://www.openarchives.org/OAI/2.0/oai_dc.xsd">
  <dc:creator>Francés Peña, Isabel</dc:creator>
  <dc:creator>Bellido Mainar, José Ramón</dc:creator>
  <dc:title>Intervención grupal en un caso de esquizofrenia paranoide en un CRPS desde terapia ocupacional</dc:title>
  <dc:identifier>http://zaguan.unizar.es/record/10911</dc:identifier>
  <dc:subject>esquizofrenia</dc:subject>
  <dc:subject>terapia ocupacional</dc:subject>
  <dc:subject>centro psicosocial</dc:subject>
  <dc:subject>psicosis incipiente</dc:subject>
  <dc:publisher>Universidad de Zaragoza</dc:publisher>
  <dc:date>2013</dc:date>
  <dc:description>La esquizofrenia es aquella alteración que puede provocar disfunción tanto a nivel cognoscitivo y emocional, como social y laboral. Se caracteriza por los signos y síntomas que pueden ser positivos o negativos. Para tratar la enfermedad, además del tratamiento farmacológico, se puede tratar en centros de rehabilitación psicosocial (CRPS), dentro de los cuales la TO desempeña un papel importante dentro de la intervención.  Los objetivos planteados son comprobar el efecto de la terapia ocupacional en las habilidades de desempeño en un centro psicosocial a través de un programa grupal en un caso clínico con esquizofrenia y valorar  los beneficios que se obtienen a través de la participación en un taller ocupacional.  La intervención se ha realizado en el CRPS por medio de actividades  ocupacionales grupales y por la participación del paciente en el taller ocupacional.  Tras tres meses de intervención, la capacidad de desempeño del paciente sigue deteriorada por el presente deterioro cognitivo y la sintomatología negativa. Si se han conseguido beneficios a través de la participación en el taller ocupacional ya que el paciente recupera parte del rol del trabajador perdido con los sentimientos de satisfacción y autorrealización que ello conlleva.</dc:description>
  <dc:format>pdf</dc:format>
  <dc:language>spa</dc:language>
  <dc:type>info:eu-repo/semantics/bachelorThesis</dc:type>
  <dc:rights>by-nc-sa</dc:rights>
  <dc:rights>http://creativecommons.org/licenses/by-nc-sa/3.0/</dc:rights>
</oai_dc:dc>