<?xml version="1.0" encoding="UTF-8"?><oai_dc:dc xmlns:oai_dc="http://www.openarchives.org/OAI/2.0/oai_dc/" xmlns:dc="http://purl.org/dc/elements/1.1/" xmlns:xsi="http://www.w3.org/2001/XMLSchema-instance" xsi:schemaLocation="http://www.openarchives.org/OAI/2.0/oai_dc/ http://www.openarchives.org/OAI/2.0/oai_dc.xsd">
  <dc:creator>Fernández Domingo,Carmelo</dc:creator>
  <dc:creator>Aliaga Jiménez, José Luis</dc:creator>
  <dc:title>Sobre el concepto de patriarcado</dc:title>
  <dc:identifier>http://zaguan.unizar.es/record/10957</dc:identifier>
  <dc:subject>patriarcado</dc:subject>
  <dc:subject>feminismo</dc:subject>
  <dc:publisher>Universidad de Zaragoza</dc:publisher>
  <dc:date>2013</dc:date>
  <dc:description>El presente trabajo pretende comprender la relación entre la evolución de uno de los conceptos esenciales del feminismo contemporáneo, el de patriarcado, y la evolución histórica de las sociedades en las que se utiliza. Como ocurre con todo concepto de fuerte carga teórica no es posible entender realmente su significado si no se pone en relación con el de otros con los que se encuentra en íntima relación, ya que solo la comprensión de sus relaciones mutuas nos hace verdaderamente comprensible su significado real. De esa forma, para realizar el trabajo he tomado en consideración la relación entre los conceptos de patriarcado, naturaleza y género en las obras de las feministas radicales americanas, de las feministas de la diferencia italianas y de dos representantes de posturas teóricas fuertemente contrapuestas, la constructivista Judith Butler y la ecofeminista Mary Daly. La comparación entre las aportaciones de estas teóricas y el análisis del momento en el que elaboraron sus teorías, o en el que éstas ha tenido influencia, así como la reflexión sobre las tradiciones culturales en las que se insertan sus obras, me ha permitido entender algunas de las potencialidades teóricas que abriga el concepto en estudio y la necesidad de reformular su contenido para adaptarlo a las nuevas circunstancias históricas.</dc:description>
  <dc:format>pdf</dc:format>
  <dc:language>spa</dc:language>
  <dc:type>info:eu-repo/semantics/masterThesis</dc:type>
  <dc:rights>by-nc-sa</dc:rights>
  <dc:rights>http://creativecommons.org/licenses/by-nc-sa/3.0/</dc:rights>
</oai_dc:dc>