<?xml version="1.0" encoding="UTF-8"?><oai_dc:dc xmlns:oai_dc="http://www.openarchives.org/OAI/2.0/oai_dc/" xmlns:dc="http://purl.org/dc/elements/1.1/" xmlns:xsi="http://www.w3.org/2001/XMLSchema-instance" xsi:schemaLocation="http://www.openarchives.org/OAI/2.0/oai_dc/ http://www.openarchives.org/OAI/2.0/oai_dc.xsd">
  <dc:creator>Pablo Bernal, Asunción</dc:creator>
  <dc:creator>Longas Saez, María</dc:creator>
  <dc:creator>Martín Moreno, Carlota</dc:creator>
  <dc:creator>Gallego Ranedo, Carmen</dc:creator>
  <dc:title>Actualización del servicio de ayuda a domicilio: necesidad y desafío. Una aproximación a las Comarcas de Valdejalón y Ribera Alta del Ebro</dc:title>
  <dc:identifier>http://zaguan.unizar.es/record/11052</dc:identifier>
  <dc:subject>comarca</dc:subject>
  <dc:subject>dependencia </dc:subject>
  <dc:subject>servicio de ayuda a domicilio</dc:subject>
  <dc:publisher>Universidad de Zaragoza</dc:publisher>
  <dc:date>2013</dc:date>
  <dc:description>El trabajo que se presenta, además de profundizar en la implantación de la Ley de la Dependencia 39/2006, analiza cuál sería  su aplicación en dos comarcas aragonesas: la Ribera Alta del Ebro y Valdejalón, proporcionando un catálogo de propuestas de  actualización y mejora  en sus servicios de ayuda a domicilio.</dc:description>
  <dc:format>pdf</dc:format>
  <dc:language>spa</dc:language>
  <dc:type>info:eu-repo/semantics/bachelorThesis</dc:type>
  <dc:rights>by-nc-sa</dc:rights>
  <dc:rights>http://creativecommons.org/licenses/by-nc-sa/3.0/</dc:rights>
</oai_dc:dc>