<?xml version="1.0" encoding="UTF-8"?><oai_dc:dc xmlns:oai_dc="http://www.openarchives.org/OAI/2.0/oai_dc/" xmlns:dc="http://purl.org/dc/elements/1.1/" xmlns:xsi="http://www.w3.org/2001/XMLSchema-instance" xsi:schemaLocation="http://www.openarchives.org/OAI/2.0/oai_dc/ http://www.openarchives.org/OAI/2.0/oai_dc.xsd">
  <dc:creator>Ortiz Andreu, Montserrat</dc:creator>
  <dc:creator>Villarroya Aparicio, María Adoración</dc:creator>
  <dc:title>Seguimiento de un caso clínico: Desinserción de tríceps</dc:title>
  <dc:identifier>http://zaguan.unizar.es/record/10858</dc:identifier>
  <dc:subject>desinserción</dc:subject>
  <dc:subject>tríceps</dc:subject>
  <dc:subject>fisioterapia</dc:subject>
  <dc:publisher>Universidad de Zaragoza</dc:publisher>
  <dc:date>2013</dc:date>
  <dc:description>Seguimiento de un caso clínico de una desinserción de tríceps total en su inserción distal asociada a una fractura por arrancamiento o avulsión del olécranon, que se re-insertó y su posterior rehabilitación fisioterapia.</dc:description>
  <dc:format>pdf</dc:format>
  <dc:language>spa</dc:language>
  <dc:type>info:eu-repo/semantics/bachelorThesis</dc:type>
  <dc:rights>by-nc-sa</dc:rights>
  <dc:rights>http://creativecommons.org/licenses/by-nc-sa/3.0/</dc:rights>
</oai_dc:dc>