<?xml version="1.0" encoding="UTF-8"?><oai_dc:dc xmlns:oai_dc="http://www.openarchives.org/OAI/2.0/oai_dc/" xmlns:dc="http://purl.org/dc/elements/1.1/" xmlns:xsi="http://www.w3.org/2001/XMLSchema-instance" xsi:schemaLocation="http://www.openarchives.org/OAI/2.0/oai_dc/ http://www.openarchives.org/OAI/2.0/oai_dc.xsd">
  <dc:creator>Clemente-Alloza Lasheras, Juan Manuel</dc:creator>
  <dc:creator>Aguirre de Juana, Javier</dc:creator>
  <dc:creator>Malón Litago, Hugo</dc:creator>
  <dc:title>Estudio de viabilidad de una instalación solar fotovoltaica en una granja de pollos en el término municipal de Robres (Huesca)</dc:title>
  <dc:identifier>http://zaguan.unizar.es/record/10880</dc:identifier>
  <dc:publisher>Universidad de Zaragoza</dc:publisher>
  <dc:date>2013</dc:date>
  <dc:description>A lo largo de este proyecto se estudia la rentabilidad de tres tipos de instalaciones solares fotovoltaicas, dos aisladas y una conectada a la red de distribución. Estas instalaciones servirán para abastecer una granja de pollos, formada por dos naves de 20.000 pollos cada una, en la localidad de Robres, Huesca. Esto se lleva a cabo para analizar las consecuencias de la eliminación de subvenciones en este sector, así como para buscar una posible alternativa a las elevadas facturas eléctricas de la explotación. Para los cálculos se han empleado los soportes informáticos PVsyst y PVGIS. El proyecto consta de dos partes, memoria y anexos, donde se amplia la información de la misma.</dc:description>
  <dc:format>pdf</dc:format>
  <dc:language>spa</dc:language>
  <dc:type>info:eu-repo/semantics/masterThesis</dc:type>
  <dc:rights>by-nc-sa</dc:rights>
  <dc:rights>http://creativecommons.org/licenses/by-nc-sa/3.0/</dc:rights>
</oai_dc:dc>