<?xml version="1.0" encoding="UTF-8"?><oai_dc:dc xmlns:oai_dc="http://www.openarchives.org/OAI/2.0/oai_dc/" xmlns:dc="http://purl.org/dc/elements/1.1/" xmlns:xsi="http://www.w3.org/2001/XMLSchema-instance" xsi:schemaLocation="http://www.openarchives.org/OAI/2.0/oai_dc/ http://www.openarchives.org/OAI/2.0/oai_dc.xsd">
  <dc:creator>Alfonso Gracia, Juan Ignacio</dc:creator>
  <dc:creator>Aragüés Estragués, Juan Manuel</dc:creator>
  <dc:title>Interpretación del capital y los mercados, según los Grundrisse de Marx</dc:title>
  <dc:identifier>http://zaguan.unizar.es/record/10023</dc:identifier>
  <dc:subject>Grundrisse</dc:subject>
  <dc:subject>Marx</dc:subject>
  <dc:subject>Mercados</dc:subject>
  <dc:publisher>Universidad de Zaragoza</dc:publisher>
  <dc:date>2013</dc:date>
  <dc:description>Se analizan en primer lugar los conceptos de dinero y de capital, partiendo del desarrollo analítico que de ellos hace Karl Marx en su obra Grundrisse. Más adelante se estudia el fenómeno de los ciclos económicos, mediante un análisis comparativo entre las teorías de Marx y las de otros autores, como Hayek o Schumpeter. Finalmente, se analiza la vinculación de la crisis con la evolución innata del capital y se proyectan las conclusiones sobre la realidad actual, con citas a Negri y Spinoza.</dc:description>
  <dc:format>pdf</dc:format>
  <dc:language>spa</dc:language>
  <dc:type>info:eu-repo/semantics/masterThesis</dc:type>
  <dc:rights>by-nc-sa</dc:rights>
  <dc:rights>http://creativecommons.org/licenses/by-nc-sa/3.0/</dc:rights>
</oai_dc:dc>