<?xml version="1.0" encoding="UTF-8"?><oai_dc:dc xmlns:oai_dc="http://www.openarchives.org/OAI/2.0/oai_dc/" xmlns:dc="http://purl.org/dc/elements/1.1/" xmlns:xsi="http://www.w3.org/2001/XMLSchema-instance" xsi:schemaLocation="http://www.openarchives.org/OAI/2.0/oai_dc/ http://www.openarchives.org/OAI/2.0/oai_dc.xsd">
  <dc:creator>Laborda Larrodé, Elena</dc:creator>
  <dc:creator>Miguel Salcedo, Natividad</dc:creator>
  <dc:title>Estudio para la reutilización del efluente de una estación depuradora de aguas residuales en el riego de maíz</dc:title>
  <dc:identifier>http://zaguan.unizar.es/record/10975</dc:identifier>
  <dc:subject>regeneración</dc:subject>
  <dc:subject>reutilización</dc:subject>
  <dc:subject>maíz</dc:subject>
  <dc:publisher>Universidad de Zaragoza</dc:publisher>
  <dc:date>2013</dc:date>
  <dc:description>Durante los últimos años, la regeneración de aguas se está haciendo cada vez más popular, y se están dando actualmente numerosas actuaciones de reutilización de aguas en diversos usos, debido a las plantas de regeneración. En concreto, el presente proyecto aborda el tema de la regeneración de aguas aplicada a una Estación Depuradora de Aguas Residuales situada en el municipio zaragozano de Tauste. Esta instalación recoge las aguas residuales domésticas e industriales de la localidad, y las depura hasta los niveles exigidos por la normativa antes de verterlas al río Arba. El objetivo principal se centra en el análisis de las posibilidades de mejora de la calidad del efluente de salida de esta Estación Depuradora, para que pueda ser reutilizado como agua de riego en parcelas con el cultivo de maíz. En base a este objetivo general, se desarrollan tres objetivos específicos, en los cuáles se basa la realización del proyecto: 1) Estudio sobre la regeneración de aguas y las técnicas aplicadas en la actualidad, así como búsqueda bibliográfica de recomendaciones y normativa vigente relativas a la reutilización de aguas para riego de maíz. Primeramente se ha realizado una búsqueda bibliográfica tanto de normativa como de recomendaciones de autores, relacionadas con los valores de diversos parámetros que exige el maíz en el agua de riego. En base a esta búsqueda, se han determinado los parámetros a tener en cuenta en los análisis del efluente y los niveles máximos permitidos (registrados en la normativa) o recomendados para esos parámetros. Igualmente se ha realizado un análisis de los principales procesos de regeneración usados en la actualidad en las estaciones de regeneración de aguas, teniendo en cuenta su eficiencia en la reducción de diversos parámetros. 2) Estudio de necesidades hídricas y de riego del maíz, y análisis de la extensión parcelaria del futuro regadío. Se ha llevado a cabo un estudio completo de la zona, seleccionando las parcelas de estudio y teniendo en cuenta la legislación vigente. Se han calculado las necesidades hídricas del parcelario de estudio desde el momento de la siembra del cultivo (abril) hasta su cosecha (diciembre), comparándolas con la cantidad total de efluente generado por la planta en ese mismo periodo. También se ha detallado un pequeño apartado sobre el mantenimiento de los caudales en el balance total de entradas y salidas de agua en el río Arba. 3)	Estudio de posibilidades de regeneración del efluente de salida de la EDAR, que estará compuesto de: -Estudio temporal de las características del efluente de salida de la EDAR de Tauste. -Caracterización física, química y biológica completa del efluente de salida. -Determinación de parámetros a reducir, según legislación y recomendaciones estudiadas. -Selección de uno o varios métodos de regeneración teniendo en cuenta los parámetros a reducir. Estudio de ventajas y desventajas de las técnicas seleccionadas. Tras la caracterización completa de muestras reales del efluente de salida se ha determinado que, de los treinta parámetros físico-químicos y biológicos, sólo cuatro de ellos se encuentran en concentraciones superiores a los límites que para ellos se imponen o se recomiendan: huevos de nematodos, Escherichia coli, coliformes totales y manganeso. A continuación se han seleccionado las técnicas de regeneración más adecuadas, en este caso ozonización y cloración, teniendo en cuenta principalmente su eficiencia en la reducción de los parámetros que sobrepasan su límite máximo establecido en el efluente de estudio. Una vez escogidos los dos métodos más adecuados, se han efectuado pruebas de ambos tratamientos de regeneración a escala de laboratorio y sobre muestras del efluente real. Los valores finales obtenidos muestran el alto grado de eficiencia de las dos técnicas en cuanto a la disminución de la concentración de los tres parámetros biológicos que superaban su límite. Tras la realización del proyecto se han obtenido varias conclusiones. En primer lugar, los valores límite de los parámetros analizados se han establecido basándose en la normativa relativa a regeneración de aguas y Estaciones Depuradoras, y en las recomendaciones de autores consultadas, debido a la ausencia de normativa específica para cada cultivo. Además, la composición del efluente sin regenerar y la catalogación actual de la zona impiden su reutilización sin regeneración previa, aunque la cantidad de agua es suficiente para abastecer el riego de toda la temporada de la zona de estudio. Los parámetros tenidos en cuenta a la hora de elegir los tratamientos de regeneración más adecuados han sido aquellos que sobrepasaban su límite legislado o recomendado (huevos de nematodos, Escherichia coli, coliformes totales y manganeso), y otros importantes debido a la catalogación de la zona como sensible y vulnerable (fósforo y compuestos del nitrógeno). Ambos procesos de regeneración han disminuido todos los parámetros por debajo de su límite máximo legislado o recomendado, excepto el manganeso tras la cloración, que no ha alcanzado un valor por debajo de su máximo recomendado. La cloración es la opción más viable económicamente, y aunque puede generar compuestos tóxicos, precisa de menor coste inicial, energía y mantenimiento.</dc:description>
  <dc:format>pdf</dc:format>
  <dc:language>spa</dc:language>
  <dc:type>info:eu-repo/semantics/bachelorThesis</dc:type>
  <dc:rights>by-nc-sa</dc:rights>
  <dc:rights>http://creativecommons.org/licenses/by-nc-sa/3.0/</dc:rights>
</oai_dc:dc>