<?xml version="1.0" encoding="UTF-8"?><oai_dc:dc xmlns:oai_dc="http://www.openarchives.org/OAI/2.0/oai_dc/" xmlns:dc="http://purl.org/dc/elements/1.1/" xmlns:xsi="http://www.w3.org/2001/XMLSchema-instance" xsi:schemaLocation="http://www.openarchives.org/OAI/2.0/oai_dc/ http://www.openarchives.org/OAI/2.0/oai_dc.xsd">
  <dc:creator>Arilla Francés, Elisa</dc:creator>
  <dc:creator>Nuño Morer, Felipe</dc:creator>
  <dc:title>Valoración del nivel de conocimientos que posee el personal sanitario sobre soporte vital.</dc:title>
  <dc:identifier>http://zaguan.unizar.es/record/10476</dc:identifier>
  <dc:subject>conocimientos</dc:subject>
  <dc:subject>resucitación cardiopulmonar</dc:subject>
  <dc:subject>paro cardíaco</dc:subject>
  <dc:publisher>Universidad de Zaragoza</dc:publisher>
  <dc:date>2013</dc:date>
  <dc:description>Las paradas cardiorrespiratorias (PCR) son un factor común de la práctica sanitaria, por ello enfermeros y otros profesionales sanitarios deben estar perfectamente capacitados teórica y prácticamente para solucionar este tipo de situaciones. El objetivo de este estudio es evaluar el grado de conocimientos de los sanitarios en relación a soporte vital. Para lograr este objetivo se ha utilizado una metodología descriptiva, transversal y observacional de carácter cuantitativo en una muestra de 90 profesionales sanitarios de los cuales el 87.79% son enfermeros de unidades médico quirúrgicas, médicas y de urgencias. Los resultados se han conseguido a través de un cuestionario que consta de 10 preguntas tipo test que ponen a prueba el grado de conocimientos y 4 preguntas sobre variables sociodemográficas. La participación fue del 70%; cabe destacar que las respuestas correctas no han superado el 54%, casi el 40% de los encuestados no colocaría las manos en posición correcta para hacer el masaje cardiaco y que más del 30% no conoce la secuencia de RCP. Se manifiesta un mayor conocimiento para resolver eficazmente una PCR en profesionales de 25 a 35 años que se han reciclado hace menos de dos años. En este estudio se evidencia la necesidad inmediata de preparar adecuadamente al personal sanitario y de establecer un período de tiempo máximo para reciclarse en el tema ya que cualquier duda o fallo en una situación de PCR real puede afectar la salud o incluso provocar la muerte del afectado, hecho que desencadenará problemas morales y legales.</dc:description>
  <dc:format>pdf</dc:format>
  <dc:language>spa</dc:language>
  <dc:type>info:eu-repo/semantics/bachelorThesis</dc:type>
  <dc:rights>by-nc-sa</dc:rights>
  <dc:rights>http://creativecommons.org/licenses/by-nc-sa/3.0/</dc:rights>
</oai_dc:dc>