<?xml version="1.0" encoding="UTF-8"?><oai_dc:dc xmlns:oai_dc="http://www.openarchives.org/OAI/2.0/oai_dc/" xmlns:dc="http://purl.org/dc/elements/1.1/" xmlns:xsi="http://www.w3.org/2001/XMLSchema-instance" xsi:schemaLocation="http://www.openarchives.org/OAI/2.0/oai_dc/ http://www.openarchives.org/OAI/2.0/oai_dc.xsd">
  <dc:creator>Lorenci Pera, María Pilar</dc:creator>
  <dc:creator>Moros García, María Teresa</dc:creator>
  <dc:title>Propuesta de tratamiento fisioterápico en el “Síndrome de hombro doloroso”</dc:title>
  <dc:identifier>http://zaguan.unizar.es/record/10904</dc:identifier>
  <dc:publisher>Universidad de Zaragoza</dc:publisher>
  <dc:date>2013</dc:date>
  <dc:description>El hombro doloroso es uno de los motivos más frecuentes de consulta en atención primaria y especializada. Las causas de esta manifestación son múltiples, pero con mayor frecuencia es debida a problemas de tejidos blandos periarticulares. Objetivo: Aplicar un tratamiento fisioterápico eficaz en un hombro doloroso que permita la recuperación funcional para realizar actividades específicas y actividades de la vida diaria (AVD). Disminuir el dolor, recuperar la amplitud articular y fuerza muscular, mejorar la postura y  la calidad de vida. Estudio experimental intrasujeto AB (n=1). Mujer de 31 años, presenta dolor en hombro derecho que le incapacita para realizar con normalidad su trabajo y AVD. Se realiza valoración fisioterápica biopsicosocial pre y post-tratamiento (EVA, balance articular/muscular, escalas Dash, Constant y Goldberg, test específicos del hombro). La intervención se divide en dos fases: I fase, utilizando corrientes interferenciales (CI), técnicas conservadoras en puntos gatillo (PGM), maniobras de rearmonización articular de Sohier y streching global activo (SGA). II fase, se aplican: infrarrojos (IF), vendaje neuromuscular (VNM), SGA, cinesiterapia autopasiva-activo asistida, activa libre y activo-resistida. La valoración post-tratamiento evidencia una mejora en postura, test específicos del hombro, calidad de vida y capacidad funcional. Ganancia en el balance articular y muscular. Los resultados de las escalas muestran mejoría. Conclusiones: El tratamiento fisioterápico se muestra eficaz, en este caso, en cuanto a reducción del dolor, así como mejora de la movilidad, fuerza muscular, calidad de vida y postura,  recuperando la capacidad funcional notablemente para la realización de actividades específicas y AVD.</dc:description>
  <dc:format>pdf</dc:format>
  <dc:language>spa</dc:language>
  <dc:type>info:eu-repo/semantics/bachelorThesis</dc:type>
  <dc:rights>by-nc-sa</dc:rights>
  <dc:rights>http://creativecommons.org/licenses/by-nc-sa/3.0/</dc:rights>
</oai_dc:dc>