<?xml version="1.0" encoding="UTF-8"?><oai_dc:dc xmlns:oai_dc="http://www.openarchives.org/OAI/2.0/oai_dc/" xmlns:dc="http://purl.org/dc/elements/1.1/" xmlns:xsi="http://www.w3.org/2001/XMLSchema-instance" xsi:schemaLocation="http://www.openarchives.org/OAI/2.0/oai_dc/ http://www.openarchives.org/OAI/2.0/oai_dc.xsd">
  <dc:creator>Raso Ruiz, María Yolanda</dc:creator>
  <dc:creator>González de la Cuesta, Delia María</dc:creator>
  <dc:title>Protocolo de cuidados de enfermería en el postoperatorio inmediato del trasplantado cardiaco en UCI</dc:title>
  <dc:identifier>http://zaguan.unizar.es/record/10735</dc:identifier>
  <dc:subject>protocolo </dc:subject>
  <dc:subject>trasplante cardíaco </dc:subject>
  <dc:subject>cuidados de enfermería </dc:subject>
  <dc:subject>postoperatorio inmediato </dc:subject>
  <dc:subject>UCI</dc:subject>
  <dc:publisher>Universidad de Zaragoza</dc:publisher>
  <dc:date>2013</dc:date>
  <dc:description>Tras más de 40 años de experiencia, el trasplante cardíaco (TC) ha demostrado su eficacia como una opción terapéutica que permite prolongar la supervivencia y mejorar la calidad de vida de pacientes con insuficiencia cardíaca terminal. La buena evolución del postoperatorio inmediato (PI) de estos pacientes viene determinada en gran medida por la calidad de los cuidados de enfermería prestados en la unidad de cuidados intensivos (UCI). Estos cuidados se basan principalmente en el manejo hemodinámico y respiratorio, inmunosupresión, prevención de infecciones, manejo de la herida quirúrgica, control de drenajes y sondas y atención psicológica. El objetivo principal de este Trabajo fin de grado (TFG) es diseñar un protocolo de cuidados de enfermería en el PI del trasplantado cardíaco que permita actuar de forma precisa, coordinada y homogénea. Se realizó una revisión bibliográfica en las principales bases de datos (Dialnet, Elsevier, Science Direct, Cuiden, Pubmed), en guías de práctica clínica (GPC) y en bibliotecas de la Universidad de Zaragoza. Con las recomendaciones obtenidas se elaboró un protocolo de cuidados de enfermería, basado en los protocolos que se elaboran en el Salud de Aragón. No se ha utilizado lenguaje estandarizado de enfermería. En conclusión, es fundamental la existencia de un protocolo de cuidados de enfermería en el PI del TC que permita unificar acciones y aplicar las recomendaciones más actuales.</dc:description>
  <dc:format>pdf</dc:format>
  <dc:language>spa</dc:language>
  <dc:type>info:eu-repo/semantics/bachelorThesis</dc:type>
  <dc:rights>by-nc-sa</dc:rights>
  <dc:rights>http://creativecommons.org/licenses/by-nc-sa/3.0/</dc:rights>
</oai_dc:dc>