<?xml version="1.0" encoding="UTF-8"?><oai_dc:dc xmlns:oai_dc="http://www.openarchives.org/OAI/2.0/oai_dc/" xmlns:dc="http://purl.org/dc/elements/1.1/" xmlns:xsi="http://www.w3.org/2001/XMLSchema-instance" xsi:schemaLocation="http://www.openarchives.org/OAI/2.0/oai_dc/ http://www.openarchives.org/OAI/2.0/oai_dc.xsd">
  <dc:creator>Embid Larrosa, María</dc:creator>
  <dc:creator>Pascual Aranzana, Francisco Javier</dc:creator>
  <dc:title>Caracterización Mecánica de materiales compuestos de polietileno de ultra alto peso molecular (UHMWPE) y fibras de carbono</dc:title>
  <dc:identifier>http://zaguan.unizar.es/record/10318</dc:identifier>
  <dc:subject>ensayos mecánicos de materiales compuestos</dc:subject>
  <dc:publisher>Universidad de Zaragoza</dc:publisher>
  <dc:date>2013</dc:date>
  <dc:description>En este proyecto mediante un proceso de termoconformado se han producido los compuestos de polietileno de ultra alto peso molecular (UHMWPE) reforzado con fibras de carbono a distintos porcentaje; dando como resultado muestras de fibras de carbono vírgenes e irradiadas a distintos porcentajes.  Con estas muestras se han llevado a cabo diferentes ensayos, de tracción y compresión uniaxial, de dureza Shore, “small punch” e indentación.</dc:description>
  <dc:format>pdf</dc:format>
  <dc:language>spa</dc:language>
  <dc:type>info:eu-repo/semantics/masterThesis</dc:type>
  <dc:rights>by-nc-sa</dc:rights>
  <dc:rights>http://creativecommons.org/licenses/by-nc-sa/3.0/</dc:rights>
</oai_dc:dc>