<?xml version="1.0" encoding="UTF-8"?><oai_dc:dc xmlns:oai_dc="http://www.openarchives.org/OAI/2.0/oai_dc/" xmlns:dc="http://purl.org/dc/elements/1.1/" xmlns:xsi="http://www.w3.org/2001/XMLSchema-instance" xsi:schemaLocation="http://www.openarchives.org/OAI/2.0/oai_dc/ http://www.openarchives.org/OAI/2.0/oai_dc.xsd">
  <dc:creator>Ariño Gadea, Gloria</dc:creator>
  <dc:creator>Gasch Gallén, Ángel</dc:creator>
  <dc:title>Las drogas en adolescentes: programa de educación para la salud para prevenir su consumo</dc:title>
  <dc:identifier>http://zaguan.unizar.es/record/10699</dc:identifier>
  <dc:subject>drogas</dc:subject>
  <dc:subject>adolescentes</dc:subject>
  <dc:subject>prevención escolar</dc:subject>
  <dc:publisher>Universidad de Zaragoza</dc:publisher>
  <dc:date>2013</dc:date>
  <dc:description>Los adolescentes presentan un elevado número de factores de riesgo para iniciar el consumo de drogas. Este consumo ha aumentado durante los últimos años por diferentes causas. Es por ello por lo que se hace importante el diseño de un programa de educación para la salud para prevenir su consumo en adolescentes; que es el objetivo principal de este trabajo. Se trata de un programa de prevención elaborado bajo una perspectiva integral, que trata tanto de informar a los jóvenes sobre las drogas como de potenciar hábitos de vida saludables y habilidades sociales, y proponer otras actividades de ocio, además de incluir a los padres y madres de los mismos. El programa se ha diseñado a partir del modelo de Virginia Henderson desarrollando actividades relacionadas con el mismo y mostrando una aplicación directa de la perspectiva enfermera.</dc:description>
  <dc:format>pdf</dc:format>
  <dc:language>spa</dc:language>
  <dc:type>info:eu-repo/semantics/bachelorThesis</dc:type>
  <dc:rights>by-nc-sa</dc:rights>
  <dc:rights>http://creativecommons.org/licenses/by-nc-sa/3.0/</dc:rights>
</oai_dc:dc>