<?xml version="1.0" encoding="UTF-8"?><oai_dc:dc xmlns:oai_dc="http://www.openarchives.org/OAI/2.0/oai_dc/" xmlns:dc="http://purl.org/dc/elements/1.1/" xmlns:xsi="http://www.w3.org/2001/XMLSchema-instance" xsi:schemaLocation="http://www.openarchives.org/OAI/2.0/oai_dc/ http://www.openarchives.org/OAI/2.0/oai_dc.xsd">
  <dc:creator>Peña García, Eva Luna</dc:creator>
  <dc:creator>Fernández Castel, Angélica</dc:creator>
  <dc:title>Determinación de elementos mayoritarios en refrescos de cola</dc:title>
  <dc:identifier>http://zaguan.unizar.es/record/10596</dc:identifier>
  <dc:publisher>Universidad de Zaragoza</dc:publisher>
  <dc:date>2013</dc:date>
  <dc:description>En este proyecto se lleva a cabo un estudio comparativo del contenido de potasio, magnesio, calcio y sodio presentes en diferentes refrescos de cola, tanto de las dos principales marcas del mercado como de algunas marcas blancas, comparando también en función del tipo de refresco. Para su realización se usa un espectrómetro de absorción y emisión atómica de llama, además de la medida de las muestras, también se hacen estudios de recuperación y comparación por distintos métodos de calibrado (recta de calibrado y adición estándar) y posteriormente se comparan los resultados obtenidos, tanto entre sí como con datos bibliográficos.</dc:description>
  <dc:format>pdf</dc:format>
  <dc:language>spa</dc:language>
  <dc:type>info:eu-repo/semantics/masterThesis</dc:type>
  <dc:rights>by-nc-sa</dc:rights>
  <dc:rights>http://creativecommons.org/licenses/by-nc-sa/3.0/</dc:rights>
</oai_dc:dc>