<?xml version="1.0" encoding="UTF-8"?><oai_dc:dc xmlns:oai_dc="http://www.openarchives.org/OAI/2.0/oai_dc/" xmlns:dc="http://purl.org/dc/elements/1.1/" xmlns:xsi="http://www.w3.org/2001/XMLSchema-instance" xsi:schemaLocation="http://www.openarchives.org/OAI/2.0/oai_dc/ http://www.openarchives.org/OAI/2.0/oai_dc.xsd">
  <dc:creator>Esteban Peirat, Pilar</dc:creator>
  <dc:creator>Hidalgo García, César</dc:creator>
  <dc:title>Intervención fisioterápica en el tratamiento de una fractura subcapital de húmero con impactación en acromion. A propósito de un caso</dc:title>
  <dc:identifier>http://zaguan.unizar.es/record/10898</dc:identifier>
  <dc:publisher>Universidad de Zaragoza</dc:publisher>
  <dc:date>2013</dc:date>
  <dc:description>Introducción: Los trastornos de la articulación del hombro son una causa por las cuales se recurre a la atención médica siendo, dentro de las patologías musculoesqueléticas, el tercer motivo de consulta. Las fracturas de la diáfisis del húmero asociadas al posterior proceso de hombro doloroso presentan una incidencia creciente, teniendo en cuenta los factores que predisponen a sufrirlas. Por ello, es importante el mayor conocimiento acerca de las mismas y su correcto tratamiento funcional. Objetivos: El objetivo principal de este estudio es la restitución de la movilidad funcional de la extremidad afecta del sujeto de estudio. Para ello se proponen la eliminación del dolor y el aumento de la movilidad limitada y de la fuerza muscular mediante una progresión adecuada, para que el sujeto pueda desarrollar satisfactoriamente sus actividades de la vida diaria y de ocio. Metodología: Se aplica un diseño intrasujeto (N=1) de tipo AB, realizando una medición previa al tratamiento fisioterápico y la correspondiente medición tras su aplicación para la comparación de resultados. El plan de intervención se lleva cabo a lo largo de 6 semanas. Desarrollo: Los resultados del estudio demuestran la progresión del sujeto puesto que se han cumplido los objetivos planteados. Se presenta un aumento reseñable en los rangos de movimiento activos y pasivos así como un aumento de fuerza y una disminución de los síntomas. Conclusiones: La fisioterapia es una forma de tratamiento funcional en estas patologías si la elección del tratamiento es la correcta. Se considera que el método de tratamiento aplicado es efectivo, seguro y aplicable a lesiones similares.</dc:description>
  <dc:format>pdf</dc:format>
  <dc:language>spa</dc:language>
  <dc:type>info:eu-repo/semantics/bachelorThesis</dc:type>
  <dc:rights>by-nc-sa</dc:rights>
  <dc:rights>http://creativecommons.org/licenses/by-nc-sa/3.0/</dc:rights>
</oai_dc:dc>