<?xml version="1.0" encoding="UTF-8"?><oai_dc:dc xmlns:oai_dc="http://www.openarchives.org/OAI/2.0/oai_dc/" xmlns:dc="http://purl.org/dc/elements/1.1/" xmlns:xsi="http://www.w3.org/2001/XMLSchema-instance" xsi:schemaLocation="http://www.openarchives.org/OAI/2.0/oai_dc/ http://www.openarchives.org/OAI/2.0/oai_dc.xsd">
  <dc:creator>Mayoral Campos, Victoria</dc:creator>
  <dc:creator>Madariaga Ruiz, Blanca</dc:creator>
  <dc:title>Utilidad del índice de severidad obtenido en TC para la valoración de pancreatitis aguda</dc:title>
  <dc:identifier>http://zaguan.unizar.es/record/11116</dc:identifier>
  <dc:subject>índice de severidad</dc:subject>
  <dc:subject>pancreatitis aguda</dc:subject>
  <dc:subject>tomografía computarizada (tc)</dc:subject>
  <dc:publisher>Universidad de Zaragoza</dc:publisher>
  <dc:date>2013</dc:date>
  <dc:description>La pancreatitis aguda es un proceso inflamatorio agudo de la glándula pancreática frecuente en nuestra sociedad. Su presentación clínica es muy variable y en algunos casos tiene una morbimortalidad importante. La TC con contraste intravenoso ha demostrado ser de gran utilidad para el diagnóstico de la enfermedad permitiendo establecer un índice de severidad. En nuestro trabajo, evaluamos la utilidad del índice de severidad obtenido mediante TC como factor predictivo del desarrollo de complicaciones, así como correlacionamos este índice de severidad con los días de hospitalización.</dc:description>
  <dc:format>pdf</dc:format>
  <dc:language>spa</dc:language>
  <dc:type>info:eu-repo/semantics/masterThesis</dc:type>
  <dc:rights>by-nc-sa</dc:rights>
  <dc:rights>http://creativecommons.org/licenses/by-nc-sa/3.0/</dc:rights>
</oai_dc:dc>