<?xml version="1.0" encoding="UTF-8"?><oai_dc:dc xmlns:oai_dc="http://www.openarchives.org/OAI/2.0/oai_dc/" xmlns:dc="http://purl.org/dc/elements/1.1/" xmlns:xsi="http://www.w3.org/2001/XMLSchema-instance" xsi:schemaLocation="http://www.openarchives.org/OAI/2.0/oai_dc/ http://www.openarchives.org/OAI/2.0/oai_dc.xsd">
  <dc:creator>Vicente González, Carlos</dc:creator>
  <dc:creator>González Bedia, Manuel</dc:creator>
  <dc:creator>Serón Arbeloa, Francisco José</dc:creator>
  <dc:title>Nuevas funcionalidades en la arquitectura Cera-Cranium para el control de un agente inteligente en el entorno del videojuego Unreal Tournament 2004</dc:title>
  <dc:identifier>http://zaguan.unizar.es/record/10648</dc:identifier>
  <dc:subject>inteligencia artificial</dc:subject>
  <dc:subject>videojuegos</dc:subject>
  <dc:subject>sistemas cognitivos</dc:subject>
  <dc:subject>agentes</dc:subject>
  <dc:publisher>Universidad de Zaragoza</dc:publisher>
  <dc:date>2013</dc:date>
  <dc:description>En este proyecto se pretende implementar un agente inteligente (bot) para videojuegos de acción en primera persona, que tome decisiones utilizando un controlador basado en una arquitectura cognitiva.  Las arquitecturas cognitivas, desde su origen, han buscado modelar el comportamiento y estructura de agentes inteligentes considerados como modelos integrados, es decir, arquitecturas donde se articulen procesos de razonamiento, planificación, aprendizaje, etc. de un modo unificado. Utilizando como base la arquitectura CERA-CRANIUM se pretende mejorar dicha arquitectura para cumplir la definición de arquitectura cognitiva dada por Vernon, Meta y Sandini y mejorar su valoración en la escala ConScale de evaluación de implementaciones de conciencia artificial. El entorno de simulación elegido para este proyecto es el videojuego Unreal Tournament 2004 (UT2004). Esta elección vino motivada por la existencia del concurso a nivel mundial "BotPrize", consistente en la implementación de un bot para UT2004 que simule el comportamiento humano. Las herramientas utilizadas son el videojuego UT2004 junto con la ampliación Gamebots 2004 (que permite ejecutar bots en el videojuego) y la plataforma Pogamut 3, que permite programar al agente virtual en el lenguaje de programación Java, y conectarlo y recibir información del videojuego. De entre las nuevas implementaciones realizadas podríamos destacar la integración de un sistema de toma de decisiones para controlar el funcionamiento del bot basado en Soar que reproduce mecanismos de cambio de estrategia ante el reconocimiento de modificaciones en el entorno, aprendiendo de su propia experiencia mediante “aprendizaje por refuerzo” así como una mejor simulación del comportamiento humano gracias a la implementación de algunos comportamientos de inspiración emocional. Para comprobar la efectividad de estas mejoras, se ha preparado un experimento siguiendo los estándares del concurso “BotPrize”.</dc:description>
  <dc:format>pdf</dc:format>
  <dc:language>spa</dc:language>
  <dc:type>info:eu-repo/semantics/masterThesis</dc:type>
  <dc:rights>by-nc-sa</dc:rights>
  <dc:rights>http://creativecommons.org/licenses/by-nc-sa/3.0/</dc:rights>
</oai_dc:dc>