<?xml version="1.0" encoding="UTF-8"?><oai_dc:dc xmlns:oai_dc="http://www.openarchives.org/OAI/2.0/oai_dc/" xmlns:dc="http://purl.org/dc/elements/1.1/" xmlns:xsi="http://www.w3.org/2001/XMLSchema-instance" xsi:schemaLocation="http://www.openarchives.org/OAI/2.0/oai_dc/ http://www.openarchives.org/OAI/2.0/oai_dc.xsd">
  <dc:creator>Hornero Royo, Sonia</dc:creator>
  <dc:creator>Pedrosa Alquézar, Sonia Isabel</dc:creator>
  <dc:title>Prevención de Riesgos Psicosociales en las Comunidades Autónomas: Un Estudio de la Acción Institucional</dc:title>
  <dc:identifier>http://zaguan.unizar.es/record/10322</dc:identifier>
  <dc:publisher>Universidad de Zaragoza</dc:publisher>
  <dc:date>2013</dc:date>
  <dc:description>Analisis comparativo del trato que las Administraciones de las distintas Comunidades Autonomas hacen respecto de los Riesgos Psicosociales en sus Estrategias de Seguridad y Salud, analizandolas individualmente incluyendo en el mismo las actividades desarrolladas por los Institutos de Seguridad y Salud de la Comunidad y de otras organizaciones como pueden ser Federaciones de Empresarios. Finalizando con una analisis final comparando el trato que las Distintas Comunidades Autonomas con el fin de observar y concluir cuales son las Comunidades que mas abordan este tema poniendo medidas y estrategias para limitar o Extinguir en la medida de lo posible los Riesgos Psicosociales que afectan a los trabajadores de su comunidad.</dc:description>
  <dc:format>pdf</dc:format>
  <dc:language>spa</dc:language>
  <dc:type>info:eu-repo/semantics/masterThesis</dc:type>
  <dc:rights>by-nc-sa</dc:rights>
  <dc:rights>http://creativecommons.org/licenses/by-nc-sa/3.0/</dc:rights>
</oai_dc:dc>