<?xml version="1.0" encoding="UTF-8"?><oai_dc:dc xmlns:oai_dc="http://www.openarchives.org/OAI/2.0/oai_dc/" xmlns:dc="http://purl.org/dc/elements/1.1/" xmlns:xsi="http://www.w3.org/2001/XMLSchema-instance" xsi:schemaLocation="http://www.openarchives.org/OAI/2.0/oai_dc/ http://www.openarchives.org/OAI/2.0/oai_dc.xsd">
  <dc:creator>Roy Marco, Rosa María</dc:creator>
  <dc:creator>Ezpeleta Tarín, Jesús</dc:creator>
  <dc:title>Análisis del Departamento de RRHH de la Empresa Proma Hispania,S.A.</dc:title>
  <dc:identifier>http://zaguan.unizar.es/record/11102</dc:identifier>
  <dc:subject>negociación colectiva</dc:subject>
  <dc:subject>recursos humanos</dc:subject>
  <dc:publisher>Universidad de Zaragoza</dc:publisher>
  <dc:date>2013</dc:date>
  <dc:description>El trabajo presentado, analiza la realidad de una Empresa, desde dos visiones diferentes por su contenido, el papel que desempeña el Departamento de Recursos Humanos y la Negociación Colectiva, vista  desde la perspectiva del Convenio de Empresa. Los dos departamentos en los que hemos centrado el trabajo, el de Relaciones laborales y el de Compensación y Beneficios,  los consideramos determinantes para concebir una buena política integradora de las personas en la organización, por ser los trabajadores y las trabajadoras la columna vertebral que sustenta el futuro estable de la compañía. La empresa, es una auxiliar del sector de componentes del automóvil, de capital Italiano, sector muy maduro y con experiencias avanzadas en el ámbito mercantil.</dc:description>
  <dc:format>pdf</dc:format>
  <dc:language>spa</dc:language>
  <dc:type>info:eu-repo/semantics/bachelorThesis</dc:type>
  <dc:rights>by-nc-sa</dc:rights>
  <dc:rights>http://creativecommons.org/licenses/by-nc-sa/3.0/</dc:rights>
</oai_dc:dc>