<?xml version="1.0" encoding="UTF-8"?><oai_dc:dc xmlns:oai_dc="http://www.openarchives.org/OAI/2.0/oai_dc/" xmlns:dc="http://purl.org/dc/elements/1.1/" xmlns:xsi="http://www.w3.org/2001/XMLSchema-instance" xsi:schemaLocation="http://www.openarchives.org/OAI/2.0/oai_dc/ http://www.openarchives.org/OAI/2.0/oai_dc.xsd">
  <dc:creator>Prades Martínez, Laura</dc:creator>
  <dc:creator>Pellejero Álvarez, Santiago Ángel</dc:creator>
  <dc:title>Plan de intervención fisioterápica en un paciente con amputación supracondílea y diabetes tipo 2</dc:title>
  <dc:identifier>http://zaguan.unizar.es/record/10905</dc:identifier>
  <dc:subject>amputación</dc:subject>
  <dc:subject>calidad de vida</dc:subject>
  <dc:subject>miembro fantasma</dc:subject>
  <dc:subject>actividades de la vida diaria</dc:subject>
  <dc:subject>fisioterapia</dc:subject>
  <dc:publisher>Universidad de Zaragoza</dc:publisher>
  <dc:date>2013</dc:date>
  <dc:description>Una amputación es una condición adquirida cuyo resultado es la pérdida de una extremidad y cuya causa suele ser una lesión, una enfermedad o una operación quirúrgica destructiva. Extirpa pero no cura, aunque puede convertirse en constructiva cuando suprime la incapacidad y la enfermedad y restituye la capacidad y comodidad. Las complicaciones pueden ser precoces o tardías, entre las que destaca, en un 70% de los casos, la sensación de miembro fantasma. La fisioterapia representa una parte importante en el tratamiento.</dc:description>
  <dc:format>pdf</dc:format>
  <dc:language>spa</dc:language>
  <dc:type>info:eu-repo/semantics/bachelorThesis</dc:type>
  <dc:rights>by-nc-sa</dc:rights>
  <dc:rights>http://creativecommons.org/licenses/by-nc-sa/3.0/</dc:rights>
</oai_dc:dc>