<?xml version="1.0" encoding="UTF-8"?><oai_dc:dc xmlns:oai_dc="http://www.openarchives.org/OAI/2.0/oai_dc/" xmlns:dc="http://purl.org/dc/elements/1.1/" xmlns:xsi="http://www.w3.org/2001/XMLSchema-instance" xsi:schemaLocation="http://www.openarchives.org/OAI/2.0/oai_dc/ http://www.openarchives.org/OAI/2.0/oai_dc.xsd">
  <dc:creator>Martín-Ballestero Lebrero, Pablo</dc:creator>
  <dc:creator>Laborda Soriano, Ana Alejandra</dc:creator>
  <dc:title>Plan de intervención de fisioterapia de fractura subcapital de húmero</dc:title>
  <dc:identifier>http://zaguan.unizar.es/record/10913</dc:identifier>
  <dc:subject>rehabilitación</dc:subject>
  <dc:subject>reeducación funcional</dc:subject>
  <dc:subject>hombro</dc:subject>
  <dc:publisher>Universidad de Zaragoza</dc:publisher>
  <dc:date>2013</dc:date>
  <dc:description>Introducción: Las fracturas del tercio proximal de húmero representan el 5% de las fracturas totales, a la vez que llegan a ser el 45% de las fracturas que suceden en este hueso. Entre las razones que llevan al traumatólogo a escoger un tratamiento conservador o quirúrgico están criterios como la edad o los requisitos funcionales del paciente tras la lesión. La colocación de placas de fijación con estabilidad angular persigue una fijación estable de la fractura para favorecer la movilización precoz y la rehabilitación correcta, ya que se asegura una buena fijación de la cabeza humeral y sus fragmentos. Sin embargo, esta intervención requiere experiencia clínica para no ocasionar complicaciones. Objetivos: Crear un plan de intervención de fisioterapia que garantice la independencia en las AVD del paciente, lo que requerirá la adquisición de objetivos secundarios tales como la disminución del dolor, el fortalecimiento muscular, el aumento de los rangos de movimiento y el tratamiento del tejido blando y de la cicatriz. Metodología: Se trata de un caso clínico aplicado sobre un único sujeto sobre el que se realiza una medición inicial de las variables dependientes, se aplica el tratamiento y se valora su evolución. Desarrollo: Se realiza la intervención, observándose como las variables dependientes evolucionan a un ritmo menor de lo esperado debido a una mala reducción de la fractura. Conclusiones: El plan de intervención de fisioterapia ha supuesto una mejoría del dolor y la capacidad funcional de la paciente sin que ésta sea definitiva debido a la necesidad de una nueva intervención quirúrgica. Habrá que enfatizar en la reeducación funcional de la articulación para conseguir una secuencia de activación muscular correcta que disocie escápula de húmero.</dc:description>
  <dc:format>pdf</dc:format>
  <dc:language>spa</dc:language>
  <dc:type>info:eu-repo/semantics/bachelorThesis</dc:type>
  <dc:rights>by-nc-sa</dc:rights>
  <dc:rights>http://creativecommons.org/licenses/by-nc-sa/3.0/</dc:rights>
</oai_dc:dc>