<?xml version="1.0" encoding="UTF-8"?><oai_dc:dc xmlns:oai_dc="http://www.openarchives.org/OAI/2.0/oai_dc/" xmlns:dc="http://purl.org/dc/elements/1.1/" xmlns:xsi="http://www.w3.org/2001/XMLSchema-instance" xsi:schemaLocation="http://www.openarchives.org/OAI/2.0/oai_dc/ http://www.openarchives.org/OAI/2.0/oai_dc.xsd">
  <dc:creator>Sancho Parra, Natalia</dc:creator>
  <dc:creator>Chocarro Escanero, María Pilar</dc:creator>
  <dc:title>Valoración sobre la variabilidad práctica en la extracción de hemocultivos de las enfermeras del Hospital General "Obispo Polanco" de Teruel de marzo de 2013 a mayo de 2013</dc:title>
  <dc:identifier>http://zaguan.unizar.es/record/10668</dc:identifier>
  <dc:publisher>Universidad de Zaragoza</dc:publisher>
  <dc:date>2013</dc:date>
  <dc:description>Las enfermedades infecciosas son un problema de gran magnitud. Las bacteriemias constituyen un problema de salud serio, aumentando la morbilidad del paciente entre 20 y 60%. Para poder aplicar un tratamiento satisfactorio es necesario un medio diagnostico fiable: hemocultivos. Los hemocultivos son un cultivo microbiológico de una muestra de sangre obtenida por una punción independiente. Los resultados del hemocultivo y por consiguiente el tratamiento de elección para tratar al paciente esta muy ligado a la forma de extraer la muestra. La mala praxis de los profesionales de enfermería, el poco tiempo del que se dispone, el inapropiado momento de extracción, son factores que contribuyen a que el hemocultivo de cómo resultado falso positivo, es decir, contaminado. Los objetivos que se pretenden alcanzar con este estudio son valorar el grado de cumplimiento de las recomendaciones a cerca de la técnica de extracción de hemocultivos, conocer la variabilidad práctica en la extracción y conocer los datos de hemocultivos contaminados en el Hospital "Obispo Polanco" de Teruel. Datos facilitados por el departamento de microbiología del Hospital General "Obispo Polanco" de Teruel concluyen que en este hospital el porcentaje de hemocultivos contaminados es de 5´7%, casi el doble de lo que se acepta en el medio hospitalario que es un 3% de contaminación. En este mismo hospital se ha realizado una encuesta sobre el procedimiento que siguen los profesionales para la toma de la muestra. Ha habido un 52´67% de participación de un total de 150 encuestas entregadas a las enfermeras. A partir de esta encuesta se llega a la conclusión de que la variabilidad práctica en la extracción de hemocultivos puede guardar relación con el elevado porcentaje de contaminación.</dc:description>
  <dc:format>pdf</dc:format>
  <dc:language>spa</dc:language>
  <dc:type>info:eu-repo/semantics/bachelorThesis</dc:type>
  <dc:rights>by-nc-sa</dc:rights>
  <dc:rights>http://creativecommons.org/licenses/by-nc-sa/3.0/</dc:rights>
</oai_dc:dc>